Date;Last Price
2020-06-30 17:00:00;-49.182
2020-06-30 16:30:00;-49.125
2020-06-30 16:00:00;-49.234
2020-06-30 15:30:00;-49.188
2020-06-30 15:00:00;-49.203
2020-06-30 14:30:00;-49.196
2020-06-30 14:00:00;-49.125
2020-06-30 13:30:00;-49.268
2020-06-30 13:00:00;-49.5
2020-06-30 12:30:00;-49.5
2020-06-30 12:00:00;-49.5
2020-06-30 11:30:00;-49.444
2020-06-30 11:00:00;-49.392
2020-06-30 10:30:00;-49.5
2020-06-30 10:00:00;-49.426
2020-06-30 09:30:00;-49.507
2020-06-30 09:00:00;-49.5
2020-06-30 08:30:00;-49.383
2020-06-30 08:00:00;-49.366
2020-06-30 07:30:00;-49.083
2020-06-30 07:00:00;-49.029
2020-06-30 06:30:00;-48.75
2020-06-30 06:00:00;-48.75
2020-06-30 05:30:00;-48.75
2020-06-30 05:00:00;-48.75
2020-06-30 04:30:00;-49
2020-06-30 04:00:00;-49
2020-06-30 03:30:00;-49
2020-06-30 03:00:00;-49
2020-06-30 02:30:00;-49
2020-06-30 02:00:00;-49
2020-06-30 01:30:00;-49.25
2020-06-30 01:00:00;-49.5
2020-06-30 00:30:00;-49.454
2020-06-30 00:00:00;-49.438
2020-06-29 23:30:00;-49.438
2020-06-29 23:00:00;-49.438
2020-06-29 22:30:00;-49.438
2020-06-29 22:00:00;-49.438
2020-06-29 21:30:00;-49.5
2020-06-29 21:00:00;-49.625
2020-06-29 20:30:00;-49.625
2020-06-29 20:00:00;-49.75
2020-06-29 19:30:00;-49.5
2020-06-29 17:00:00;-49.494
2020-06-29 16:30:00;-49.493
2020-06-29 16:00:00;-49.5
2020-06-29 15:30:00;-49.5
2020-06-29 15:00:00;-49.581
2020-06-29 14:30:00;-49.5
2020-06-29 14:00:00;-49.731
2020-06-29 13:30:00;-49.723
2020-06-29 13:00:00;-49.802
2020-06-29 12:30:00;-49.786
2020-06-29 12:00:00;-49.718
2020-06-29 11:30:00;-49.75
2020-06-29 11:00:00;-49.687
2020-06-29 10:30:00;-49.639
2020-06-29 10:00:00;-49.534
2020-06-29 09:30:00;-49.197
2020-06-29 09:00:00;-49
2020-06-29 08:30:00;-49
2020-06-29 08:00:00;-48.987
2020-06-29 07:30:00;-49
2020-06-29 07:00:00;-48.75
2020-06-29 06:30:00;-49
2020-06-29 06:00:00;-49
2020-06-29 05:30:00;-49
2020-06-29 05:00:00;-48.922
2020-06-29 04:30:00;-49
2020-06-29 04:00:00;-48.975
2020-06-29 03:30:00;-48.875
2020-06-29 03:00:00;-48.875
2020-06-29 02:30:00;-49
2020-06-29 02:00:00;-48.875
2020-06-29 01:30:00;-48.875
2020-06-29 01:00:00;-48.875
2020-06-29 00:30:00;-48.938
2020-06-29 00:00:00;-48.938
2020-06-28 23:30:00;-48.938
2020-06-28 23:00:00;-48.938
2020-06-28 22:30:00;-48.938
2020-06-28 22:00:00;-49
2020-06-28 21:30:00;-49
2020-06-28 21:00:00;-49
2020-06-28 20:30:00;-49
2020-06-28 20:00:00;-49
2020-06-28 19:30:00;-48.938
2020-06-26 16:30:00;-49
2020-06-26 16:00:00;-49.07
2020-06-26 15:30:00;-49.125
2020-06-26 15:00:00;-49
2020-06-26 14:30:00;-48.625
2020-06-26 14:00:00;-48.625
2020-06-26 13:30:00;-48.507
2020-06-26 13:00:00;-48.496
2020-06-26 12:30:00;-48.495
2020-06-26 12:00:00;-48.301
2020-06-26 11:30:00;-48.296
2020-06-26 11:00:00;-48.375
2020-06-26 10:30:00;-48.375
2020-06-26 10:00:00;-48.375
2020-06-26 09:30:00;-48.375
2020-06-26 09:00:00;-48.457
2020-06-26 08:30:00;-48.459
2020-06-26 08:00:00;-48.475
2020-06-26 07:30:00;-48.407
2020-06-26 07:00:00;-48.75
2020-06-26 06:30:00;-48.75
2020-06-26 06:00:00;-48.75
2020-06-26 05:30:00;-48.5
2020-06-26 05:00:00;-48.5
2020-06-26 04:30:00;-48.5
2020-06-26 04:00:00;-48.5
2020-06-26 03:30:00;-48.5
2020-06-26 03:00:00;-48.5
2020-06-26 02:30:00;-48.5
2020-06-26 02:00:00;-48.5
2020-06-26 01:30:00;-48.5
2020-06-26 01:00:00;-48.5
2020-06-26 00:30:00;-48.505
2020-06-26 00:00:00;-48.5
2020-06-25 23:30:00;-48.5
2020-06-25 23:00:00;-48.5
2020-06-25 22:30:00;-48.5
2020-06-25 22:00:00;-48.5
2020-06-25 21:30:00;-48.535
2020-06-25 21:00:00;-48.493
2020-06-25 20:30:00;-48.5
2020-06-25 20:00:00;-48.5
2020-06-25 17:30:00;-48.5
2020-06-25 17:00:00;-48.5
2020-06-25 16:30:00;-48.5
2020-06-25 16:00:00;-48.5
2020-06-25 15:30:00;-48.5
2020-06-25 15:00:00;-48.5
2020-06-25 14:30:00;-48.45
2020-06-25 14:00:00;-48.5
2020-06-25 13:30:00;-48.625
2020-06-25 13:00:00;-48.639
2020-06-25 12:30:00;-48.629
2020-06-25 12:00:00;-48.639
2020-06-25 11:30:00;-48.713
2020-06-25 11:00:00;-48.5
2020-06-25 10:30:00;-48.432
2020-06-25 10:00:00;-48.452
2020-06-25 09:30:00;-48.26
2020-06-25 09:00:00;-48.26
2020-06-25 08:30:00;-48.226
2020-06-25 08:00:00;-48.055
2020-06-25 07:30:00;-48
2020-06-25 07:00:00;-48
2020-06-25 06:30:00;-48
2020-06-25 06:00:00;-48
2020-06-25 05:30:00;-48
2020-06-25 05:00:00;-48.025
2020-06-25 04:30:00;-48
2020-06-25 04:00:00;-47.75
2020-06-25 03:30:00;-47.8
2020-06-25 03:00:00;-47.75
2020-06-25 02:30:00;-47.75
2020-06-25 02:00:00;-47.875
2020-06-25 01:30:00;-47.875
2020-06-25 01:00:00;-47.875
2020-06-25 00:30:00;-47.875
2020-06-25 00:00:00;-47.938
2020-06-24 23:30:00;-48
2020-06-24 23:00:00;-48
2020-06-24 22:30:00;-48
2020-06-24 22:00:00;-48
2020-06-24 21:30:00;-47.975
2020-06-24 21:00:00;-47.938
2020-06-24 20:30:00;-48
2020-06-24 20:00:00;-48
2020-06-24 17:00:00;-48.125
2020-06-24 16:30:00;-48.043
2020-06-24 16:00:00;-48.125
2020-06-24 15:30:00;-48.313
2020-06-24 15:00:00;-48.355
2020-06-24 14:30:00;-48.25
2020-06-24 14:00:00;-48.25
2020-06-24 13:30:00;-48.365
2020-06-24 13:00:00;-48.25
2020-06-24 12:30:00;-48.25
2020-06-24 12:00:00;-48.375
2020-06-24 11:30:00;-48.375
2020-06-24 11:00:00;-48.371
2020-06-24 10:30:00;-48.058
2020-06-24 10:00:00;-48
2020-06-24 09:30:00;-47.811
2020-06-24 09:00:00;-47.853
2020-06-24 08:30:00;-47.912
2020-06-24 08:00:00;-47.933
2020-06-24 07:30:00;-48.095
2020-06-24 07:00:00;-48.027
2020-06-24 06:30:00;-48
2020-06-24 06:00:00;-48.25
2020-06-24 05:30:00;-48.25
2020-06-24 05:00:00;-48.25
2020-06-24 04:30:00;-48.25
2020-06-24 04:00:00;-48.25
2020-06-24 03:30:00;-48.725
2020-06-24 03:00:00;-48.688
2020-06-24 02:30:00;-48.75
2020-06-24 02:00:00;-48.688
2020-06-24 01:30:00;-48.75
2020-06-24 01:00:00;-48.75
2020-06-24 00:30:00;-48.75
2020-06-24 00:00:00;-48.75
2020-06-23 23:30:00;-48.75
2020-06-23 23:00:00;-48.75
2020-06-23 22:30:00;-48.75
2020-06-23 22:00:00;-48.75
2020-06-23 21:30:00;-48.75
2020-06-23 21:00:00;-48.75
2020-06-23 20:30:00;-48.75
2020-06-23 20:00:00;-48.75
2020-06-23 19:30:00;-48.75
2020-06-23 17:30:00;-48.75
2020-06-23 17:00:00;-48.75
2020-06-23 16:30:00;-48.75
2020-06-23 16:00:00;-48.75
2020-06-23 15:30:00;-49
2020-06-23 15:00:00;-49
2020-06-23 14:30:00;-49.05
2020-06-23 14:00:00;-49
2020-06-23 13:30:00;-49
2020-06-23 13:00:00;-49
2020-06-23 12:30:00;-49.075
2020-06-23 12:00:00;-48.615
2020-06-23 11:30:00;-48.5
2020-06-23 11:00:00;-48.606
2020-06-23 10:30:00;-48.5
2020-06-23 10:00:00;-48.662
2020-06-23 09:30:00;-48.476
2020-06-23 09:00:00;-48.438
2020-06-23 08:30:00;-47.809
2020-06-23 08:00:00;-48
2020-06-23 07:30:00;-48
2020-06-23 07:00:00;-48.2
2020-06-23 06:30:00;-48.375
2020-06-23 06:00:00;-48
2020-06-23 05:30:00;-48
2020-06-23 05:00:00;-48
2020-06-23 04:30:00;-48
2020-06-23 04:00:00;-48.25
2020-06-23 03:30:00;-48.5
2020-06-23 03:00:00;-48.5
2020-06-23 02:30:00;-48.5
2020-06-23 02:00:00;-48.5
2020-06-23 01:30:00;-48.478
2020-06-23 01:00:00;-48.5
2020-06-23 00:30:00;-48.5
2020-06-23 00:00:00;-48.5
2020-06-22 23:30:00;-48.375
2020-06-22 23:00:00;-48.5
2020-06-22 22:30:00;-48.375
2020-06-22 22:00:00;-48.375
2020-06-22 21:30:00;-48.566
2020-06-22 21:00:00;-48.5
2020-06-22 20:30:00;-48.5
2020-06-22 20:00:00;-48.5
2020-06-22 19:30:00;-48.5
2020-06-22 17:30:00;-48.5
2020-06-22 17:00:00;-48.5
2020-06-22 16:30:00;-48.5
2020-06-22 16:00:00;-48.75
2020-06-22 15:30:00;-49
2020-06-22 15:00:00;-49.25
2020-06-22 14:30:00;-49.25
2020-06-22 14:00:00;-49.375
2020-06-22 13:30:00;-49.625
2020-06-22 13:00:00;-49.625
2020-06-22 12:30:00;-49.75
2020-06-22 12:00:00;-49.625
2020-06-22 11:30:00;-49.625
2020-06-22 11:00:00;-49.625
2020-06-22 10:30:00;-49.75
2020-06-22 10:00:00;-49.75
2020-06-22 09:30:00;-49.75
2020-06-22 09:00:00;-49.688
2020-06-22 08:30:00;-49.75
2020-06-22 08:00:00;-49.5
2020-06-22 07:30:00;-49.5
2020-06-22 07:00:00;-49.5
2020-06-22 06:30:00;-49.75
2020-06-22 06:00:00;-49.75
2020-06-22 05:30:00;-49.75
2020-06-22 05:00:00;-49.75
2020-06-22 04:30:00;-49.75
2020-06-22 04:00:00;-49.75
2020-06-22 03:30:00;-49.75
2020-06-22 03:00:00;-49.75
2020-06-22 02:30:00;-49.75
2020-06-22 02:00:00;-49.875
2020-06-22 01:30:00;-49.875
2020-06-22 01:00:00;-49.875
2020-06-22 00:30:00;-49.859
2020-06-22 00:00:00;-49.875
2020-06-21 23:30:00;-49.875
2020-06-21 23:00:00;-49.75
2020-06-21 22:30:00;-49.875
2020-06-21 22:00:00;-49.75
2020-06-21 21:30:00;-49.875
2020-06-21 21:00:00;-49.75
2020-06-21 20:30:00;-49.788
2020-06-21 20:00:00;-49.75
2020-06-21 19:30:00;-49.75
2020-06-19 16:30:00;-49.725
2020-06-19 16:00:00;-49.639
2020-06-19 15:30:00;-49.7
2020-06-19 15:00:00;-49.75
2020-06-19 14:30:00;-49.75
2020-06-19 14:00:00;-49.62
2020-06-19 13:30:00;-49.121
2020-06-19 13:00:00;-48.975
2020-06-19 12:30:00;-49.188
2020-06-19 12:00:00;-49.188
2020-06-19 11:30:00;-49.125
2020-06-19 11:00:00;-49.25
2020-06-19 10:30:00;-49.225
2020-06-19 10:00:00;-49.777
2020-06-19 09:30:00;-49.938
2020-06-19 09:00:00;-50
2020-06-19 08:30:00;-50.125
2020-06-19 08:00:00;-49.986
2020-06-19 07:30:00;-50
2020-06-19 07:00:00;-50
2020-06-19 06:30:00;-50
2020-06-19 06:00:00;-50
2020-06-19 05:30:00;-50
2020-06-19 05:00:00;-50
2020-06-19 04:30:00;-50
2020-06-19 04:00:00;-50
2020-06-19 03:30:00;-50
2020-06-19 03:00:00;-50
2020-06-19 02:30:00;-50
2020-06-19 02:00:00;-49.938
2020-06-19 01:30:00;-49.875
2020-06-19 01:00:00;-49.875
2020-06-19 00:30:00;-49.875
2020-06-19 00:00:00;-49.938
2020-06-18 23:30:00;-49.938
2020-06-18 23:00:00;-49.938
2020-06-18 22:30:00;-49.938
2020-06-18 22:00:00;-49.938
2020-06-18 21:30:00;-50
2020-06-18 21:00:00;-50
2020-06-18 20:30:00;-50
2020-06-18 20:00:00;-50
2020-06-18 19:30:00;-50
2020-06-18 19:00:00;-50
2020-06-18 17:30:00;-50
2020-06-18 17:00:00;-50
2020-06-18 16:30:00;-49.906
2020-06-18 16:00:00;-50
2020-06-18 15:30:00;-50
2020-06-18 15:00:00;-50.021
2020-06-18 14:30:00;-50.25
2020-06-18 14:00:00;-50.188
2020-06-18 13:30:00;-50.239
2020-06-18 13:00:00;-50.196
2020-06-18 12:30:00;-50.125
2020-06-18 12:00:00;-50.25
2020-06-18 11:30:00;-50.438
2020-06-18 11:00:00;-50.545
2020-06-18 10:30:00;-50.544
2020-06-18 10:00:00;-50.563
2020-06-18 09:30:00;-50.25
2020-06-18 09:00:00;-50.375
2020-06-18 08:30:00;-50.712
2020-06-18 08:00:00;-50.375
2020-06-18 07:30:00;-50.25
2020-06-18 07:00:00;-50.25
2020-06-18 06:30:00;-50.25
2020-06-18 06:00:00;-50.25
2020-06-18 05:30:00;-50.25
2020-06-18 05:00:00;-50.25
2020-06-18 04:30:00;-50.25
2020-06-18 04:00:00;-50.25
2020-06-18 03:30:00;-50.25
2020-06-18 03:00:00;-50.25
2020-06-18 02:30:00;-50.5
2020-06-18 02:00:00;-50.5
2020-06-18 01:30:00;-50.5
2020-06-18 01:00:00;-50.25
2020-06-18 00:30:00;-50.25
2020-06-18 00:00:00;-50.25
2020-06-17 23:30:00;-50.5
2020-06-17 23:00:00;-50.5
2020-06-17 22:30:00;-50.5
2020-06-17 22:00:00;-50.5
2020-06-17 21:30:00;-50.75
2020-06-17 21:00:00;-50.75
2020-06-17 20:30:00;-50.5
2020-06-17 20:00:00;-50.5
2020-06-17 19:30:00;-50.5
2020-06-17 19:00:00;-50.5
2020-06-17 17:30:00;-50.575
2020-06-17 17:00:00;-50.575
2020-06-17 16:30:00;-50.578
2020-06-17 16:00:00;-50.625
2020-06-17 15:30:00;-50.5
2020-06-17 15:00:00;-50.599
2020-06-17 14:30:00;-50.625
2020-06-17 14:00:00;-50.621
2020-06-17 13:30:00;-50.5
2020-06-17 13:00:00;-50.75
2020-06-17 12:30:00;-51.125
2020-06-17 12:00:00;-51
2020-06-17 11:30:00;-50.813
2020-06-17 11:00:00;-50.75
2020-06-17 10:30:00;-50.75
2020-06-17 10:00:00;-50.959
2020-06-17 09:30:00;-50.877
2020-06-17 09:00:00;-50.619
2020-06-17 08:30:00;-50.618
2020-06-17 08:00:00;-50.535
2020-06-17 07:30:00;-50.5
2020-06-17 07:00:00;-50.5
2020-06-17 06:30:00;-50.275
2020-06-17 06:00:00;-50.5
2020-06-17 05:30:00;-50.5
2020-06-17 05:00:00;-50.5
2020-06-17 04:30:00;-50.625
2020-06-17 04:00:00;-50.5
2020-06-17 03:30:00;-50.75
2020-06-17 03:00:00;-50.75
2020-06-17 02:30:00;-50.25
2020-06-17 02:00:00;-50
2020-06-17 01:30:00;-50.063
2020-06-17 01:00:00;-50
2020-06-17 00:30:00;-49.5
2020-06-17 00:00:00;-49.5
2020-06-16 23:30:00;-49.5
2020-06-16 23:00:00;-49.5
2020-06-16 22:30:00;-49.5
2020-06-16 22:00:00;-49.5
2020-06-16 21:30:00;-49.5
2020-06-16 21:00:00;-49.5
2020-06-16 20:30:00;-49.5
2020-06-16 20:00:00;-49.75
2020-06-16 19:30:00;-49.75
2020-06-16 19:00:00;-49.5
2020-06-16 17:30:00;-49.5
2020-06-16 17:00:00;-49.475
2020-06-16 16:30:00;-49.438
2020-06-16 16:00:00;-49.5
2020-06-16 15:30:00;-49.375
2020-06-16 15:00:00;-49.475
2020-06-16 14:30:00;-49.468
2020-06-16 14:00:00;-49.518
2020-06-16 13:30:00;-49.5
2020-06-16 13:00:00;-49.375
2020-06-16 12:30:00;-48.875
2020-06-16 12:00:00;-48.845
2020-06-16 11:30:00;-48.526
2020-06-16 11:00:00;-48.475
2020-06-16 10:30:00;-48.458
2020-06-16 10:00:00;-48.75
2020-06-16 09:30:00;-48.75
2020-06-16 09:00:00;-48.85
2020-06-16 08:30:00;-48.648
2020-06-16 08:00:00;-48.825
2020-06-16 07:30:00;-48.64
2020-06-16 07:00:00;-48.75
2020-06-16 06:30:00;-48.75
2020-06-16 06:00:00;-48.75
2020-06-16 05:30:00;-48.75
2020-06-16 05:00:00;-48.75
2020-06-16 04:30:00;-48.75
2020-06-16 04:00:00;-48.813
2020-06-16 03:30:00;-49
2020-06-16 03:00:00;-48.5
2020-06-16 02:30:00;-48.5
2020-06-16 02:00:00;-48.438
2020-06-16 01:30:00;-48.438
2020-06-16 01:00:00;-48.375
2020-06-16 00:30:00;-48.25
2020-06-16 00:00:00;-48.25
2020-06-15 23:30:00;-48.25
2020-06-15 23:00:00;-48.375
2020-06-15 22:30:00;-48.25
2020-06-15 22:00:00;-48.375
2020-06-15 21:30:00;-48.25
2020-06-15 21:00:00;-48.438
2020-06-15 20:30:00;-48.438
2020-06-15 20:00:00;-48.5
2020-06-15 19:30:00;-48.476
2020-06-15 19:00:00;-48.5
2020-06-15 17:00:00;-48.5
2020-06-15 16:30:00;-48.5
2020-06-15 16:00:00;-48.5
2020-06-15 15:30:00;-48.5
2020-06-15 15:00:00;-48.75
2020-06-15 14:30:00;-48.75
2020-06-15 14:00:00;-48.75
2020-06-15 13:30:00;-48.688
2020-06-15 13:00:00;-48.75
2020-06-15 12:30:00;-48.75
2020-06-15 12:00:00;-48.75
2020-06-15 11:30:00;-48.5
2020-06-15 11:00:00;-48.25
2020-06-15 10:30:00;-48.25
2020-06-15 10:00:00;-48.25
2020-06-15 09:30:00;-48.25
2020-06-15 09:00:00;-48.313
2020-06-15 08:30:00;-48.25
2020-06-15 08:00:00;-48.25
2020-06-15 07:30:00;-48.275
2020-06-15 07:00:00;-48.25
2020-06-15 06:30:00;-48
2020-06-15 06:00:00;-48
2020-06-15 05:30:00;-48
2020-06-15 05:00:00;-48
2020-06-15 04:30:00;-48
2020-06-15 04:00:00;-48.05
2020-06-15 03:30:00;-48
2020-06-15 03:00:00;-48.25
2020-06-15 02:30:00;-48.25
2020-06-15 02:00:00;-48.563
2020-06-15 01:30:00;-48.625
2020-06-15 01:00:00;-48.375
2020-06-15 00:30:00;-48.25
2020-06-15 00:00:00;-48.375
2020-06-14 23:30:00;-48.25
2020-06-14 23:00:00;-48.022
2020-06-14 22:30:00;-48
2020-06-14 22:00:00;-48
2020-06-14 21:30:00;-48
2020-06-14 21:00:00;-48
2020-06-14 20:30:00;-48
2020-06-14 20:00:00;-48
2020-06-14 19:30:00;-48.125
2020-06-14 19:00:00;-48.25
2020-06-12 16:30:00;-48.25
2020-06-12 16:00:00;-48.25
2020-06-12 15:30:00;-48.25
2020-06-12 15:00:00;-48.25
2020-06-12 14:30:00;-48.25
2020-06-12 14:00:00;-48.025
2020-06-12 13:30:00;-48
2020-06-12 13:00:00;-47.813
2020-06-12 12:30:00;-47.75
2020-06-12 12:00:00;-47.5
2020-06-12 11:30:00;-47.5
2020-06-12 11:00:00;-47.5
2020-06-12 10:30:00;-47.5
2020-06-12 10:00:00;-47.525
2020-06-12 09:30:00;-47.5
2020-06-12 09:00:00;-47.5
2020-06-12 08:30:00;-47.5
2020-06-12 08:00:00;-47.5
2020-06-12 07:30:00;-47.5
2020-06-12 07:00:00;-47.5
2020-06-12 06:30:00;-47.75
2020-06-12 06:00:00;-47.75
2020-06-12 05:30:00;-47.75
2020-06-12 05:00:00;-47.75
2020-06-12 04:30:00;-47.75
2020-06-12 04:00:00;-47.75
2020-06-12 03:30:00;-47.725
2020-06-12 03:00:00;-47.75
2020-06-12 02:30:00;-47.75
2020-06-12 02:00:00;-47.75
2020-06-12 01:30:00;-47.75
2020-06-12 01:00:00;-47.75
2020-06-12 00:30:00;-47.75
2020-06-12 00:00:00;-47.75
2020-06-11 23:30:00;-47.75
2020-06-11 23:00:00;-47.75
2020-06-11 22:30:00;-47.75
2020-06-11 22:00:00;-47.75
2020-06-11 21:30:00;-47.688
2020-06-11 21:00:00;-47.699
2020-06-11 20:30:00;-47.75
2020-06-11 20:00:00;-47.75
2020-06-11 19:30:00;-47.75
2020-06-11 19:00:00;-47.75
2020-06-11 17:00:00;-47.625
2020-06-11 16:30:00;-47.625
2020-06-11 16:00:00;-47.625
2020-06-11 15:30:00;-47.625
2020-06-11 15:00:00;-47.5
2020-06-11 14:30:00;-47.225
2020-06-11 14:00:00;-47.1
2020-06-11 13:30:00;-47.225
2020-06-11 13:00:00;-47.125
2020-06-11 12:30:00;-46.75
2020-06-11 12:00:00;-46.75
2020-06-11 11:30:00;-46.75
2020-06-11 11:00:00;-46.775
2020-06-11 10:30:00;-46.75
2020-06-11 10:00:00;-46.75
2020-06-11 09:30:00;-46.5
2020-06-11 09:00:00;-46.5
2020-06-11 08:30:00;-46.063
2020-06-11 08:00:00;-46.25
2020-06-11 07:30:00;-46.25
2020-06-11 07:00:00;-45.75
2020-06-11 06:30:00;-45.75
2020-06-11 06:00:00;-45.75
2020-06-11 05:30:00;-45.75
2020-06-11 05:00:00;-45.75
2020-06-11 04:30:00;-45.75
2020-06-11 04:00:00;-45.5
2020-06-11 03:30:00;-45.5
2020-06-11 03:00:00;-45.5
2020-06-11 02:30:00;-45.5
2020-06-11 02:00:00;-45.5
2020-06-11 01:30:00;-45.54
2020-06-11 01:00:00;-45.5
2020-06-11 00:30:00;-45.5
2020-06-11 00:00:00;-45.5
2020-06-10 23:30:00;-45.5
2020-06-10 23:00:00;-45.5
2020-06-10 22:30:00;-45.5
2020-06-10 22:00:00;-45.5
2020-06-10 21:30:00;-45.625
2020-06-10 21:00:00;-45.625
2020-06-10 20:30:00;-45.5
2020-06-10 20:00:00;-45.5
2020-06-10 19:30:00;-45.75
2020-06-10 19:00:00;-45.75
2020-06-10 17:00:00;-45.75
2020-06-10 16:30:00;-45.75
2020-06-10 16:00:00;-45.75
2020-06-10 15:30:00;-45.875
2020-06-10 15:00:00;-45.875
2020-06-10 14:30:00;-45.875
2020-06-10 14:00:00;-45.75
2020-06-10 13:30:00;-45.25
2020-06-10 13:00:00;-45.25
2020-06-10 12:30:00;-45.5
2020-06-10 12:00:00;-45.625
2020-06-10 11:30:00;-45.688
2020-06-10 11:00:00;-46
2020-06-10 10:30:00;-46
2020-06-10 10:00:00;-46
2020-06-10 09:30:00;-46
2020-06-10 09:00:00;-45.875
2020-06-10 08:30:00;-45.75
2020-06-10 08:00:00;-46.025
2020-06-10 07:30:00;-46
2020-06-10 07:00:00;-46
2020-06-10 06:30:00;-46.25
2020-06-10 06:00:00;-46.25
2020-06-10 05:30:00;-46.5
2020-06-10 05:00:00;-46.5
2020-06-10 04:30:00;-46.75
2020-06-10 04:00:00;-46.75
2020-06-10 03:30:00;-46.75
2020-06-10 03:00:00;-46.75
2020-06-10 02:30:00;-46.75
2020-06-10 02:00:00;-46.688
2020-06-10 01:30:00;-46.739
2020-06-10 01:00:00;-46.813
2020-06-10 00:30:00;-46.775
2020-06-10 00:00:00;-46.75
2020-06-09 23:30:00;-46.75
2020-06-09 23:00:00;-46.75
2020-06-09 22:30:00;-46.75
2020-06-09 22:00:00;-46.75
2020-06-09 21:30:00;-46.75
2020-06-09 21:00:00;-46.75
2020-06-09 20:30:00;-46.75
2020-06-09 20:00:00;-46.688
2020-06-09 17:00:00;-46.875
2020-06-09 16:30:00;-46.875
2020-06-09 16:00:00;-46.875
2020-06-09 15:30:00;-47
2020-06-09 15:00:00;-47
2020-06-09 14:30:00;-47
2020-06-09 14:00:00;-47
2020-06-09 13:30:00;-47.25
2020-06-09 13:00:00;-47.313
2020-06-09 12:30:00;-47.375
2020-06-09 12:00:00;-47.5
2020-06-09 11:30:00;-47.5
2020-06-09 11:00:00;-47.5
2020-06-09 10:30:00;-47.375
2020-06-09 10:00:00;-47.5
2020-06-09 09:30:00;-47.75
2020-06-09 09:00:00;-47.75
2020-06-09 08:30:00;-47.813
2020-06-09 08:00:00;-47.975
2020-06-09 07:30:00;-47.75
2020-06-09 07:00:00;-48
2020-06-09 06:30:00;-48
2020-06-09 06:00:00;-47.75
2020-06-09 05:30:00;-48
2020-06-09 05:00:00;-48
2020-06-09 04:30:00;-48.25
2020-06-09 04:00:00;-48.25
2020-06-09 03:30:00;-48.025
2020-06-09 03:00:00;-48.25
2020-06-09 02:30:00;-48
2020-06-09 02:00:00;-47.878
2020-06-09 01:30:00;-47.75
2020-06-09 01:00:00;-47.75
2020-06-09 00:30:00;-47.75
2020-06-09 00:00:00;-47.726
2020-06-08 23:30:00;-47.75
2020-06-08 23:00:00;-47.75
2020-06-08 22:30:00;-47.75
2020-06-08 22:00:00;-47.75
2020-06-08 21:30:00;-47.75
2020-06-08 21:00:00;-47.813
2020-06-08 20:30:00;-47.75
2020-06-08 20:00:00;-47.688
2020-06-08 19:30:00;-47.875
2020-06-08 17:00:00;-47.875
2020-06-08 16:30:00;-47.875
2020-06-08 16:00:00;-48
2020-06-08 15:30:00;-48
2020-06-08 15:00:00;-48
2020-06-08 14:30:00;-48
2020-06-08 14:00:00;-48.125
2020-06-08 13:30:00;-48.25
2020-06-08 13:00:00;-48.25
2020-06-08 12:30:00;-48.275
2020-06-08 12:00:00;-48.125
2020-06-08 11:30:00;-48.25
2020-06-08 11:00:00;-48.125
2020-06-08 10:30:00;-48.125
2020-06-08 10:00:00;-48.188
2020-06-08 09:30:00;-48.25
2020-06-08 09:00:00;-48.25
2020-06-08 08:30:00;-48.063
2020-06-08 08:00:00;-47.975
2020-06-08 07:30:00;-47.975
2020-06-08 07:00:00;-47.75
2020-06-08 06:30:00;-47.75
2020-06-08 06:00:00;-47.75
2020-06-08 05:30:00;-47.75
2020-06-08 05:00:00;-47.75
2020-06-08 04:30:00;-47.75
2020-06-08 04:00:00;-47.75
2020-06-08 03:30:00;-47.5
2020-06-08 03:00:00;-47.75
2020-06-08 02:30:00;-47.775
2020-06-08 02:00:00;-47.75
2020-06-08 01:30:00;-47.75
2020-06-08 01:00:00;-47.5
2020-06-08 00:30:00;-48
2020-06-08 00:00:00;-48
2020-06-07 23:30:00;-47.75
2020-06-07 23:00:00;-47.75
2020-06-07 21:30:00;-47.75
2020-06-07 21:00:00;-47.75
2020-06-07 20:30:00;-47.875
2020-06-07 20:00:00;-48
2020-06-05 16:30:00;-48.25
2020-06-05 16:00:00;-48.25
2020-06-05 15:30:00;-48.375
2020-06-05 15:00:00;-48.475
2020-06-05 14:30:00;-48.75
2020-06-05 14:00:00;-48.5
2020-06-05 13:30:00;-48.375
2020-06-05 13:00:00;-48.25
2020-06-05 12:30:00;-48
2020-06-05 12:00:00;-48.125
2020-06-05 11:30:00;-48.4
2020-06-05 11:00:00;-48.5
2020-06-05 10:30:00;-48.5
2020-06-05 10:00:00;-48.5
2020-06-05 09:30:00;-48
2020-06-05 09:00:00;-47.5
2020-06-05 08:30:00;-47.5
2020-06-05 08:00:00;-47.75
2020-06-05 07:30:00;-47.625
2020-06-05 07:00:00;-47.75
2020-06-05 06:30:00;-47.5
2020-06-05 06:00:00;-47.563
2020-06-05 05:30:00;-47.5
2020-06-05 05:00:00;-47.5
2020-06-05 04:30:00;-47.5
2020-06-05 04:00:00;-47.5
2020-06-05 03:30:00;-47.75
2020-06-05 03:00:00;-48
2020-06-05 02:30:00;-48
2020-06-05 02:00:00;-48
2020-06-05 01:30:00;-48
2020-06-05 01:00:00;-48
2020-06-05 00:30:00;-48
2020-06-05 00:00:00;-48
2020-06-04 23:30:00;-48
2020-06-04 23:00:00;-48
2020-06-04 22:30:00;-48
2020-06-04 22:00:00;-48
2020-06-04 21:30:00;-48
2020-06-04 21:00:00;-48
2020-06-04 20:30:00;-47.875
2020-06-04 20:00:00;-47.75
2020-06-04 19:30:00;-48
2020-06-04 19:00:00;-48.25
2020-06-04 17:00:00;-48.25
2020-06-04 16:30:00;-48.25
2020-06-04 16:00:00;-48.25
2020-06-04 15:30:00;-48
2020-06-04 15:00:00;-47.563
2020-06-04 14:30:00;-47.5
2020-06-04 14:00:00;-47.5
2020-06-04 13:30:00;-47.625
2020-06-04 13:00:00;-47.5
2020-06-04 12:30:00;-47.125
2020-06-04 12:00:00;-47
2020-06-04 11:30:00;-46.975
2020-06-04 11:00:00;-46.975
2020-06-04 10:30:00;-47
2020-06-04 10:00:00;-47
2020-06-04 09:30:00;-47.495
2020-06-04 09:00:00;-47.75
2020-06-04 08:30:00;-47.75
2020-06-04 08:00:00;-47.75
2020-06-04 07:30:00;-47.75
2020-06-04 07:00:00;-47.5
2020-06-04 06:30:00;-47.5
2020-06-04 06:00:00;-47.5
2020-06-04 05:30:00;-47.375
2020-06-04 05:00:00;-47.5
2020-06-04 04:30:00;-47.75
2020-06-04 04:00:00;-47.875
2020-06-04 03:30:00;-48
2020-06-04 03:00:00;-48
2020-06-04 02:30:00;-47.75
2020-06-04 02:00:00;-47.683
2020-06-04 01:30:00;-47.75
2020-06-04 01:00:00;-47.75
2020-06-04 00:30:00;-47.688
2020-06-04 00:00:00;-47.75
2020-06-03 23:30:00;-47.75
2020-06-03 23:00:00;-47.813
2020-06-03 22:30:00;-47.938
2020-06-03 22:00:00;-47.875
2020-06-03 21:30:00;-47.938
2020-06-03 21:00:00;-47.938
2020-06-03 20:30:00;-47.938
2020-06-03 20:00:00;-48
2020-06-03 19:30:00;-47.875
2020-06-03 17:00:00;-48.25
2020-06-03 16:30:00;-48.25
2020-06-03 16:00:00;-48.25
2020-06-03 15:30:00;-48
2020-06-03 15:00:00;-48.25
2020-06-03 14:30:00;-48.25
2020-06-03 14:00:00;-48.5
2020-06-03 13:30:00;-48.5
2020-06-03 13:00:00;-48.5
2020-06-03 12:30:00;-48.5
2020-06-03 12:00:00;-48.5
2020-06-03 11:30:00;-48.5
2020-06-03 11:00:00;-48.25
2020-06-03 10:30:00;-48.925
2020-06-03 10:00:00;-49
2020-06-03 09:30:00;-49
2020-06-03 09:00:00;-49.025
2020-06-03 08:30:00;-49
2020-06-03 08:00:00;-49
2020-06-03 07:30:00;-49
2020-06-03 07:00:00;-49
2020-06-03 06:30:00;-49.25
2020-06-03 06:00:00;-49.25
2020-06-03 05:30:00;-49.25
2020-06-03 05:00:00;-49.25
2020-06-03 04:30:00;-49.25
2020-06-03 04:00:00;-49.25
2020-06-03 03:30:00;-49.25
2020-06-03 03:00:00;-49
2020-06-03 02:30:00;-48.975
2020-06-03 02:00:00;-48.975
2020-06-03 01:30:00;-48.875
2020-06-03 01:00:00;-48.875
2020-06-03 00:30:00;-48.813
2020-06-03 00:00:00;-48.875
2020-06-02 23:30:00;-49
2020-06-02 23:00:00;-48.875
2020-06-02 22:30:00;-48.875
2020-06-02 22:00:00;-48.938
2020-06-02 21:30:00;-48.938
2020-06-02 21:00:00;-48.625
2020-06-02 20:30:00;-48.75
2020-06-02 20:00:00;-48.75
2020-06-02 19:30:00;-48.75
2020-06-02 19:00:00;-48.75
2020-06-02 17:00:00;-48.875
2020-06-02 16:30:00;-48.875
2020-06-02 16:00:00;-48.75
2020-06-02 15:30:00;-48.75
2020-06-02 15:00:00;-48.875
2020-06-02 14:30:00;-49
2020-06-02 14:00:00;-49.25
2020-06-02 13:30:00;-49.25
2020-06-02 13:00:00;-49.25
2020-06-02 12:30:00;-49.188
2020-06-02 12:00:00;-49.188
2020-06-02 11:30:00;-49.25
2020-06-02 11:00:00;-49.125
2020-06-02 10:30:00;-49.025
2020-06-02 10:00:00;-49
2020-06-02 09:30:00;-49
2020-06-02 09:00:00;-49
2020-06-02 08:30:00;-49
2020-06-02 08:00:00;-49
2020-06-02 07:30:00;-48.75
2020-06-02 07:00:00;-48.75
2020-06-02 06:30:00;-48.75
2020-06-02 06:00:00;-48.75
2020-06-02 05:30:00;-48.75
2020-06-02 05:00:00;-48.5
2020-06-02 04:30:00;-48.5
2020-06-02 04:00:00;-48.5
2020-06-02 03:30:00;-48.5
2020-06-02 03:00:00;-48.5
2020-06-02 02:30:00;-48.5
2020-06-02 02:00:00;-48.5
2020-06-02 01:30:00;-48.438
2020-06-02 01:00:00;-48.5
2020-06-02 00:30:00;-48.5
2020-06-02 00:00:00;-48.5
2020-06-01 23:30:00;-48.5
2020-06-01 23:00:00;-48.625
2020-06-01 22:30:00;-48.5
2020-06-01 22:00:00;-48.5
2020-06-01 21:30:00;-48.563
2020-06-01 21:00:00;-48.563
2020-06-01 20:30:00;-48.5
2020-06-01 20:00:00;-48.5
2020-06-01 19:30:00;-48.5
2020-06-01 17:00:00;-48.475
2020-06-01 16:30:00;-48.475
2020-06-01 16:00:00;-48.5
2020-06-01 15:30:00;-48.25
2020-06-01 15:00:00;-48.25
2020-06-01 14:30:00;-48.25
2020-06-01 14:00:00;-48.25
2020-06-01 13:30:00;-48.25
2020-06-01 13:00:00;-48.188
2020-06-01 12:30:00;-48.125
2020-06-01 12:00:00;-48.25
2020-06-01 11:30:00;-48.25
2020-06-01 11:00:00;-48.25
2020-06-01 10:30:00;-48.475
2020-06-01 10:00:00;-48.5
2020-06-01 09:30:00;-48.5
2020-06-01 09:00:00;-48.5
2020-06-01 08:30:00;-48
2020-06-01 08:00:00;-47.5
2020-06-01 07:30:00;-47.5
2020-06-01 07:00:00;-47.25
2020-06-01 06:30:00;-47.25
2020-06-01 06:00:00;-47.25
2020-06-01 05:30:00;-47.25
2020-06-01 05:00:00;-47.25
2020-06-01 04:30:00;-47.25
2020-06-01 04:00:00;-47.25
2020-06-01 03:30:00;-47.25
2020-06-01 03:00:00;-47.25
2020-06-01 02:30:00;-47.25
2020-06-01 02:00:00;-47.25
2020-06-01 01:30:00;-47.25
2020-06-01 01:00:00;-47.125
2020-06-01 00:30:00;-47.125
2020-06-01 00:00:00;-47.125
2020-05-31 23:30:00;-47.225
2020-05-31 23:00:00;-47.135
2020-05-31 22:30:00;-47.25
2020-05-31 22:00:00;-47.25
2020-05-31 21:30:00;-47.25
2020-05-31 21:00:00;-47.313
2020-05-31 20:30:00;-47.25
2020-05-31 20:00:00;-47
2020-05-31 19:30:00;-47
2020-05-29 16:30:00;-47
2020-05-29 16:00:00;-47
2020-05-29 15:30:00;-47
2020-05-29 15:00:00;-47
2020-05-29 14:30:00;-47.25
2020-05-29 14:00:00;-47.5
2020-05-29 13:30:00;-46.875
2020-05-29 13:00:00;-46.875
2020-05-29 12:30:00;-47
2020-05-29 12:00:00;-47
2020-05-29 11:30:00;-47
2020-05-29 11:00:00;-47.063
2020-05-29 10:30:00;-47.375
2020-05-29 10:00:00;-47.25
2020-05-29 09:30:00;-47.313
2020-05-29 09:00:00;-47
2020-05-29 08:30:00;-46.813
2020-05-29 08:00:00;-46.75
2020-05-29 07:30:00;-46.75
2020-05-29 07:00:00;-46.75
2020-05-29 06:30:00;-47
2020-05-29 06:00:00;-47
2020-05-29 05:30:00;-47
2020-05-29 05:00:00;-47
2020-05-29 04:30:00;-47
2020-05-29 04:00:00;-47
2020-05-29 03:30:00;-47
2020-05-29 03:00:00;-47
2020-05-29 02:30:00;-47
2020-05-29 02:00:00;-46.875
2020-05-29 01:30:00;-47.043
2020-05-29 01:00:00;-47.125
2020-05-29 00:30:00;-47.25
2020-05-29 00:00:00;-47.25
2020-05-28 23:30:00;-47.25
2020-05-28 23:00:00;-47.25
2020-05-28 22:30:00;-47.25
2020-05-28 22:00:00;-47.25
2020-05-28 21:30:00;-47.25
2020-05-28 21:00:00;-47.25
2020-05-28 20:30:00;-47.25
2020-05-28 20:00:00;-47.063
2020-05-28 19:30:00;-47
2020-05-28 17:30:00;-47.125
2020-05-28 17:00:00;-47.125
2020-05-28 16:30:00;-47.125
2020-05-28 16:00:00;-47.125
2020-05-28 15:30:00;-47.25
2020-05-28 15:00:00;-47.375
2020-05-28 14:30:00;-47.375
2020-05-28 14:00:00;-47.375
2020-05-28 13:30:00;-47.563
2020-05-28 13:00:00;-47.5
2020-05-28 12:30:00;-47.75
2020-05-28 12:00:00;-47.625
2020-05-28 11:30:00;-47.875
2020-05-28 11:00:00;-47.75
2020-05-28 10:30:00;-47.875
2020-05-28 10:00:00;-47.85
2020-05-28 09:30:00;-47.75
2020-05-28 09:00:00;-47.75
2020-05-28 08:30:00;-47.5
2020-05-28 08:00:00;-47.5
2020-05-28 07:30:00;-47.25
2020-05-28 07:00:00;-47.25
2020-05-28 06:30:00;-47.25
2020-05-28 06:00:00;-47.25
2020-05-28 05:30:00;-47.25
2020-05-28 05:00:00;-47.25
2020-05-28 04:30:00;-47.25
2020-05-28 04:00:00;-47.5
2020-05-28 03:30:00;-47.5
2020-05-28 03:00:00;-47.25
2020-05-28 02:30:00;-47.25
2020-05-28 02:00:00;-47.25
2020-05-28 01:30:00;-47.25
2020-05-28 01:00:00;-47.25
2020-05-28 00:30:00;-47.25
2020-05-28 00:00:00;-47.25
2020-05-27 23:30:00;-47.25
2020-05-27 23:00:00;-47.25
2020-05-27 22:30:00;-47.25
2020-05-27 22:00:00;-47.25
2020-05-27 21:30:00;-47.25
2020-05-27 21:00:00;-47.25
2020-05-27 20:30:00;-47.254
2020-05-27 20:00:00;-47.25
2020-05-27 19:30:00;-47.25
2020-05-27 17:00:00;-47.25
2020-05-27 16:30:00;-47.25
2020-05-27 16:00:00;-47.25
2020-05-27 15:30:00;-47
2020-05-27 15:00:00;-46.875
2020-05-27 14:30:00;-46.75
2020-05-27 14:00:00;-46.75
2020-05-27 13:30:00;-46.5
2020-05-27 13:00:00;-46.625
2020-05-27 12:30:00;-46.625
2020-05-27 12:00:00;-46.625
2020-05-27 11:30:00;-46.75
2020-05-27 11:00:00;-46
2020-05-27 10:30:00;-46
2020-05-27 10:00:00;-46.5
2020-05-27 09:30:00;-46.5
2020-05-27 09:00:00;-46.25
2020-05-27 08:30:00;-46.25
2020-05-27 08:00:00;-46.225
2020-05-27 07:30:00;-46.25
2020-05-27 07:00:00;-45.75
2020-05-27 06:30:00;-45.75
2020-05-27 06:00:00;-45.75
2020-05-27 05:30:00;-45.75
2020-05-27 05:00:00;-45.75
2020-05-27 04:30:00;-45.75
2020-05-27 04:00:00;-45.75
2020-05-27 03:30:00;-45.75
2020-05-27 03:00:00;-45.75
2020-05-27 02:30:00;-45.75
2020-05-27 02:00:00;-46
2020-05-27 01:30:00;-46.063
2020-05-27 01:00:00;-46
2020-05-27 00:30:00;-46
2020-05-27 00:00:00;-46
2020-05-26 23:30:00;-45.75
2020-05-26 23:00:00;-45.75
2020-05-26 22:30:00;-45.75
2020-05-26 22:00:00;-45.75
2020-05-26 21:30:00;-45.75
2020-05-26 21:00:00;-45.75
2020-05-26 20:30:00;-45.75
2020-05-26 20:00:00;-45.75
2020-05-26 19:30:00;-45.75
2020-05-26 17:30:00;-45.625
2020-05-26 17:00:00;-45.625
2020-05-26 16:30:00;-45.75
2020-05-26 16:00:00;-45.5
2020-05-26 15:30:00;-45.5
2020-05-26 15:00:00;-45.5
2020-05-26 14:30:00;-45.5
2020-05-26 14:00:00;-45.5
2020-05-26 13:30:00;-45.5
2020-05-26 13:00:00;-45.375
2020-05-26 12:30:00;-45.375
2020-05-26 12:00:00;-45.25
2020-05-26 11:30:00;-45.25
2020-05-26 11:00:00;-45.25
2020-05-26 10:30:00;-45.25
2020-05-26 10:00:00;-45.25
2020-05-26 09:30:00;-45.5
2020-05-26 09:00:00;-45.25
2020-05-26 08:30:00;-45.25
2020-05-26 08:00:00;-44.75
2020-05-26 07:30:00;-44.5
2020-05-26 07:00:00;-44
2020-05-26 06:30:00;-44
2020-05-26 06:00:00;-44.5
2020-05-26 05:30:00;-44.5
2020-05-26 05:00:00;-44.5
2020-05-26 04:30:00;-44.75
2020-05-26 04:00:00;-44.75
2020-05-26 03:30:00;-44.75
2020-05-26 03:00:00;-44.75
2020-05-26 02:30:00;-44.75
2020-05-26 02:00:00;-44.75
2020-05-26 01:30:00;-44.75
2020-05-26 01:00:00;-44.75
2020-05-26 00:30:00;-44.75
2020-05-26 00:00:00;-44.75
2020-05-25 23:30:00;-44.75
2020-05-25 23:00:00;-44.75
2020-05-25 22:30:00;-44.75
2020-05-25 22:00:00;-44.75
2020-05-25 21:30:00;-44.75
2020-05-25 21:00:00;-44.938
2020-05-25 20:30:00;-44.5
2020-05-25 20:00:00;-44.5
2020-05-25 19:30:00;-44.5
2020-05-25 19:00:00;-44.5
2020-05-25 18:30:00;-44.5
2020-05-25 07:30:00;-44.5
2020-05-22 16:30:00;-44.5
2020-05-22 16:00:00;-44.5
2020-05-22 15:30:00;-44.5
2020-05-22 15:00:00;-44.5
2020-05-22 14:30:00;-44.5
2020-05-22 14:00:00;-44.5
2020-05-22 13:30:00;-44.5
2020-05-22 13:00:00;-44.5
2020-05-22 12:30:00;-44.75
2020-05-22 12:00:00;-44.75
2020-05-22 11:30:00;-44.813
2020-05-22 11:00:00;-45
2020-05-22 10:30:00;-45
2020-05-22 10:00:00;-44.938
2020-05-22 09:30:00;-44.938
2020-05-22 09:00:00;-44.938
2020-05-22 08:30:00;-44.75
2020-05-22 08:00:00;-44.813
2020-05-22 07:30:00;-44.875
2020-05-22 07:00:00;-44.5
2020-05-22 06:00:00;-44.5
2020-05-22 05:30:00;-44.75
2020-05-22 04:30:00;-44.5
2020-05-22 04:00:00;-44.5
2020-05-22 03:30:00;-44.875
2020-05-22 03:00:00;-45
2020-05-22 02:30:00;-45
2020-05-22 02:00:00;-45
2020-05-22 01:30:00;-45
2020-05-22 01:00:00;-45
2020-05-22 00:30:00;-45
2020-05-22 00:00:00;-45.125
2020-05-21 23:30:00;-45
2020-05-21 23:00:00;-45
2020-05-21 22:30:00;-45
2020-05-21 22:00:00;-45.25
2020-05-21 21:30:00;-45.5
2020-05-21 21:00:00;-45.5
2020-05-21 20:30:00;-45.5
2020-05-21 20:00:00;-45.75
2020-05-21 19:30:00;-45.75
2020-05-21 19:00:00;-45.75
2020-05-21 17:30:00;-45.875
2020-05-21 17:00:00;-45.875
2020-05-21 16:30:00;-45.875
2020-05-21 16:00:00;-46
2020-05-21 15:30:00;-46
2020-05-21 15:00:00;-46.125
2020-05-21 14:30:00;-46.225
2020-05-21 14:00:00;-46.25
2020-05-21 13:30:00;-46.125
2020-05-21 13:00:00;-46.25
2020-05-21 12:30:00;-46.125
2020-05-21 12:00:00;-46.25
2020-05-21 11:30:00;-46.5
2020-05-21 11:00:00;-46.5
2020-05-21 10:30:00;-46.5
2020-05-21 10:00:00;-46.5
2020-05-21 09:30:00;-46.5
2020-05-21 09:00:00;-46.375
2020-05-21 08:30:00;-46.75
2020-05-21 08:00:00;-46.75
2020-05-21 07:30:00;-46.625
2020-05-21 07:00:00;-46.75
2020-05-21 06:30:00;-46.745
2020-05-21 06:00:00;-47
2020-05-21 05:30:00;-47
2020-05-21 05:00:00;-47.25
2020-05-21 04:30:00;-47.5
2020-05-21 04:00:00;-47.375
2020-05-21 03:30:00;-47
2020-05-21 03:00:00;-47
2020-05-21 02:30:00;-47
2020-05-21 02:00:00;-47
2020-05-21 01:30:00;-47
2020-05-21 01:00:00;-47
2020-05-21 00:30:00;-47.25
2020-05-21 00:00:00;-47.25
2020-05-20 23:30:00;-47.25
2020-05-20 23:00:00;-47.25
2020-05-20 22:30:00;-47.25
2020-05-20 22:00:00;-47.25
2020-05-20 21:30:00;-47.25
2020-05-20 21:00:00;-47.625
2020-05-20 20:30:00;-47.5
2020-05-20 20:00:00;-47.188
2020-05-20 19:30:00;-47.125
2020-05-20 18:30:00;-47
2020-05-20 17:00:00;-47
2020-05-20 16:30:00;-47
2020-05-20 16:00:00;-47
2020-05-20 15:30:00;-47
2020-05-20 15:00:00;-47
2020-05-20 14:30:00;-47.25
2020-05-20 14:00:00;-47.2
2020-05-20 13:30:00;-47.25
2020-05-20 13:00:00;-47.5
2020-05-20 12:30:00;-47.75
2020-05-20 12:00:00;-47.75
2020-05-20 11:30:00;-47.75
2020-05-20 11:00:00;-47.75
2020-05-20 10:30:00;-47.875
2020-05-20 10:00:00;-48.25
2020-05-20 09:30:00;-48.25
2020-05-20 09:00:00;-47.85
2020-05-20 08:30:00;-47.8
2020-05-20 08:00:00;-47.75
2020-05-20 07:30:00;-47.75
2020-05-20 07:00:00;-47.75
2020-05-20 06:30:00;-47.75
2020-05-20 06:00:00;-47.5
2020-05-20 05:30:00;-47.5
2020-05-20 05:00:00;-47.5
2020-05-20 04:30:00;-47.75
2020-05-20 04:00:00;-48
2020-05-20 03:30:00;-48
2020-05-20 03:00:00;-48
2020-05-20 02:30:00;-47.75
2020-05-20 02:00:00;-47.813
2020-05-20 01:30:00;-47.813
2020-05-20 01:00:00;-47.875
2020-05-20 00:30:00;-47.75
2020-05-20 00:00:00;-47.813
2020-05-19 23:30:00;-47.75
2020-05-19 23:00:00;-47.75
2020-05-19 22:30:00;-47.75
2020-05-19 22:00:00;-47.75
2020-05-19 21:30:00;-47.688
2020-05-19 21:00:00;-47.625
2020-05-19 20:30:00;-47.75
2020-05-19 20:00:00;-47.625
2020-05-19 19:30:00;-47.625
2020-05-19 19:00:00;-47.625
2020-05-19 17:00:00;-47.75
2020-05-19 16:30:00;-47.75
2020-05-19 16:00:00;-47.75
2020-05-19 15:30:00;-47.75
2020-05-19 15:00:00;-47.75
2020-05-19 14:30:00;-47.75
2020-05-19 14:00:00;-47.75
2020-05-19 13:30:00;-47.75
2020-05-19 13:00:00;-47.75
2020-05-19 12:30:00;-47.75
2020-05-19 12:00:00;-47.75
2020-05-19 11:30:00;-47.75
2020-05-19 11:00:00;-47.75
2020-05-19 10:30:00;-47.875
2020-05-19 10:00:00;-47.75
2020-05-19 09:30:00;-47.75
2020-05-19 09:00:00;-47.75
2020-05-19 08:30:00;-47.75
2020-05-19 08:00:00;-47.5
2020-05-19 07:30:00;-47.5
2020-05-19 07:00:00;-47.5
2020-05-19 06:30:00;-47.5
2020-05-19 06:00:00;-47.5
2020-05-19 05:30:00;-47.5
2020-05-19 05:00:00;-47.5
2020-05-19 04:30:00;-47.5
2020-05-19 04:00:00;-47.25
2020-05-19 03:30:00;-47.25
2020-05-19 03:00:00;-47.5
2020-05-19 02:30:00;-47.5
2020-05-19 02:00:00;-47.625
2020-05-19 01:30:00;-47.875
2020-05-19 01:00:00;-47.75
2020-05-19 00:30:00;-47.438
2020-05-19 00:00:00;-47.438
2020-05-18 23:30:00;-47.438
2020-05-18 23:00:00;-47.438
2020-05-18 22:30:00;-47.438
2020-05-18 22:00:00;-47.438
2020-05-18 21:30:00;-47.438
2020-05-18 21:00:00;-47.438
2020-05-18 20:30:00;-47.438
2020-05-18 20:00:00;-47.5
2020-05-18 19:30:00;-47.5
2020-05-18 19:00:00;-47.5
2020-05-18 17:00:00;-47.55
2020-05-18 16:30:00;-47.5
2020-05-18 16:00:00;-47.5
2020-05-18 15:30:00;-47.5
2020-05-18 15:00:00;-47.375
2020-05-18 14:30:00;-47.25
2020-05-18 14:00:00;-47.25
2020-05-18 13:30:00;-47.25
2020-05-18 13:00:00;-47.25
2020-05-18 12:30:00;-47.25
2020-05-18 12:00:00;-47.25
2020-05-18 11:30:00;-47.25
2020-05-18 11:00:00;-47.125
2020-05-18 10:30:00;-47.25
2020-05-18 10:00:00;-47.5
2020-05-18 09:30:00;-47.625
2020-05-18 09:00:00;-47.5
2020-05-18 08:30:00;-47.5
2020-05-18 08:00:00;-47.25
2020-05-18 07:30:00;-46.5
2020-05-18 07:00:00;-46.25
2020-05-18 06:30:00;-46.25
2020-05-18 06:00:00;-46.25
2020-05-18 05:30:00;-46.375
2020-05-18 05:00:00;-46.25
2020-05-18 04:30:00;-46.5
2020-05-18 04:00:00;-46.5
2020-05-18 03:30:00;-46.6
2020-05-18 03:00:00;-46.75
2020-05-18 02:30:00;-46.75
2020-05-18 02:00:00;-46.75
2020-05-18 01:30:00;-46.75
2020-05-18 01:00:00;-46.75
2020-05-18 00:30:00;-46.875
2020-05-18 00:00:00;-46.875
2020-05-17 23:30:00;-46.875
2020-05-17 23:00:00;-46.875
2020-05-17 22:30:00;-46.875
2020-05-17 22:00:00;-46.875
2020-05-17 21:30:00;-46.875
2020-05-17 21:00:00;-46.907
2020-05-17 20:30:00;-47
2020-05-17 20:00:00;-47
2020-05-17 19:30:00;-47
2020-05-17 19:00:00;-47
2020-05-15 16:30:00;-47
2020-05-15 16:00:00;-47
2020-05-15 15:30:00;-47
2020-05-15 15:00:00;-47
2020-05-15 14:30:00;-47
2020-05-15 14:00:00;-47
2020-05-15 13:30:00;-47
2020-05-15 13:00:00;-47
2020-05-15 12:30:00;-47
2020-05-15 12:00:00;-46.81
2020-05-15 11:30:00;-46.45
2020-05-15 11:00:00;-46.25
2020-05-15 10:30:00;-46.25
2020-05-15 10:00:00;-46.25
2020-05-15 09:30:00;-46.25
2020-05-15 09:00:00;-46.125
2020-05-15 08:30:00;-46.625
2020-05-15 08:00:00;-47
2020-05-15 07:30:00;-47
2020-05-15 07:00:00;-47.25
2020-05-15 06:30:00;-47.25
2020-05-15 06:00:00;-47.25
2020-05-15 05:30:00;-47.25
2020-05-15 05:00:00;-47.25
2020-05-15 04:30:00;-47.25
2020-05-15 04:00:00;-47.25
2020-05-15 03:30:00;-47.25
2020-05-15 03:00:00;-47.25
2020-05-15 02:30:00;-47.25
2020-05-15 02:00:00;-47.813
2020-05-15 01:30:00;-47.84
2020-05-15 01:00:00;-47.75
2020-05-15 00:30:00;-47.875
2020-05-15 00:00:00;-47.75
2020-05-14 23:30:00;-47.938
2020-05-14 23:00:00;-47.938
2020-05-14 22:30:00;-48
2020-05-14 22:00:00;-48
2020-05-14 21:30:00;-48
2020-05-14 21:00:00;-48
2020-05-14 20:30:00;-48
2020-05-14 20:00:00;-48
2020-05-14 19:30:00;-48
2020-05-14 19:00:00;-48
2020-05-14 17:00:00;-48
2020-05-14 16:30:00;-48
2020-05-14 16:00:00;-48
2020-05-14 15:30:00;-48.25
2020-05-14 15:00:00;-48.25
2020-05-14 14:30:00;-48
2020-05-14 14:00:00;-48
2020-05-14 13:30:00;-48
2020-05-14 13:00:00;-47.75
2020-05-14 12:30:00;-48
2020-05-14 12:00:00;-48
2020-05-14 11:30:00;-48
2020-05-14 11:00:00;-47.75
2020-05-14 10:30:00;-47.75
2020-05-14 10:00:00;-47.75
2020-05-14 09:30:00;-47.75
2020-05-14 09:00:00;-47.75
2020-05-14 08:30:00;-47.75
2020-05-14 08:00:00;-47.75
2020-05-14 07:30:00;-47.75
2020-05-14 07:00:00;-48.25
2020-05-14 06:30:00;-48.75
2020-05-14 06:00:00;-48.75
2020-05-14 05:30:00;-48.85
2020-05-14 05:00:00;-49
2020-05-14 04:30:00;-49.25
2020-05-14 04:00:00;-49.25
2020-05-14 03:30:00;-49.25
2020-05-14 03:00:00;-49.75
2020-05-14 02:30:00;-50
2020-05-14 02:00:00;-49.875
2020-05-14 01:30:00;-49.875
2020-05-14 01:00:00;-49.75
2020-05-14 00:30:00;-49.75
2020-05-14 00:00:00;-49.75
2020-05-13 23:30:00;-49.625
2020-05-13 23:00:00;-49.5
2020-05-13 22:30:00;-49.5
2020-05-13 22:00:00;-49.5
2020-05-13 21:30:00;-49.5
2020-05-13 21:00:00;-49.5
2020-05-13 20:30:00;-49.5
2020-05-13 20:00:00;-49.5
2020-05-13 19:30:00;-49.5
2020-05-13 19:00:00;-48.5
2020-05-13 17:00:00;-48.5
2020-05-13 16:30:00;-48.5
2020-05-13 16:00:00;-48.5
2020-05-13 15:30:00;-48.5
2020-05-13 15:00:00;-48.5
2020-05-13 14:30:00;-48.75
2020-05-13 14:00:00;-48.5
2020-05-13 13:30:00;-48.375
2020-05-13 13:00:00;-49.3
2020-05-13 12:30:00;-49
2020-05-13 12:00:00;-49
2020-05-13 11:30:00;-49.5
2020-05-13 11:00:00;-49.5
2020-05-13 10:30:00;-49.5
2020-05-13 10:00:00;-49.5
2020-05-13 09:30:00;-49.75
2020-05-13 09:00:00;-49.75
2020-05-13 08:30:00;-49.75
2020-05-13 08:00:00;-50
2020-05-13 07:30:00;-49.75
2020-05-13 07:00:00;-50.25
2020-05-13 06:30:00;-50.25
2020-05-13 06:00:00;-50.25
2020-05-13 05:30:00;-50.25
2020-05-13 05:00:00;-50.25
2020-05-13 04:30:00;-50.25
2020-05-13 04:00:00;-49.75
2020-05-13 03:30:00;-49.745
2020-05-13 03:00:00;-49.75
2020-05-13 02:30:00;-49.75
2020-05-13 02:00:00;-49.6
2020-05-13 01:30:00;-50
2020-05-13 01:00:00;-50.188
2020-05-13 00:30:00;-50
2020-05-13 00:00:00;-49.75
2020-05-12 23:30:00;-49.75
2020-05-12 23:00:00;-49.75
2020-05-12 22:30:00;-49.75
2020-05-12 22:00:00;-49.75
2020-05-12 21:30:00;-49.813
2020-05-12 21:00:00;-49.813
2020-05-12 20:30:00;-49.75
2020-05-12 20:00:00;-49.75
2020-05-12 19:30:00;-49.75
2020-05-12 19:00:00;-49.75
2020-05-12 17:00:00;-49.75
2020-05-12 16:30:00;-49.75
2020-05-12 16:00:00;-49.5
2020-05-12 15:30:00;-49.425
2020-05-12 15:00:00;-49.5
2020-05-12 14:30:00;-49.5
2020-05-12 14:00:00;-49.625
2020-05-12 13:30:00;-49.75
2020-05-12 13:00:00;-50
2020-05-12 12:30:00;-50
2020-05-12 12:00:00;-50
2020-05-12 11:30:00;-49.75
2020-05-12 11:00:00;-49.75
2020-05-12 10:30:00;-50.25
2020-05-12 10:00:00;-50.25
2020-05-12 09:30:00;-50.25
2020-05-12 09:00:00;-50.425
2020-05-12 08:30:00;-50.5
2020-05-12 08:00:00;-50.5
2020-05-12 07:30:00;-50.5
2020-05-12 07:00:00;-50.5
2020-05-12 06:30:00;-50.5
2020-05-12 06:00:00;-50.75
2020-05-12 05:30:00;-50.75
2020-05-12 05:00:00;-50.75
2020-05-12 04:30:00;-50.5
2020-05-12 04:00:00;-50.5
2020-05-12 03:30:00;-50.75
2020-05-12 03:00:00;-51
2020-05-12 02:30:00;-51
2020-05-12 02:00:00;-51
2020-05-12 01:30:00;-51.313
2020-05-12 01:00:00;-51.25
2020-05-12 00:30:00;-51.25
2020-05-12 00:00:00;-51.5
2020-05-11 23:30:00;-51.5
2020-05-11 23:00:00;-51.5
2020-05-11 22:30:00;-51.375
2020-05-11 22:00:00;-51.375
2020-05-11 21:30:00;-51.375
2020-05-11 21:00:00;-51.479
2020-05-11 20:30:00;-51.5
2020-05-11 20:00:00;-51.375
2020-05-11 19:30:00;-51.25
2020-05-11 19:00:00;-51.25
2020-05-11 17:00:00;-51.25
2020-05-11 16:30:00;-51.25
2020-05-11 16:00:00;-51.25
2020-05-11 15:30:00;-51.25
2020-05-11 15:00:00;-51.25
2020-05-11 14:30:00;-51.825
2020-05-11 14:00:00;-51.575
2020-05-11 13:30:00;-51
2020-05-11 13:00:00;-50.875
2020-05-11 12:30:00;-50.875
2020-05-11 12:00:00;-50.625
2020-05-11 11:30:00;-50.525
2020-05-11 11:00:00;-50.375
2020-05-11 10:30:00;-50.25
2020-05-11 10:00:00;-50.125
2020-05-11 09:30:00;-50
2020-05-11 09:00:00;-50
2020-05-11 08:30:00;-50
2020-05-11 08:00:00;-50.025
2020-05-11 07:30:00;-50.25
2020-05-11 07:00:00;-50
2020-05-11 06:30:00;-50.5
2020-05-11 06:00:00;-50.5
2020-05-11 05:30:00;-50.5
2020-05-11 05:00:00;-50.75
2020-05-11 04:30:00;-50.5
2020-05-11 04:00:00;-50.5
2020-05-11 03:30:00;-50.5
2020-05-11 03:00:00;-50.5
2020-05-11 02:30:00;-50.25
2020-05-11 02:00:00;-50.063
2020-05-11 01:30:00;-50
2020-05-11 01:00:00;-50.125
2020-05-11 00:30:00;-50.125
2020-05-11 00:00:00;-50.125
2020-05-10 23:30:00;-50.125
2020-05-10 23:00:00;-50
2020-05-10 22:30:00;-50
2020-05-10 22:00:00;-50.063
2020-05-10 21:30:00;-50.063
2020-05-10 21:00:00;-50.063
2020-05-10 20:30:00;-49.75
2020-05-10 20:00:00;-49.75
2020-05-10 19:30:00;-49.75
2020-05-08 16:30:00;-49.75
2020-05-08 16:00:00;-49.75
2020-05-08 15:30:00;-49.75
2020-05-08 15:00:00;-49.775
2020-05-08 14:30:00;-49.75
2020-05-08 14:00:00;-49.75
2020-05-08 13:30:00;-49.75
2020-05-08 13:00:00;-49.75
2020-05-08 12:30:00;-49.75
2020-05-08 12:00:00;-49.75
2020-05-08 11:30:00;-49.75
2020-05-08 11:00:00;-49.75
2020-05-08 10:30:00;-50.25
2020-05-08 10:00:00;-50.25
2020-05-08 09:30:00;-50.25
2020-05-08 09:00:00;-50
2020-05-08 08:30:00;-49.875
2020-05-08 08:00:00;-49.425
2020-05-08 07:30:00;-49.5
2020-05-08 07:00:00;-49.5
2020-05-08 05:30:00;-49.5
2020-05-08 02:00:00;-49.5
2020-05-08 01:30:00;-49.25
2020-05-08 01:00:00;-49.5
2020-05-08 00:30:00;-49.5
2020-05-08 00:00:00;-49.5
2020-05-07 23:30:00;-49.5
2020-05-07 23:00:00;-49.5
2020-05-07 22:30:00;-49.5
2020-05-07 22:00:00;-49.5
2020-05-07 21:30:00;-49.5
2020-05-07 21:00:00;-49.25
2020-05-07 20:30:00;-49
2020-05-07 20:00:00;-49
2020-05-07 19:30:00;-49
2020-05-07 17:00:00;-49
2020-05-07 16:30:00;-49
2020-05-07 16:00:00;-49
2020-05-07 15:30:00;-49.125
2020-05-07 15:00:00;-49.5
2020-05-07 14:30:00;-49.5
2020-05-07 14:00:00;-49.3
2020-05-07 13:30:00;-49.25
2020-05-07 13:00:00;-49.25
2020-05-07 12:30:00;-49.5
2020-05-07 12:00:00;-50
2020-05-07 11:30:00;-50.125
2020-05-07 11:00:00;-50.125
2020-05-07 10:30:00;-50.25
2020-05-07 10:00:00;-50.375
2020-05-07 09:30:00;-50.5
2020-05-07 09:00:00;-50.65
2020-05-07 08:30:00;-50.625
2020-05-07 08:00:00;-50.625
2020-05-07 07:30:00;-50.5
2020-05-07 07:00:00;-51
2020-05-07 06:30:00;-51
2020-05-07 06:00:00;-51
2020-05-07 05:30:00;-51.25
2020-05-07 05:00:00;-50.75
2020-05-07 04:30:00;-50.5
2020-05-07 04:00:00;-50.25
2020-05-07 03:30:00;-50.25
2020-05-07 03:00:00;-49.75
2020-05-07 02:30:00;-49.25
2020-05-07 02:00:00;-49.188
2020-05-07 01:30:00;-49.5
2020-05-07 01:00:00;-49.563
2020-05-07 00:30:00;-49.563
2020-05-07 00:00:00;-49.563
2020-05-06 23:30:00;-49.563
2020-05-06 23:00:00;-49.563
2020-05-06 22:30:00;-49.563
2020-05-06 22:00:00;-49.563
2020-05-06 21:30:00;-49.688
2020-05-06 21:00:00;-49.688
2020-05-06 20:30:00;-49.75
2020-05-06 20:00:00;-49.75
2020-05-06 19:30:00;-49.75
2020-05-06 19:00:00;-49.75
2020-05-06 17:00:00;-49.8
2020-05-06 16:30:00;-49.75
2020-05-06 16:00:00;-49.75
2020-05-06 15:30:00;-49.85
2020-05-06 15:00:00;-49.85
2020-05-06 14:30:00;-50.2
2020-05-06 14:00:00;-50.5
2020-05-06 13:30:00;-50.6
2020-05-06 13:00:00;-50.5
2020-05-06 12:30:00;-50.45
2020-05-06 12:00:00;-50.5
2020-05-06 11:30:00;-50.5
2020-05-06 11:00:00;-50.5
2020-05-06 10:30:00;-50.75
2020-05-06 10:00:00;-50.25
2020-05-06 09:30:00;-50
2020-05-06 09:00:00;-50
2020-05-06 08:30:00;-49.75
2020-05-06 08:00:00;-46.75
2020-05-06 07:30:00;-46.75
2020-05-06 07:00:00;-47
2020-05-06 06:30:00;-47
2020-05-06 06:00:00;-47
2020-05-06 05:30:00;-47.25
2020-05-06 05:00:00;-47.25
2020-05-06 04:30:00;-47.25
2020-05-06 04:00:00;-47.25
2020-05-06 03:30:00;-47.25
2020-05-06 03:00:00;-47.25
2020-05-06 02:30:00;-47.25
2020-05-06 02:00:00;-47.25
2020-05-05 19:00:00;-47
2020-05-05 18:30:00;-47
2020-05-05 17:00:00;-46.95
2020-05-05 16:30:00;-46.95
2020-05-05 16:00:00;-47
2020-05-05 15:30:00;-47
2020-05-05 15:00:00;-47.05
2020-05-05 14:30:00;-46.75
2020-05-05 14:00:00;-46.75
2020-05-05 13:30:00;-46.75
2020-05-05 13:00:00;-46.75
2020-05-05 12:30:00;-46.75
2020-05-05 12:00:00;-46.75
2020-05-05 11:30:00;-46.75
2020-05-05 11:00:00;-46.75
2020-05-05 10:30:00;-46.75
2020-05-05 10:00:00;-46.75
2020-05-05 09:30:00;-47.125
2020-05-05 09:00:00;-47.375
2020-05-05 08:30:00;-47.5
2020-05-05 08:00:00;-47.5
2020-05-05 07:30:00;-47.5
2020-05-05 07:00:00;-47.25
2020-05-05 06:30:00;-47.25
2020-05-05 06:00:00;-47.25
2020-05-05 05:30:00;-47.25
2020-05-05 05:00:00;-47.25
2020-05-05 04:30:00;-47.25
2020-05-05 04:00:00;-47.5
2020-05-05 03:30:00;-47.25
2020-05-05 03:00:00;-47.25
2020-05-05 02:30:00;-46.75
2020-05-05 02:00:00;-46.75
2020-05-04 19:00:00;-46.75
2020-05-04 17:00:00;-46.75
2020-05-04 16:30:00;-46.75
2020-05-04 16:00:00;-46.75
2020-05-04 15:30:00;-47
2020-05-04 15:00:00;-46.875
2020-05-04 14:30:00;-46.875
2020-05-04 14:00:00;-46.875
2020-05-04 13:30:00;-46.95
2020-05-04 13:00:00;-46.625
2020-05-04 12:30:00;-47
2020-05-04 12:00:00;-46.75
2020-05-04 11:30:00;-46.75
2020-05-04 11:00:00;-46.75
2020-05-04 10:30:00;-46.625
2020-05-04 10:00:00;-46.5
2020-05-04 09:30:00;-46.5
2020-05-04 09:00:00;-46.5
2020-05-04 08:30:00;-46.5
2020-05-04 08:00:00;-46
2020-05-04 07:30:00;-45
2020-05-04 07:00:00;-45
2020-05-04 06:30:00;-45
2020-05-04 06:00:00;-45
2020-05-04 05:30:00;-45
2020-05-04 05:00:00;-45
2020-05-04 04:30:00;-44.75
2020-05-04 04:00:00;-44.75
2020-05-04 03:30:00;-44.75
2020-05-04 03:00:00;-44.75
2020-05-04 02:30:00;-45
2020-05-04 02:00:00;-45
2020-05-01 16:30:00;-45
2020-05-01 16:00:00;-45.25
2020-05-01 15:30:00;-45.5
2020-05-01 15:00:00;-45.5
2020-05-01 14:30:00;-45.7
2020-05-01 14:00:00;-46
2020-05-01 13:30:00;-45.625
2020-05-01 13:00:00;-45.75
2020-05-01 12:30:00;-45.625
2020-05-01 12:00:00;-45.5
2020-05-01 11:30:00;-45.5
2020-05-01 11:00:00;-45.75
2020-05-01 10:30:00;-46.25
2020-05-01 10:00:00;-46.25
2020-05-01 09:30:00;-45.75
2020-05-01 09:00:00;-45.5
2020-05-01 08:30:00;-45.5
2020-05-01 08:00:00;-45.5
2020-05-01 07:30:00;-45.5
2020-05-01 07:00:00;-45.5
2020-05-01 06:30:00;-45.5
2020-05-01 06:00:00;-45.5
2020-05-01 05:30:00;-45.5
2020-05-01 05:00:00;-45.5
2020-05-01 04:30:00;-45.25
2020-05-01 04:00:00;-45.25
2020-05-01 03:30:00;-45
2020-05-01 03:00:00;-45
2020-05-01 02:30:00;-45
2020-05-01 02:00:00;-45.063
2020-05-01 01:30:00;-45.062
2020-05-01 01:00:00;-45.063
2020-05-01 00:30:00;-45.063
2020-05-01 00:00:00;-45.063
2020-04-30 23:30:00;-45.063
2020-04-30 23:00:00;-45.019
2020-04-30 22:30:00;-45.063
2020-04-30 22:00:00;-45.063
2020-04-30 21:30:00;-45.063
2020-04-30 21:00:00;-45.063
2020-04-30 20:30:00;-45.063
2020-04-30 20:00:00;-45
2020-04-30 19:30:00;-44.75
2020-04-30 19:00:00;-45.25
2020-04-30 17:30:00;-45.25
2020-04-30 17:00:00;-45.25
2020-04-30 16:30:00;-45.25
2020-04-30 16:00:00;-45
2020-04-30 15:30:00;-44.85
2020-04-30 15:00:00;-45
2020-04-30 14:30:00;-45.7
2020-04-30 14:00:00;-44.75
2020-04-30 13:30:00;-44.25
2020-04-30 13:00:00;-44
2020-04-30 12:30:00;-44
2020-04-30 12:00:00;-43.65
2020-04-30 11:30:00;-43.65
2020-04-30 11:00:00;-43.75
2020-04-30 10:30:00;-43.75
2020-04-30 10:00:00;-43.5
2020-04-30 09:30:00;-43.75
2020-04-30 09:00:00;-43.65
2020-04-30 08:30:00;-43.75
2020-04-30 08:00:00;-43
2020-04-30 07:30:00;-43
2020-04-30 07:00:00;-43
2020-04-30 06:30:00;-42.75
2020-04-30 06:00:00;-42.75
2020-04-30 05:30:00;-42.75
2020-04-30 05:00:00;-43
2020-04-30 04:30:00;-43
2020-04-30 04:00:00;-43
2020-04-30 03:30:00;-43.25
2020-04-30 03:00:00;-43.25
2020-04-30 02:30:00;-43.25
2020-04-30 02:00:00;-43.125
2020-04-30 01:30:00;-43.159
2020-04-30 01:00:00;-43.156
2020-04-30 00:30:00;-43.375
2020-04-30 00:00:00;-43.375
2020-04-29 23:30:00;-43.375
2020-04-29 23:00:00;-43.25
2020-04-29 22:30:00;-43.25
2020-04-29 22:00:00;-43.25
2020-04-29 21:30:00;-43.25
2020-04-29 21:00:00;-43.25
2020-04-29 20:30:00;-43.25
2020-04-29 20:00:00;-43.375
2020-04-29 19:30:00;-43.625
2020-04-29 19:00:00;-43.625
2020-04-29 17:00:00;-43.5
2020-04-29 16:30:00;-43.5
2020-04-29 16:00:00;-43.5
2020-04-29 15:30:00;-43.45
2020-04-29 15:00:00;-43.25
2020-04-29 14:30:00;-43.25
2020-04-29 14:00:00;-43.25
2020-04-29 13:30:00;-42.9
2020-04-29 13:00:00;-43
2020-04-29 12:30:00;-42.85
2020-04-29 12:00:00;-43
2020-04-29 11:30:00;-43
2020-04-29 11:00:00;-43
2020-04-29 10:30:00;-42.75
2020-04-29 10:00:00;-42.5
2020-04-29 09:30:00;-42.75
2020-04-29 09:00:00;-42.75
2020-04-29 08:30:00;-42.75
2020-04-29 08:00:00;-42.75
2020-04-29 07:30:00;-42.75
2020-04-29 07:00:00;-43.25
2020-04-29 06:30:00;-43.25
2020-04-29 06:00:00;-43.25
2020-04-29 05:30:00;-43.25
2020-04-29 05:00:00;-43.25
2020-04-29 04:30:00;-43
2020-04-29 04:00:00;-43.25
2020-04-29 03:30:00;-43.5
2020-04-29 03:00:00;-43.5
2020-04-29 02:30:00;-43.5
2020-04-29 02:00:00;-43.5
2020-04-29 01:30:00;-43.5
2020-04-28 17:00:00;-43.625
2020-04-28 16:30:00;-43.625
2020-04-28 16:00:00;-43.5
2020-04-28 15:30:00;-43.5
2020-04-28 15:00:00;-43.5
2020-04-28 14:30:00;-43.5
2020-04-28 14:00:00;-43.5
2020-04-28 13:30:00;-43.5
2020-04-28 13:00:00;-43
2020-04-28 12:30:00;-43
2020-04-28 12:00:00;-43
2020-04-28 11:30:00;-42.875
2020-04-28 11:00:00;-42.75
2020-04-28 10:30:00;-42.8
2020-04-28 10:00:00;-42.75
2020-04-28 09:30:00;-42.75
2020-04-28 09:00:00;-42.75
2020-04-28 08:30:00;-42.75
2020-04-28 08:00:00;-42.75
2020-04-28 07:30:00;-42.75
2020-04-28 07:00:00;-42.75
2020-04-28 06:30:00;-42.625
2020-04-28 06:00:00;-42.5
2020-04-28 05:30:00;-42.625
2020-04-28 05:00:00;-42.75
2020-04-28 04:30:00;-42.75
2020-04-28 04:00:00;-42.75
2020-04-28 03:30:00;-42.75
2020-04-28 03:00:00;-42.75
2020-04-28 02:30:00;-42.75
2020-04-28 02:00:00;-42.75
2020-04-28 01:30:00;-42.779
2020-04-28 01:00:00;-42.75
2020-04-28 00:30:00;-42.75
2020-04-28 00:00:00;-42.722
2020-04-27 23:30:00;-42.75
2020-04-27 23:00:00;-42.836
2020-04-27 22:30:00;-42.75
2020-04-27 22:00:00;-42.75
2020-04-27 21:30:00;-42.75
2020-04-27 21:00:00;-42.725
2020-04-27 20:30:00;-42.75
2020-04-27 20:00:00;-42.807
2020-04-27 19:30:00;-42.75
2020-04-27 19:00:00;-42.75
2020-04-27 17:00:00;-43
2020-04-27 16:30:00;-43
2020-04-27 16:00:00;-43
2020-04-27 15:30:00;-43
2020-04-27 15:00:00;-43
2020-04-27 14:30:00;-43
2020-04-27 14:00:00;-43
2020-04-27 13:30:00;-43
2020-04-27 13:00:00;-42.75
2020-04-27 12:30:00;-42.5
2020-04-27 12:00:00;-42.5
2020-04-27 11:30:00;-42.25
2020-04-27 11:00:00;-42.25
2020-04-27 10:30:00;-42.25
2020-04-27 10:00:00;-42.375
2020-04-27 09:30:00;-42.125
2020-04-27 09:00:00;-42
2020-04-27 08:30:00;-41.975
2020-04-27 08:00:00;-42
2020-04-27 07:30:00;-41.5
2020-04-27 07:00:00;-42.25
2020-04-27 06:30:00;-42.5
2020-04-27 06:00:00;-42.5
2020-04-27 05:30:00;-42.25
2020-04-27 05:00:00;-42
2020-04-27 04:30:00;-42
2020-04-27 04:00:00;-42
2020-04-27 03:30:00;-42
2020-04-27 03:00:00;-42
2020-04-27 02:30:00;-42
2020-04-27 02:00:00;-42
2020-04-27 01:30:00;-41.75
2020-04-27 01:00:00;-41.712
2020-04-27 00:30:00;-41.75
2020-04-27 00:00:00;-41.75
2020-04-26 23:30:00;-41.75
2020-04-26 23:00:00;-41.75
2020-04-26 22:30:00;-41.75
2020-04-26 22:00:00;-41.75
2020-04-26 21:30:00;-41.625
2020-04-26 21:00:00;-41.625
2020-04-26 20:30:00;-41.75
2020-04-26 20:00:00;-41.75
2020-04-26 19:30:00;-41.75
2020-04-26 19:00:00;-41.75
2020-04-24 16:30:00;-41.75
2020-04-24 16:00:00;-42.25
2020-04-24 15:30:00;-42.25
2020-04-24 15:00:00;-41.975
2020-04-24 14:30:00;-42
2020-04-24 14:00:00;-42.25
2020-04-24 13:30:00;-42
2020-04-24 13:00:00;-41.675
2020-04-24 12:30:00;-41.375
2020-04-24 12:00:00;-41.425
2020-04-24 11:30:00;-41.25
2020-04-24 11:00:00;-41.25
2020-04-24 10:30:00;-41
2020-04-24 10:00:00;-40.75
2020-04-24 09:30:00;-40.75
2020-04-24 09:00:00;-40.5
2020-04-24 08:30:00;-40.375
2020-04-24 08:00:00;-40
2020-04-24 07:30:00;-39.75
2020-04-24 07:00:00;-39.75
2020-04-24 06:30:00;-39.75
2020-04-24 06:00:00;-39.75
2020-04-24 05:30:00;-39.75
2020-04-24 05:00:00;-39.875
2020-04-24 04:30:00;-39.75
2020-04-24 04:00:00;-39.75
2020-04-24 03:30:00;-39.75
2020-04-24 03:00:00;-39.75
2020-04-24 02:30:00;-39.75
2020-04-24 02:00:00;-39.75
2020-04-24 01:30:00;-39.507
2020-04-24 01:00:00;-39.578
2020-04-24 00:30:00;-39.5
2020-04-24 00:00:00;-39.5
2020-04-23 23:30:00;-39.5
2020-04-23 23:00:00;-39.5
2020-04-23 22:30:00;-39.5
2020-04-23 22:00:00;-39.5
2020-04-23 21:30:00;-39.625
2020-04-23 21:00:00;-39.75
2020-04-23 20:30:00;-40
2020-04-23 20:00:00;-40
2020-04-23 19:30:00;-40
2020-04-23 19:00:00;-40
2020-04-23 18:30:00;-40
2020-04-23 17:00:00;-40
2020-04-23 16:30:00;-40
2020-04-23 16:00:00;-40
2020-04-23 15:30:00;-40.1
2020-04-23 15:00:00;-40.125
2020-04-23 14:30:00;-40.1
2020-04-23 14:00:00;-40.125
2020-04-23 13:30:00;-40.05
2020-04-23 13:00:00;-40.2
2020-04-23 12:30:00;-40.25
2020-04-23 12:00:00;-40.25
2020-04-23 11:30:00;-40.25
2020-04-23 11:00:00;-40.25
2020-04-23 10:30:00;-40.5
2020-04-23 10:00:00;-39.875
2020-04-23 09:30:00;-39.75
2020-04-23 09:00:00;-39.75
2020-04-23 08:30:00;-40
2020-04-23 08:00:00;-40.125
2020-04-23 07:30:00;-40
2020-04-23 07:00:00;-39.75
2020-04-23 06:30:00;-39.25
2020-04-23 06:00:00;-39.25
2020-04-23 05:30:00;-39.25
2020-04-23 05:00:00;-39.225
2020-04-23 04:30:00;-39.475
2020-04-23 04:00:00;-39.5
2020-04-23 03:30:00;-39.5
2020-04-23 03:00:00;-39.5
2020-04-23 02:30:00;-39.25
2020-04-23 02:00:00;-39.25
2020-04-23 01:30:00;-39.25
2020-04-23 01:00:00;-39.25
2020-04-23 00:30:00;-39.25
2020-04-23 00:00:00;-39.25
2020-04-22 23:30:00;-39.25
2020-04-22 23:00:00;-39.25
2020-04-22 22:30:00;-39.25
2020-04-22 22:00:00;-39.25
2020-04-22 21:30:00;-39.25
2020-04-22 21:00:00;-39.25
2020-04-22 20:30:00;-39.25
2020-04-22 20:00:00;-39.25
2020-04-22 19:30:00;-39.25
2020-04-22 19:00:00;-39.25
2020-04-22 17:00:00;-39.25
2020-04-22 16:30:00;-39.375
2020-04-22 16:00:00;-39
2020-04-22 15:30:00;-38.75
2020-04-22 15:00:00;-38.75
2020-04-22 14:30:00;-38.5
2020-04-22 14:00:00;-38.425
2020-04-22 13:30:00;-38.5
2020-04-22 13:00:00;-38.5
2020-04-22 12:30:00;-38.75
2020-04-22 12:00:00;-38.25
2020-04-22 11:30:00;-38
2020-04-22 11:00:00;-37.75
2020-04-22 10:30:00;-37.75
2020-04-22 10:00:00;-37.375
2020-04-22 09:30:00;-37.25
2020-04-22 09:00:00;-37.25
2020-04-22 08:30:00;-37.25
2020-04-22 08:00:00;-36.75
2020-04-22 07:30:00;-36.75
2020-04-22 07:00:00;-36.75
2020-04-22 06:30:00;-36.75
2020-04-22 06:00:00;-36.875
2020-04-22 05:30:00;-36.75
2020-04-22 05:00:00;-36.75
2020-04-22 04:30:00;-36.75
2020-04-22 04:00:00;-36.75
2020-04-22 03:30:00;-36.5
2020-04-22 03:00:00;-36.625
2020-04-22 02:30:00;-36.75
2020-04-22 02:00:00;-37
2020-04-22 01:30:00;-37
2020-04-22 01:00:00;-37
2020-04-22 00:30:00;-37
2020-04-22 00:00:00;-37
2020-04-21 23:30:00;-37.25
2020-04-21 23:00:00;-37.25
2020-04-21 22:30:00;-37.25
2020-04-21 22:00:00;-37.25
2020-04-21 21:30:00;-37.438
2020-04-21 21:00:00;-37.375
2020-04-21 20:30:00;-37.438
2020-04-21 20:00:00;-37.375
2020-04-21 19:30:00;-37.25
2020-04-21 19:00:00;-37.25
2020-04-21 17:00:00;-37.325
2020-04-21 16:30:00;-37.325
2020-04-21 16:00:00;-37.25
2020-04-21 15:30:00;-37.25
2020-04-21 15:00:00;-37.25
2020-04-21 14:30:00;-37.125
2020-04-21 14:00:00;-37
2020-04-21 13:30:00;-37.225
2020-04-21 13:00:00;-37.25
2020-04-21 12:30:00;-37.25
2020-04-21 12:00:00;-37.25
2020-04-21 11:30:00;-37
2020-04-21 11:00:00;-37
2020-04-21 10:30:00;-37
2020-04-21 10:00:00;-36.75
2020-04-21 09:30:00;-36.5
2020-04-21 09:00:00;-36.5
2020-04-21 08:30:00;-36.75
2020-04-21 08:00:00;-36.75
2020-04-21 07:30:00;-37.25
2020-04-21 07:00:00;-37.5
2020-04-21 06:30:00;-37.5
2020-04-21 06:00:00;-37.5
2020-04-21 05:30:00;-37.5
2020-04-21 05:00:00;-37.725
2020-04-21 04:30:00;-37.725
2020-04-21 04:00:00;-37.75
2020-04-21 03:30:00;-37.75
2020-04-21 03:00:00;-37.75
2020-04-21 02:30:00;-37.75
2020-04-21 02:00:00;-37.75
2020-04-21 01:30:00;-38.25
2020-04-21 01:00:00;-38.25
2020-04-21 00:30:00;-38.25
2020-04-21 00:00:00;-38.25
2020-04-20 23:30:00;-38.25
2020-04-20 23:00:00;-38.25
2020-04-20 22:30:00;-38.5
2020-04-20 22:00:00;-38.725
2020-04-20 21:30:00;-38.688
2020-04-20 21:00:00;-38.75
2020-04-20 20:30:00;-38.75
2020-04-20 20:00:00;-38.375
2020-04-20 19:30:00;-38.25
2020-04-20 17:00:00;-38.25
2020-04-20 16:30:00;-38.25
2020-04-20 16:00:00;-38
2020-04-20 15:30:00;-37.75
2020-04-20 15:00:00;-37.75
2020-04-20 14:30:00;-37.75
2020-04-20 14:00:00;-37.875
2020-04-20 13:30:00;-37.75
2020-04-20 13:00:00;-37.75
2020-04-20 12:30:00;-37.5
2020-04-20 12:00:00;-37.5
2020-04-20 11:30:00;-37.25
2020-04-20 11:00:00;-37
2020-04-20 10:30:00;-36.75
2020-04-20 10:00:00;-36.75
2020-04-20 09:30:00;-36.25
2020-04-20 09:00:00;-36.25
2020-04-20 08:30:00;-36.25
2020-04-20 08:00:00;-36.25
2020-04-20 07:30:00;-36.25
2020-04-20 07:00:00;-36.75
2020-04-20 06:30:00;-36.75
2020-04-20 06:00:00;-36.75
2020-04-20 05:30:00;-36.75
2020-04-20 05:00:00;-36.75
2020-04-20 04:30:00;-36.75
2020-04-20 04:00:00;-36.75
2020-04-20 03:30:00;-36.75
2020-04-20 03:00:00;-36.75
2020-04-20 02:30:00;-36.75
2020-04-20 02:00:00;-36.75
2020-04-20 01:30:00;-36.75
2020-04-20 01:00:00;-36.75
2020-04-20 00:30:00;-36.813
2020-04-20 00:00:00;-36.813
2020-04-19 23:30:00;-36.813
2020-04-19 23:00:00;-36.75
2020-04-19 22:30:00;-36.75
2020-04-19 22:00:00;-36.75
2020-04-19 21:30:00;-36.75
2020-04-19 21:00:00;-36.75
2020-04-19 20:30:00;-36.813
2020-04-19 20:00:00;-36.75
2020-04-19 19:30:00;-36.813
2020-04-19 19:00:00;-36.75
2020-04-17 16:30:00;-36.8
2020-04-17 16:00:00;-36.75
2020-04-17 15:30:00;-36.75
2020-04-17 15:00:00;-37
2020-04-17 14:30:00;-36.75
2020-04-17 14:00:00;-36.75
2020-04-17 13:30:00;-35.5
2020-04-17 13:00:00;-35.25
2020-04-17 12:30:00;-35.25
2020-04-17 12:00:00;-35.25
2020-04-17 11:30:00;-35.25
2020-04-17 11:00:00;-35.25
2020-04-17 10:30:00;-35.15
2020-04-17 10:00:00;-35.15
2020-04-17 09:30:00;-35.125
2020-04-17 09:00:00;-35.25
2020-04-17 08:30:00;-35.25
2020-04-17 08:00:00;-35
2020-04-17 07:30:00;-34.75
2020-04-17 07:00:00;-35.75
2020-04-17 06:30:00;-36
2020-04-17 06:00:00;-36
2020-04-17 05:30:00;-36.25
2020-04-17 05:00:00;-36.25
2020-04-17 04:30:00;-36.25
2020-04-17 04:00:00;-36.25
2020-04-17 03:30:00;-36.25
2020-04-17 03:00:00;-36.5
2020-04-17 02:30:00;-36.75
2020-04-17 02:00:00;-36.75
2020-04-17 01:30:00;-36.75
2020-04-17 01:00:00;-36.75
2020-04-17 00:30:00;-36.75
2020-04-17 00:00:00;-36.625
2020-04-16 23:30:00;-36.75
2020-04-16 23:00:00;-36.75
2020-04-16 22:30:00;-36.75
2020-04-16 22:00:00;-36.75
2020-04-16 21:30:00;-36.75
2020-04-16 21:00:00;-36.875
2020-04-16 20:30:00;-36.25
2020-04-16 20:00:00;-36.375
2020-04-16 19:30:00;-36.25
2020-04-16 19:00:00;-35.875
2020-04-16 17:00:00;-35.75
2020-04-16 16:30:00;-35.75
2020-04-16 16:00:00;-36.175
2020-04-16 15:30:00;-36.225
2020-04-16 15:00:00;-36.125
2020-04-16 14:30:00;-36
2020-04-16 14:00:00;-36
2020-04-16 13:30:00;-36
2020-04-16 13:00:00;-36
2020-04-16 12:30:00;-36.25
2020-04-16 12:00:00;-36.25
2020-04-16 11:30:00;-36.25
2020-04-16 11:00:00;-37.25
2020-04-16 10:30:00;-37.5
2020-04-16 10:00:00;-37.75
2020-04-16 09:30:00;-38
2020-04-16 09:00:00;-38
2020-04-16 08:30:00;-38
2020-04-16 08:00:00;-37.75
2020-04-16 07:30:00;-37.75
2020-04-16 07:00:00;-37.7
2020-04-16 06:30:00;-37.75
2020-04-16 06:00:00;-37.75
2020-04-16 05:30:00;-38
2020-04-16 05:00:00;-38
2020-04-16 04:30:00;-38
2020-04-16 04:00:00;-38
2020-04-16 03:30:00;-38
2020-04-16 03:00:00;-38
2020-04-16 02:30:00;-38
2020-04-16 02:00:00;-37.75
2020-04-16 01:30:00;-37.75
2020-04-16 01:00:00;-37.75
2020-04-16 00:30:00;-37.875
2020-04-16 00:00:00;-37.75
2020-04-15 23:30:00;-37.875
2020-04-15 23:00:00;-37.75
2020-04-15 22:30:00;-37.875
2020-04-15 22:00:00;-37.75
2020-04-15 21:30:00;-37.75
2020-04-15 21:00:00;-37.25
2020-04-15 20:30:00;-37.25
2020-04-15 20:00:00;-37.25
2020-04-15 19:30:00;-37.5
2020-04-15 19:00:00;-37.375
2020-04-15 17:00:00;-37.25
2020-04-15 16:30:00;-37.225
2020-04-15 16:00:00;-36.525
2020-04-15 15:30:00;-36.75
2020-04-15 15:00:00;-37.245
2020-04-15 14:30:00;-36.5
2020-04-15 14:00:00;-36
2020-04-15 13:30:00;-35.75
2020-04-15 13:00:00;-35.75
2020-04-15 12:30:00;-35.75
2020-04-15 12:00:00;-35.75
2020-04-15 11:30:00;-35.75
2020-04-15 11:00:00;-35.75
2020-04-15 10:30:00;-35.5
2020-04-15 10:00:00;-35.75
2020-04-15 09:30:00;-36
2020-04-15 09:00:00;-36
2020-04-15 08:30:00;-36
2020-04-15 08:00:00;-36
2020-04-15 07:30:00;-35.5
2020-04-15 07:00:00;-35.5
2020-04-15 06:30:00;-35.625
2020-04-15 06:00:00;-35.75
2020-04-15 05:30:00;-35.75
2020-04-15 05:00:00;-36
2020-04-15 04:30:00;-36.25
2020-04-15 04:00:00;-36.25
2020-04-15 03:30:00;-36.25
2020-04-15 03:00:00;-36.25
2020-04-15 02:30:00;-35.5
2020-04-15 02:00:00;-35.625
2020-04-15 01:30:00;-35.625
2020-04-15 01:00:00;-35.625
2020-04-15 00:30:00;-35.563
2020-04-15 00:00:00;-35.563
2020-04-14 23:30:00;-35.625
2020-04-14 23:00:00;-35.625
2020-04-14 22:30:00;-35.625
2020-04-14 22:00:00;-35.625
2020-04-14 21:30:00;-35.5
2020-04-14 21:00:00;-35.5
2020-04-14 20:30:00;-35.5
2020-04-14 20:00:00;-35.55
2020-04-14 19:30:00;-35.5
2020-04-14 19:00:00;-35.592
2020-04-14 17:00:00;-35.5
2020-04-14 16:30:00;-35.725
2020-04-14 16:00:00;-35.625
2020-04-14 15:30:00;-35.625
2020-04-14 15:00:00;-35.749
2020-04-14 14:30:00;-35.75
2020-04-14 14:00:00;-36.25
2020-04-14 13:30:00;-36.325
2020-04-14 13:00:00;-36.25
2020-04-14 12:30:00;-36.25
2020-04-14 12:00:00;-36.25
2020-04-14 11:30:00;-36.25
2020-04-14 11:00:00;-36.25
2020-04-14 10:30:00;-36.25
2020-04-14 10:00:00;-36.25
2020-04-14 09:30:00;-36.75
2020-04-14 09:00:00;-36.5
2020-04-14 08:30:00;-36
2020-04-14 08:00:00;-35.75
2020-04-14 07:30:00;-35.75
2020-04-14 07:00:00;-35.75
2020-04-14 06:30:00;-35.75
2020-04-14 06:00:00;-35.75
2020-04-14 05:30:00;-35.75
2020-04-14 05:00:00;-35.75
2020-04-14 04:30:00;-35.75
2020-04-14 04:00:00;-35.25
2020-04-14 03:30:00;-35.25
2020-04-14 03:00:00;-35.125
2020-04-14 02:30:00;-35.5
2020-04-14 02:00:00;-36.313
2020-04-14 01:30:00;-36.438
2020-04-14 01:00:00;-36.5
2020-04-14 00:30:00;-36.5
2020-04-14 00:00:00;-36.5
2020-04-13 23:30:00;-36.5
2020-04-13 23:00:00;-36.5
2020-04-13 22:30:00;-36.5
2020-04-13 22:00:00;-36.5
2020-04-13 21:30:00;-36.625
2020-04-13 21:00:00;-36.5
2020-04-13 20:30:00;-36.375
2020-04-13 20:00:00;-36.375
2020-04-13 19:30:00;-36
2020-04-13 19:00:00;-36
2020-04-13 17:00:00;-36
2020-04-13 16:30:00;-36
2020-04-13 16:00:00;-36
2020-04-13 15:30:00;-35.875
2020-04-13 15:00:00;-36
2020-04-13 14:30:00;-36.25
2020-04-13 14:00:00;-36
2020-04-13 13:30:00;-36
2020-04-13 13:00:00;-36
2020-04-13 12:30:00;-35.5
2020-04-13 12:00:00;-35.25
2020-04-13 11:30:00;-35
2020-04-13 11:00:00;-35.125
2020-04-13 10:30:00;-35.25
2020-04-13 10:00:00;-35
2020-04-13 09:30:00;-35.125
2020-04-13 09:00:00;-35.25
2020-04-13 08:30:00;-35.25
2020-04-13 08:00:00;-35.25
2020-04-13 07:30:00;-35.25
2020-04-13 07:00:00;-35.25
2020-04-13 06:30:00;-35.25
2020-04-13 06:00:00;-35.25
2020-04-13 01:30:00;-35.5
2020-04-13 01:00:00;-35.5
2020-04-13 00:30:00;-35.5
2020-04-13 00:00:00;-35.5
2020-04-12 23:30:00;-35.5
2020-04-12 23:00:00;-35.625
2020-04-12 22:30:00;-35.688
2020-04-12 22:00:00;-35.75
2020-04-12 21:30:00;-36
2020-04-12 21:00:00;-35.938
2020-04-12 20:30:00;-36
2020-04-12 20:00:00;-36.25
2020-04-12 19:30:00;-36.875
2020-04-12 19:00:00;-35
2020-04-09 14:00:00;-34.75
2020-04-09 13:30:00;-34.9
2020-04-09 13:00:00;-35
2020-04-09 12:30:00;-34.5
2020-04-09 12:00:00;-33.75
2020-04-09 11:30:00;-34.65
2020-04-09 11:00:00;-35
2020-04-09 10:30:00;-35.5
2020-04-09 10:00:00;-35.75
2020-04-09 09:30:00;-36.5
2020-04-09 09:00:00;-36.75
2020-04-09 08:30:00;-37
2020-04-09 08:00:00;-36.75
2020-04-09 07:30:00;-36.75
2020-04-09 07:00:00;-37
2020-04-09 06:30:00;-37
2020-04-09 06:00:00;-37.25
2020-04-09 05:30:00;-37.25
2020-04-09 05:00:00;-37.25
2020-04-09 04:30:00;-37.25
2020-04-09 04:00:00;-37.25
2020-04-09 03:30:00;-37.25
2020-04-09 03:00:00;-37.25
2020-04-09 02:30:00;-37.25
2020-04-09 02:00:00;-37.375
2020-04-09 01:30:00;-37.375
2020-04-09 01:00:00;-37.25
2020-04-09 00:30:00;-37.375
2020-04-09 00:00:00;-38.375
2020-04-08 23:30:00;-38.5
2020-04-08 23:00:00;-38.375
2020-04-08 22:30:00;-38.375
2020-04-08 22:00:00;-38.375
2020-04-08 21:00:00;-38.375
2020-04-08 20:30:00;-38.375
2020-04-08 20:00:00;-38.5
2020-04-08 19:30:00;-38.5
2020-04-08 19:00:00;-38.5
2020-04-08 17:00:00;-38.5
2020-04-08 16:30:00;-38.45
2020-04-08 16:00:00;-38.5
2020-04-08 15:30:00;-38.75
2020-04-08 15:00:00;-37.125
2020-04-08 14:30:00;-36.8
2020-04-08 14:00:00;-36.75
2020-04-08 13:30:00;-36.875
2020-04-08 13:00:00;-36.75
2020-04-08 12:30:00;-36.25
2020-04-08 12:00:00;-36.5
2020-04-08 11:30:00;-36.75
2020-04-08 11:00:00;-37
2020-04-08 10:30:00;-37
2020-04-08 10:00:00;-37
2020-04-08 09:30:00;-37.25
2020-04-08 09:00:00;-37
2020-04-08 08:30:00;-36.75
2020-04-08 08:00:00;-37.25
2020-04-08 07:30:00;-37.25
2020-04-08 07:00:00;-37.75
2020-04-08 06:30:00;-37.75
2020-04-08 06:00:00;-37.75
2020-04-08 05:30:00;-37.75
2020-04-08 05:00:00;-37.75
2020-04-08 04:30:00;-37.75
2020-04-08 04:00:00;-37.75
2020-04-08 03:30:00;-37.75
2020-04-08 03:00:00;-37.75
2020-04-08 02:30:00;-37.75
2020-04-08 02:00:00;-38.25
2020-04-08 01:30:00;-38.25
2020-04-08 01:00:00;-38.25
2020-04-08 00:30:00;-37.875
2020-04-08 00:00:00;-37.875
2020-04-07 23:30:00;-37.75
2020-04-07 23:00:00;-37.375
2020-04-07 22:30:00;-37.375
2020-04-07 22:00:00;-37.375
2020-04-07 21:30:00;-37.5
2020-04-07 21:00:00;-37.375
2020-04-07 20:30:00;-37.375
2020-04-07 20:00:00;-37.5
2020-04-07 19:30:00;-37.25
2020-04-07 18:30:00;-37.5
2020-04-07 17:00:00;-37.5
2020-04-07 16:30:00;-37.25
2020-04-07 16:00:00;-37.25
2020-04-07 15:30:00;-37.125
2020-04-07 15:00:00;-38.5
2020-04-07 14:30:00;-38.75
2020-04-07 14:00:00;-38.75
2020-04-07 13:30:00;-39
2020-04-07 13:00:00;-39
2020-04-07 12:30:00;-39.25
2020-04-07 12:00:00;-39.25
2020-04-07 11:30:00;-39.25
2020-04-07 11:00:00;-39.5
2020-04-07 10:30:00;-39.5
2020-04-07 10:00:00;-39.75
2020-04-07 09:30:00;-40.75
2020-04-07 09:00:00;-40.75
2020-04-07 08:30:00;-40.25
2020-04-07 08:00:00;-40.75
2020-04-07 07:30:00;-40.75
2020-04-07 07:00:00;-41.25
2020-04-07 06:30:00;-41.275
2020-04-07 06:00:00;-41.25
2020-04-07 05:30:00;-41.25
2020-04-07 05:00:00;-41.25
2020-04-07 04:30:00;-41
2020-04-07 04:00:00;-41
2020-04-07 03:30:00;-40.75
2020-04-07 03:00:00;-40.525
2020-04-07 02:30:00;-40.5
2020-04-07 02:00:00;-40.5
2020-04-07 01:30:00;-40.75
2020-04-07 01:00:00;-41.25
2020-04-07 00:30:00;-41.75
2020-04-07 00:00:00;-41.75
2020-04-06 23:30:00;-42.25
2020-04-06 23:00:00;-42.875
2020-04-06 22:30:00;-42.875
2020-04-06 22:00:00;-42.875
2020-04-06 21:30:00;-42.875
2020-04-06 21:00:00;-42.875
2020-04-06 20:30:00;-42.875
2020-04-06 20:00:00;-42.875
2020-04-06 19:30:00;-42.75
2020-04-06 17:00:00;-42
