Dates,EUR003M Index,EUSWEC Curncy,EOUSFFC Curncy,US0003M Index,GTFRF3M Govt,GTITL3M Govt,ASWESHTZ Curncy,ER1 Comdty
19/05/2020,0.017,0.0017,0.5,-0.0025,0.009,-0.051,-2.15,0
18/05/2020,-0.01,-0.0008,0.5,-0.00387,0.008,-0.021,-2.95,0.01
15/05/2020,-0.004,0.0008,1,-0.00513,0.001,-0.025,0.4,0
14/05/2020,-0.009,0.001,-0.75,-0.00675,-0.003,-0.012,0.1,0
13/05/2020,-0.008,0.0028,-0.5,-0.03162,0.002,-0.004,0.9,0.015
12/05/2020,0.013,-0.0025,0.25,-0.0095,0.002,-0.032,-2.3,-0.02
11/05/2020,-0.012,0.0017,1.5,-0.00113,-0.064,-0.03,-2.05,-0.005
08/05/2020,0.012,0,-0.75,-0.013,0.034,-0.002,0.8,-0.005
07/05/2020,0.008,-0.0008,2.25,-0.013,0.006,-0.002,1.3,0
06/05/2020,0.031,0.0045,-1.5,-0.02637,0.023,-0.018,-3.05,-0.03
05/05/2020,-0.011,0.0013,-1,-0.02688,-0.022,-0.008,3.7,-0.025
04/05/2020,-0.013,0,0.25,-0.04,-0.007,-0.019,0.45,0.005
01/05/2020,-0.012,0.001,-0.25,-0.01525,0,0,2.75,0
30/04/2020,-0.012,0.001,0,-0.1305,-0.008,-0.027,2.75,0.02
29/04/2020,-0.029,0.0038,3.75,-0.0735,-0.017,-0.039,1.85,0.025
28/04/2020,-0.009,-0.0052,2,-0.08062,-0.011,-0.123,0.2,0.045
27/04/2020,-0.031,0.0161,1,-0.04638,-0.033,0.033,-3,0.005
24/04/2020,-0.031,-0.0282,0,-0.10425,0.002,-0.001,-1.4,0.08
23/04/2020,0.029,-0.0025,4.75,-0.02887,0.003,-0.045,0.7,0.035
22/04/2020,0.043,-0.0018,1.25,-0.02275,-0.003,0.004,-1.8,-0.045
21/04/2020,0.013,0.0001,0.25,-0.05463,0.021,0.011,2.2,-0.04
20/04/2020,-0.003,0.0017,1.25,-0.01137,0.002,0.027,0,-0.015
17/04/2020,-0.019,-0.001,1.25,-0.02625,0.006,-0.035,1,0.005
16/04/2020,0.026,-0.0003,0,0.00037,0.005,-0.065,3.7,-0.02
15/04/2020,-0.002,0.0023,2.5,-0.04125,-0.005,0.024,3.7,-0.02
14/04/2020,-0.028,-0.003,11,-0.04275,0.083,0.006,-1.5,0.035
13/04/2020,0.034,0,0.5,-0.0925,0,0,-1.5,0
10/04/2020,0.034,0,-1.75,-0.0925,0,0.001,-1.5,0.08
09/04/2020,0.034,0,8.75,-0.0925,-0.011,0.019,-1.5,0.08
08/04/2020,0.039,-0.001,1.75,-0.0085,-0.045,0.111,-1.5,-0.055
07/04/2020,0.025,0.0012,-2.75,-0.0325,0.009,-0.018,-0.1,-0.06
06/04/2020,0.023,-0.0022,-5.5,-0.035,-0.003,-0.031,-1.4,-0.03
03/04/2020,-0.005,-0.0008,0.5,0.01438,0.013,0.091,0.8,-0.015
02/04/2020,0.007,-0.0012,18.25,-0.0635,-0.003,0.002,-0.3,-0.01
01/04/2020,0.02,0.0058,12.25,-0.014,-0.028,0.019,-2.7,-0.015
31/03/2020,-0.01,0.0112,10,0.01712,-0.018,0.054,-1,0.005
30/03/2020,0,0.0042,5.5,-0.01675,0.029,0.021,1.3,0.005
27/03/2020,-0.004,0.0028,-7.75,0.0755,-0.016,0.11,4.9,0
26/03/2020,0.02,0.005,7,0.10763,-0.001,-0.328,1,0
25/03/2020,0.004,0.0068,1.75,0.03462,0.024,-0.038,-0.6,-0.02
24/03/2020,-0.004,0.009,5.25,0.01675,0.056,0.074,-3.5,0
23/03/2020,0.002,-0.0018,-12.25,0.0115,-0.006,-0.113,2.1,0.005
20/03/2020,0.022,0.002,46.25,0.009,-0.003,-0.107,1.8,0.01
19/03/2020,0.015,0.0013,-6.25,0.07938,0.084,-0.336,-10.5,-0.055
18/03/2020,0,0.0087,-16.75,0.06387,0.049,-0.192,-2.3,-0.01
17/03/2020,0.002,0.017,31.75,0.1625,-0.066,0.432,-4.9,0.02
16/03/2020,0.018,-0.023,-20.25,0.04625,0.07,0.402,-3.4,-0.01
13/03/2020,0.061,0.012,-65.25,0.10263,0.021,0.113,-0.1,-0.01
12/03/2020,-0.016,0.0827,-7.25,-0.032,0.004,0.098,6.5,-0.075
11/03/2020,0.009,-0.0397,-5.75,-0.01163,-0.057,-0.016,-2.1,0.015
10/03/2020,-0.014,0.018,13,0.016,0.003,-0.004,-0.3,-0.01
09/03/2020,0.005,-0.032,-20.25,-0.12787,-0.019,0.112,9.2,0.015
06/03/2020,-0.004,-0.0078,-0.75,-0.10288,-0.003,0.023,-3.65,-0.005
05/03/2020,-0.001,0.0008,-9,-0.00175,-0.004,-0.001,6.3,-0.02
04/03/2020,-0.005,0,-2.75,-0.31362,-0.002,-0.005,1.6,0
03/03/2020,-0.029,0.0022,2,0.0605,-0.01,-0.016,-1.45,0.015
02/03/2020,-0.01,-0.0412,-0.75,-0.209,-0.023,0.011,0.2,0.04
28/02/2020,0.001,-0.0195,-10.25,-0.11763,-0.017,0,0.5,0.01
27/02/2020,-0.002,-0.0055,-0.75,-0.03287,0.001,0.033,2.7,0.01
26/02/2020,-0.006,-0.004,-3.25,-0.02438,-0.007,0.002,0.1,0.005
25/02/2020,-0.003,-0.01,2.25,-0.009,0.007,-0.003,0.15,0.01
24/02/2020,0.001,-0.0062,-2.25,-0.03262,-0.009,0.008,1.95,0.005
21/02/2020,-0.005,0.0002,0.75,-0.0035,0.004,-0.002,0.1,0
20/02/2020,-0.008,0.001,-0.25,-0.01325,-0.003,-0.001,0.25,0
19/02/2020,0.001,0.0015,2,0.00137,0.004,0.002,0.3,0
18/02/2020,0.01,0.0005,-2,0.00175,0.003,-0.001,-0.45,0
17/02/2020,0,0,-0.25,0.00113,0.007,0,-0.45,-0.005
14/02/2020,-0.002,0,-1.25,0.00012,0.013,0,0.6,0
13/02/2020,0.002,-0.0005,0,-0.01212,-0.02,0,0.3,0
12/02/2020,-0.004,0.0005,0.25,-0.0035,0.01,0.004,0.05,0.005
11/02/2020,-0.012,-0.001,0.75,-0.00588,0.006,-0.012,-0.6,0.005
10/02/2020,0.003,-0.001,-1,-0.01775,0.008,0.007,-0.5,0.005
07/02/2020,-0.001,-0.0005,-1.25,-0.00325,-0.011,-0.004,0.2,-0.005
06/02/2020,0.001,-0.0005,0.25,-0.0075,0.001,-0.003,-1,0
05/02/2020,-0.004,0.001,2.25,0.00425,-0.007,0.002,-0.15,-0.005
04/02/2020,-0.003,0.003,1.25,-0.00362,-0.003,-0.009,-0.65,0
03/02/2020,0,0,-0.5,-0.01013,-0.013,0.008,0.05,0
31/01/2020,0.005,-0.003,-0.5,-0.01212,-0.005,0.004,0.4,0
30/01/2020,0.001,-0.001,2,-0.01388,-0.002,0.004,0.85,0.005
29/01/2020,0.002,-0.0012,1,0.00763,0,0.012,0,0
28/01/2020,-0.003,-0.0008,0.75,-0.005,-0.003,0.005,0,0.01
27/01/2020,-0.012,-0.003,-0.75,-0.02088,0.001,-0.029,-0.15,0.01
24/01/2020,0,0,-0.25,0.00125,-0.003,0.003,0.55,0.005
23/01/2020,0.004,0,0.25,-0.00675,0.003,-0.008,0.4,0
22/01/2020,0.002,-0.001,-0.25,-0.00537,-0.003,0.019,0.4,-0.005
21/01/2020,0,0.002,-0.75,0.00412,0.001,0.003,-0.1,0
20/01/2020,-0.001,0,1,-0.017,0.013,0.01,-0.45,0
17/01/2020,0.002,-0.0003,1,-0.0075,0.001,-0.003,0.05,0
16/01/2020,0,0.0003,-0.75,-0.0095,0.001,-0.005,-0.25,0
15/01/2020,-0.002,-0.0008,1.5,-0.0065,0,0.007,0.55,0
14/01/2020,-0.002,0.0008,0.75,0.01138,0.016,-0.001,-0.2,0
13/01/2020,0.006,-0.0008,1,-0.0065,-0.001,0.013,-0.5,0
10/01/2020,-0.002,0.0008,1,-0.01013,-0.003,-0.007,0.5,-0.005
09/01/2020,-0.003,0.003,-1.5,0.01388,0.003,0.018,-0.65,0
08/01/2020,-0.003,-0.0005,0.25,-0.044,0.003,-0.001,-0.45,0
07/01/2020,-0.002,-0.0005,0,0.00575,0.026,-0.023,-0.35,0
06/01/2020,-0.001,-0.001,0.25,-0.00163,-0.01,0.006,-0.25,0.005
03/01/2020,-0.005,-0.0063,-0.5,-0.02637,0.003,-0.03,0.35,0
02/01/2020,0.004,-0.0017,2.75,-0.00813,0.025,-0.01,0.75,0.005
01/01/2020,0.005,0.0005,-1.5,-0.001,-0.008,-0.004,0.1,-0.005
31/12/2019,0.005,0.0005,-1.25,-0.001,-0.018,0.009,0.1,-0.005
30/12/2019,0.002,0.0008,9,-0.03525,-0.018,0.009,-1.5,0.005
27/12/2019,0.008,-0.0015,16.75,-0.01587,0.053,0.009,-0.1,0.005
26/12/2019,0.001,0.0006,0,0.01387,0,0,0.1,0
25/12/2019,0.001,0.0006,-1.5,0.01387,0,0,0.1,-0.005
24/12/2019,0.001,0.0006,-2,0.01387,-0.029,0.013,0.1,-0.005
23/12/2019,-0.011,0.0006,-1.5,0.01188,-0.022,-0.001,0.1,0
20/12/2019,0.01,-0.001,-3.5,0.007,0.044,0.003,0.8,-0.01
19/12/2019,0.005,-0.0012,5,0.01975,0.006,0.005,-0.05,0
18/12/2019,-0.003,0.0082,-0.5,0.0055,-0.01,-0.015,0.2,0
17/12/2019,-0.004,0.002,0,0.004,-0.014,-0.001,1.25,-0.001
16/12/2019,0.004,-0.0003,-2.75,-0.00113,0.001,0.006,0.4,0.001
13/12/2019,-0.005,0.0013,5.5,0.006,0,-0.001,-0.35,0
12/12/2019,-0.002,-0.0033,0.75,0.00625,0,-0.003,-1.05,0.005
11/12/2019,0,-0.0005,-1.5,0.00013,0.002,0.002,0.35,0
10/12/2019,-0.001,0.0008,-3.25,-0.00113,-0.006,-0.013,-0.5,0
09/12/2019,0.001,0,-3.25,-0.00212,0.005,-0.006,0.55,0
06/12/2019,0.002,0,-1,0.0055,0.001,-0.016,0.1,-0.005
05/12/2019,-0.002,0,0.5,-0.00213,-0.005,0.014,-0.3,0
04/12/2019,0.004,-0.0018,3.75,-0.00437,-0.004,-0.002,-0.65,0
03/12/2019,0.003,-0.0005,4.75,-0.00863,0.014,0.004,1.3,0
02/12/2019,0.001,0.0007,-1.5,-0.00537,0,-0.01,-0.05,0
29/11/2019,-0.004,0.0006,-2.75,-0.00138,0.004,-0.013,0.6,0
28/11/2019,0.003,0.001,0.25,-0.00687,-0.006,0,-0.15,0
27/11/2019,-0.001,0.0022,-1.25,0.00512,-0.021,-0.008,-0.05,-0.005
26/11/2019,0.005,0.0025,1,-0.01,-0.015,-0.015,0.5,0
25/11/2019,-0.001,0.0013,-0.75,0.00138,-0.011,-0.002,-0.4,0
22/11/2019,0.005,-0.002,-1,0.00775,-0.004,0.001,0,0
21/11/2019,-0.002,0.003,1.5,0.01075,-0.005,0.002,-0.9,-0.005
20/11/2019,0.002,-0.0023,-1.5,0.00412,-0.008,0,-0.5,0.005
19/11/2019,-0.005,-0.0017,-0.5,-0.00387,0.01,-0.006,0.5,0.005
18/11/2019,0.001,-0.0017,0,-0.00413,0.004,0.002,-0.25,0
15/11/2019,-0.005,-0.0013,2.5,-0.0015,-0.003,0.002,-0.5,0.005
14/11/2019,0.003,0.002,2.75,-0.00575,-0.003,-0.003,1.4,0
13/11/2019,-0.004,0,-0.25,0.00063,-0.006,0.003,0.35,0
12/11/2019,-0.004,-0.0012,-1.75,0.00462,0.004,0.009,0.2,0.005
11/11/2019,0.001,-0.0018,0.75,0.004,0.002,0.019,-0.2,0.005
08/11/2019,0.005,-0.002,-0.75,-0.00075,0.009,-0.017,0.45,-0.005
07/11/2019,0.006,0.006,-3.25,-0.00287,0.006,0.026,-0.9,-0.01
06/11/2019,-0.003,-0.0013,-1.25,0.01075,0.002,-0.012,-0.15,-0.005
05/11/2019,-0.005,0.0088,2,-0.01475,0.035,0.017,-0.15,0
04/11/2019,0.001,-0.0052,3.5,0.01775,-0.002,-0.001,-0.7,0
01/11/2019,-0.005,0.0017,1.75,-0.01175,-0.001,-0.005,-0.25,-0.005
31/10/2019,0.007,-0.008,0.25,-0.00688,-0.008,-0.005,1.05,0.005
30/10/2019,0.004,-0.0058,3.75,-0.018,0.013,-0.003,-0.25,-0.005
29/10/2019,0.004,0,2.25,-0.00837,0.045,-0.002,-1.1,0
28/10/2019,0.004,0.0038,-0.75,0.00737,-0.018,0.007,-0.7,-0.005
25/10/2019,-0.009,0.0015,0.25,-0.0075,-0.035,0.002,-0.05,0.005
24/10/2019,-0.002,-0.0008,-0.2926,-0.004,-0.006,-0.01,1.05,0
23/10/2019,0.002,-0.0007,0.3511,0.00363,-0.011,-0.001,-0.45,0
22/10/2019,0.004,0.0002,-2.3579,0.002,-0.015,0.009,-0.1,0
21/10/2019,-0.001,0,-0.5799,-0.01925,-0.004,0.004,-0.25,-0.01
18/10/2019,0.003,0.0048,-4.2799,-0.01263,0,0.002,0.9,0
17/10/2019,0,-0.001,0.696,-0.03737,-0.009,-0.007,-1.05,0
16/10/2019,0.008,0.0018,-2.5828,0.00112,0.001,0.005,0.1,-0.005
15/10/2019,-0.002,0.0052,0.0014,0.00125,0.001,0.002,0.4,-0.01
14/10/2019,0.002,0.002,3.1514,0,0.032,-0.006,-1.75,-0.01
11/10/2019,0,0.002,8.0407,0.01475,-0.001,0.001,1.15,-0.01
10/10/2019,0,0.0042,-0.891,0.00188,0.003,0.007,-1.2,-0.01
09/10/2019,-0.001,0.0008,0.3146,-0.02525,-0.071,-0.002,-0.3,-0.01
08/10/2019,0.006,0,-2.052,-0.0025,0.024,0.008,0.7,0
07/10/2019,0,0,4.7518,-0.015,0.024,-0.005,-0.6,-0.005
04/10/2019,0.002,-0.0002,3.9581,-0.01613,0.005,-0.002,-0.5,0
03/10/2019,0,-0.0008,-0.804,-0.01325,0,-0.017,0.4,0.005
02/10/2019,0.003,-0.0025,3.7633,-0.03225,-0.002,-0.017,-0.743,0.005
01/10/2019,-0.01,-0.0035,-0.2883,0.0035,-0.001,-0.021,-0.257,0.005
30/09/2019,-0.006,0,-4.1202,-0.0135,0.017,-0.007,-0.05,0.005
27/09/2019,0.001,-0.002,-22.3079,-0.00575,0.018,-0.023,1.35,0
26/09/2019,-0.003,-0.0042,0.4538,0.00475,0.002,0.022,0.45,0.005
25/09/2019,-0.007,-0.0018,3.1838,-0.01337,-0.029,0.006,1.215,0
24/09/2019,-0.003,-0.0027,-9.0677,0.00675,-0.002,0.004,-0.565,0.005
23/09/2019,-0.007,-0.003,-3.9455,-0.02838,-0.012,0.001,-0.6,0.015
20/09/2019,0.003,-0.0035,7.8576,-0.02425,0.002,-0.024,0.593,0
19/09/2019,0,0.0065,-0.7799,0.003,-0.012,0.005,0.14,-0.005
18/09/2019,0.002,0.0017,-1.2062,-0.00825,-0.003,0.031,1.017,0.005
17/09/2019,-0.004,0.0005,3.8783,0.019,0.002,0.033,-2,0.036
16/09/2019,0.006,-0.0025,-6.9334,0.00575,0.002,-0.047,0.814,-0.001
13/09/2019,0.033,0.0093,3.0864,0.02088,0.005,0.085,0.236,-0.02
12/09/2019,-0.003,0.0417,0.1761,-0.00875,0.017,-0.053,-4.168,-0.045
11/09/2019,0.005,0.0055,2.283,-0.00438,0.006,0.001,0.968,-0.005
10/09/2019,-0.002,-0.0012,1.278,-0.00675,0.015,-0.01,-0.55,-0.005
09/09/2019,0.004,-0.0003,-1.6757,0.00425,0,0.038,-1.05,0.005
06/09/2019,0.004,0.0002,0.4043,0.032,0.002,-0.031,-0.688,0
05/09/2019,0.002,0.0021,2.8384,-0.01025,-0.003,0.013,-0.023,-0.01
04/09/2019,0.005,0.0017,-0.2218,-0.01425,0.003,-0.005,0.511,-0.005
03/09/2019,-0.012,0.0038,-1.1618,-0.00612,-0.003,0.002,-0.983,-0.01
02/09/2019,-0.003,-0.0063,-2.4786,-0.00488,-0.012,-0.012,-1.015,0.005
30/08/2019,-0.005,-0.0095,-1.744,0.00588,-0.004,0.009,1.098,0.005
29/08/2019,-0.006,-0.009,-0.5391,0.00762,0.006,0.039,0.614,0.005
28/08/2019,-0.004,-0.009,-0.529,0.00675,-0.004,0.016,-0.114,0.01
27/08/2019,0,-0.004,1.5561,-0.027,-0.008,-0.003,-1.569,0.005
26/08/2019,-0.006,0.001,0.3587,0.01213,0.004,-0.01,-0.231,-0.005
23/08/2019,0.006,-0.008,-3.2098,0.01213,0.008,-0.007,-0.05,0.01
22/08/2019,0.005,0.0053,-3.1103,-0.01538,0.005,-0.008,0.571,-0.015
21/08/2019,-0.002,0.0037,-0.8946,-0.00187,-0.002,-0.05,1.046,-0.005
20/08/2019,0.001,-0.0032,1.7271,-0.002,0.002,-0.011,-0.152,0.005
19/08/2019,-0.002,0.0002,3.3011,0.01562,0.001,0.007,0.295,-0.005
16/08/2019,-0.016,0.01,3.3808,0.01213,0.008,-0.005,0.39,-0.015
15/08/2019,0.002,-0.022,0.3055,-0.04463,-0.021,-0.011,-1.658,0.025
14/08/2019,-0.004,-0.0025,-0.4598,0.01025,-0.004,-0.001,-0.927,-0.005
13/08/2019,-0.002,-0.0015,-0.8772,-0.01712,0.018,-0.048,-0.115,-0.005
12/08/2019,0.004,-0.001,-2.8988,-0.00038,-0.012,-0.027,1.132,0
09/08/2019,-0.006,-0.0027,-1.6062,-0.00537,0.001,0.037,0.418,-0.005
08/08/2019,-0.008,-0.0014,-1.9443,-0.0035,-0.009,0.007,-0.835,0
07/08/2019,-0.001,-0.0079,2.4591,-0.0025,-0.019,-0.002,1.718,0.005
06/08/2019,-0.005,0.0033,5.3121,-0.022,-0.006,-0.007,0.444,0
05/08/2019,-0.004,-0.006,-2.4189,-0.03025,-0.013,-0.003,1.776,0.01
02/08/2019,-0.003,-0.0063,-1.1962,-0.0475,0.002,-0.006,-0.688,0.005
01/08/2019,-0.002,-0.0042,5.1917,0.02112,-0.009,0.009,-0.065,-0.005
31/07/2019,-0.001,-0.0068,1.9483,0.0125,-0.008,-0.003,-0.073,0.005
30/07/2019,-0.007,0,1.4276,-0.00237,-0.005,0.04,0.62,0
29/07/2019,0.001,-0.0027,-2.0519,-0.01025,0.006,-0.005,1.14,0.005
26/07/2019,0.01,0.0005,-1.0282,0.01,-0.002,-0.004,0.514,0
25/07/2019,-0.002,0.0215,-1.6363,-0.01088,0.002,0.001,-1.558,-0.015
24/07/2019,-0.003,-0.0063,-3.229,-0.00887,0.002,0,-0.298,0.01
23/07/2019,0.001,-0.0022,-1.4507,-0.00725,-0.002,0.003,-0.021,0
22/07/2019,0.001,0.0072,0.0815,0.02337,0.017,-0.002,0.326,0.005
19/07/2019,-0.005,0.01,4.9509,-0.01825,0.002,0.004,0.273,0
18/07/2019,-0.001,-0.0218,-2.6712,-0.02487,-0.003,0.008,-0.972,-0.005
17/07/2019,-0.002,-0.0072,-1.096,0.00287,-0.004,-0.014,0.533,0.005
16/07/2019,-0.004,-0.0022,-0.6574,-0.00362,0.01,0.018,-1.076,0.005
15/07/2019,0,-0.0068,-1.6175,-0.019,0.003,0,-0.663,0.015
12/07/2019,0.001,-0.001,-1.2654,0.01887,-0.002,-0.013,-0.332,0
11/07/2019,-0.006,-0.001,-1.1758,-0.03612,-0.005,-0.004,0.269,0
10/07/2019,0,-0.0052,-1.1443,-0.00125,-0.002,0.01,-0.883,0.005
09/07/2019,-0.002,0.002,3.6959,0.003,0.002,0.008,0.363,-0.01
08/07/2019,0.004,0.0002,-2.6196,0.02637,-0.003,-0.007,-1.162,0
05/07/2019,-0.006,0.0018,-1.7087,0.00875,0.005,0.004,0.8,-0.015
04/07/2019,-0.001,-0.0013,-0.1629,0.01413,0.002,0.012,0.491,0
03/07/2019,-0.002,-0.0105,1.6764,-0.0245,-0.005,-0.018,-1.249,-0.005
02/07/2019,-0.005,0.0033,-1.225,-0.01888,0.007,-0.037,-0.095,0.015
01/07/2019,-0.001,-0.0033,-0.448,0.012,0.001,-0.064,-0.647,0.01
28/06/2019,-0.001,-0.0025,-0.4646,0.001,-0.007,-0.016,0.4,0.005
27/06/2019,-0.001,0.0018,-0.2093,-0.011,0.003,-0.006,-0.063,0
26/06/2019,0.002,0.0012,-1.2192,0.01863,-0.009,0.02,-0.408,0
25/06/2019,-0.002,-0.0012,-0.372,-0.02163,0.001,0.041,0.121,0.005
24/06/2019,0.001,-0.0043,0.5098,-0.01637,-0.004,0.046,-0.1,0.005
21/06/2019,-0.006,0.0053,-3.2637,0.00612,0.004,-0.002,-0.5,-0.015
20/06/2019,-0.002,-0.0113,4.1249,-0.043,-0.006,0,1.913,0.015
19/06/2019,-0.014,0.002,-0.8922,-0.0005,0.01,0.004,-2.206,-0.005
18/06/2019,-0.002,-0.0207,2.0955,-0.03187,0.042,0.001,0.843,0.105
17/06/2019,-0.002,-0.0003,-0.2229,0.0165,-0.031,-0.004,0.3,0
14/06/2019,0,-0.002,0.4635,-0.00825,-0.019,-0.003,0.691,0
13/06/2019,0,0,-2.3123,-0.01763,-0.007,0.008,-0.691,0
12/06/2019,0.001,-0.0005,-0.0936,-0.02162,0,0.005,-0.45,0
11/06/2019,-0.001,-0.0027,0.759,0.01375,-0.003,0.004,-0.135,0
10/06/2019,0.001,0.0042,0.9682,-0.01488,0,-0.009,0.285,-0.005
07/06/2019,0.004,-0.0005,-3.5151,-0.00237,0.001,-0.012,0.133,-0.005
06/06/2019,-0.003,0.0065,-0.0814,-0.01863,0.001,-0.017,-1.607,-0.005
05/06/2019,0.002,-0.0042,2.8139,-0.00275,-0.003,-0.003,2.366,0.005
04/06/2019,0.001,-0.0023,3.6861,-0.00412,0.003,-0.021,-0.841,0
03/06/2019,-0.001,-0.0005,-1.7504,-0.024,0.002,0.001,-2.101,0
31/05/2019,-0.002,-0.001,-0.5626,-0.01775,-0.002,0.016,1.05,0.005
30/05/2019,-0.003,0.001,-0.1042,-0.0015,-0.001,0.02,0.086,0.005
29/05/2019,-0.002,-0.001,1.2061,-0.002,0.001,-0.005,0.075,0
28/05/2019,-0.004,-0.0005,-0.5713,-0.00113,0.001,0.001,-0.528,0.005
27/05/2019,0,0.0002,-0.5615,0.00425,-0.003,0.007,1.217,0
24/05/2019,-0.001,-0.0007,0.1565,0.00425,-0.001,-0.01,-0.206,0
23/05/2019,0.001,-0.001,-1.1796,-0.00412,-0.001,0.014,0.156,0
22/05/2019,0.002,0.001,-0.4116,0.00125,0,0.002,0.525,-0.005
21/05/2019,0.001,0.0003,0.1115,0.00012,0.008,-0.022,-0.946,0
20/05/2019,-0.001,0.0002,0.4672,0.0015,0.01,0,-0.482,0
17/05/2019,-0.001,-0.0005,-0.3252,0.00225,0.007,-0.008,-0.707,0.005
16/05/2019,-0.001,-0.0004,1.6515,-0.0055,0.001,0.002,-0.69,0
15/05/2019,0,0.0004,1.1292,0.00063,-0.001,0.006,1.016,0
14/05/2019,0,-0.001,0.7403,0.0065,0.001,0.006,0.484,0.005
13/05/2019,-0.002,0,-2.6838,-0.00988,0.008,0.012,0.372,0
10/05/2019,-0.001,0.0005,-0.0434,-0.00737,0.007,-0.017,-0.629,0.005
09/05/2019,0,-0.0012,-0.4178,-0.00988,-0.003,-0.001,0.429,0
08/05/2019,0,0,1.7766,-0.01687,-0.013,-0.016,1.178,0
07/05/2019,0,-0.0003,1.9974,0.00212,0.036,-0.007,0.95,0
06/05/2019,0.001,0,0.526,-0.00525,-0.006,0.025,0.062,0
03/05/2019,0,0,-0.2728,-0.00525,-0.01,-0.012,-0.393,0
02/05/2019,0.001,0,2.9289,-0.01037,-0.013,-0.036,-0.048,-0.005
01/05/2019,0.001,0.001,-1.2133,-0.00013,0.001,-0.001,0.279,0
30/04/2019,0.001,0.001,-1.641,-0.00337,-0.011,0.002,0.279,0
29/04/2019,-0.001,-0.0005,-0.3748,-0.00375,-0.017,0.01,-1.497,0
26/04/2019,0.002,0,-1.092,0.00037,-0.009,-0.012,0.302,0
25/04/2019,0,0.0003,0.1121,-0.004,-0.002,0.011,0.902,0
24/04/2019,-0.001,-0.0005,0.4218,0.00613,-0.01,-0.009,1.079,0
23/04/2019,0,0.0005,-0.8944,-0.00088,0.005,-0.001,-0.347,0
22/04/2019,0,0,0.2732,-0.01037,0,0,0.505,0
19/04/2019,0,0,0.1278,-0.01037,0,0,0.505,0
18/04/2019,0,0,-0.5177,-0.01037,-0.007,-0.002,0.505,0
17/04/2019,-0.001,-0.0002,-0.6456,-0.00938,-0.005,-0.014,0.207,0
16/04/2019,0,0.0003,0.2617,0.01288,0.002,0.004,0.917,0
15/04/2019,0,-0.0009,-0.6778,-0.013,-0.002,0.022,0.009,0.005
12/04/2019,0,0.001,-0.5963,0.00425,0.002,-0.005,-0.658,-0.005
11/04/2019,0,-0.0005,0.8153,-0.00675,0.001,-0.003,-0.445,-0.005
10/04/2019,0,0.0003,1.7923,0.02225,0.002,0.01,-0.115,0.005
09/04/2019,0,0.0002,-0.0014,-0.00275,-0.003,-0.014,-0.486,0
08/04/2019,0,0,-1.6015,-0.00813,-0.004,-0.008,0.027,0
05/04/2019,0,-0.0007,-0.881,0.0035,0.014,-0.001,-0.616,0
04/04/2019,0,-0.0005,0.2318,-0.00912,0.002,-0.006,-0.384,0
03/04/2019,0.001,0.0002,0.5266,-0.00463,-0.005,-0.006,-2.327,0
02/04/2019,-0.001,-0.001,0.0871,0.00688,0.002,-0.005,0.817,0
01/04/2019,0.001,0,0.4794,-0.00425,0.003,0.044,-0.39,0.005
29/03/2019,0,-0.0012,-0.1602,0.008,0.007,-0.041,0.6,0
28/03/2019,-0.002,0.001,-1.434,-0.00925,0,0.063,0.134,0
27/03/2019,0,-0.002,2.8674,0.00362,-0.011,0.028,0.5,0.01
26/03/2019,0.001,-0.0007,-1.3902,-0.01137,0.002,0.014,-0.234,-0.005
25/03/2019,-0.001,-0.0001,-1.27,-0.00113,0.002,-0.007,0.049,0
22/03/2019,0,0,0.117,0.00838,-0.009,0.003,0.682,0
21/03/2019,0,0.0005,-0.4266,-0.0055,0,0.007,1.166,0
20/03/2019,0.001,0,-2.1111,-0.00575,0,0.011,0.736,0
19/03/2019,0,0.0003,0.6719,-0.01988,0.007,0.016,-0.275,-0.01
18/03/2019,-0.001,0.0002,-0.6881,0.00738,0.005,0.002,-1.124,0
15/03/2019,0,0,-0.1282,0.01062,-0.001,-0.043,-0.384,0
14/03/2019,0.001,0.0003,-0.4955,0.00375,0.001,-0.01,-0.825,0
13/03/2019,-0.001,-0.0015,-0.1092,0.01763,-0.001,-0.006,0.034,0
12/03/2019,-0.001,-0.0008,0.998,-0.015,0.004,0.017,0.491,0.005
11/03/2019,0,0.0005,0.0547,0.01162,0.007,-0.038,0.9,0
08/03/2019,0,-0.0007,-1.4068,-0.004,-0.006,-0.015,-0.752,0
07/03/2019,0,0.0012,-1.2334,0.00613,-0.003,0,0.144,0
06/03/2019,0,0.0003,0.7389,-0.01213,0.009,-0.022,1.636,0
05/03/2019,0.001,0.0005,0.1576,-0.001,-0.011,0.008,-0.731,-0.005
04/03/2019,0.001,-0.0003,0.6439,0.00913,-0.015,-0.027,-0.147,0
01/03/2019,-0.001,-0.0005,0.9517,-0.01663,-0.001,0.008,-1,0
28/02/2019,0.001,0.001,-0.9684,-0.011,0.003,-0.003,-0.327,0
27/02/2019,0,0.0008,0.2625,-0.00275,0.001,0.046,-0.273,0.005
26/02/2019,-0.001,0,0.932,-0.00975,-0.002,0,-0.466,0
25/02/2019,0.001,0.0002,-0.1403,-0.00762,-0.003,-0.014,-0.634,0
22/02/2019,0,-0.0005,0.0483,-0.00475,-0.001,0.001,1.056,0
21/02/2019,-0.002,-0.0002,2.1238,-0.01238,-0.001,-0.002,-0.987,0.005
20/02/2019,0,0.0002,2.1308,0.02213,-0.002,0.007,0.331,0
19/02/2019,0,-0.0002,0.354,-0.00238,-0.004,0,-0.694,0
18/02/2019,0,0.0005,0.0845,-0.03925,0.001,0.024,0.894,0
15/02/2019,0,-0.0003,0.4591,-0.011,0.003,-0.057,0.422,0
14/02/2019,0,-0.0003,0.9628,0.01013,-0.01,-0.003,-0.43,0
13/02/2019,0,-0.0002,0.76,-0.00913,0.002,-0.016,-0.533,0
12/02/2019,0,0.0003,0.2788,0.00488,-0.001,-0.01,-0.409,0
11/02/2019,0,0,-0.1648,-0.00975,0.005,0.004,-0.559,0
08/02/2019,0,0,-0.2616,0.00075,0.008,-0.007,-0.741,0
07/02/2019,0,0.0002,0.1089,-0.04063,0,0.031,1.867,0
06/02/2019,0,-0.0001,0.6802,-0.00087,0.001,-0.035,-0.985,0
05/02/2019,-0.001,0.0006,0.6716,0.00412,0.007,0.028,-0.437,0
04/02/2019,0.001,0,0.5133,0.00175,0.017,-0.009,-0.695,0
01/02/2019,0,0,-0.529,-0.00487,-0.003,0.013,2.1,0
31/01/2019,0,-0.0012,-0.2864,0.00125,0.002,-0.009,-1.05,0
30/01/2019,-0.002,0.0002,-0.5285,-0.00813,0,0.063,-0.8855,0
29/01/2019,0.001,0,-0.9742,-0.00612,0.019,0.002,-0.8145,0
28/01/2019,0,0.0005,-0.6594,-0.00113,0.001,-0.008,0.3,0
25/01/2019,-0.001,0.0003,0.6234,-0.01312,0.002,0.01,0.25,0
24/01/2019,0.002,-0.0008,0.0996,-0.00588,0,0.002,-0.7,0
23/01/2019,0,0.0018,0.8092,-0.00862,-0.002,0.009,0.0225,0
22/01/2019,0,-0.0009,-1.0136,0.00687,0.009,-0.004,-0.4665,0
21/01/2019,0,-0.0006,-0.3199,0.01138,0.002,-0.02,0.32,0
18/01/2019,0,0.0007,0.1946,-0.01475,0.001,0.005,-0.076,0
17/01/2019,0,-0.001,1.1322,-0.00456,-0.002,0.017,-0.759,0
16/01/2019,0,0,1.4712,0.00687,0.004,-0.016,-1.441,0
15/01/2019,0,-0.001,-0.5709,-0.0055,0.004,0.012,1.515,0
14/01/2019,0,0,-1.1432,-0.00837,-0.004,-0.027,-0.137,0.005
11/01/2019,0,0,-1.548,-0.00963,-0.002,0,-0.078,0
10/01/2019,0,0,-1.7551,-0.00194,-0.003,0.006,0.46,0
09/01/2019,0,-0.0002,1.1248,0.01638,0.002,-0.006,0.727,0
08/01/2019,0.002,-0.0003,2.9109,-0.01431,0.004,0.015,0.296,0
07/01/2019,-0.001,-0.0005,0.5638,-0.00707,0.008,0.015,-0.715,0
04/01/2019,0,-0.001,1.0679,0.00888,-0.008,0.007,-1.079,0
03/01/2019,0.001,-0.001,-1.8667,0.00112,0.02,-0.039,0.131,0
02/01/2019,-0.001,-0.001,0.9924,-0.01375,0.261,-0.098,0.504,0
01/01/2019,0.001,0.0005,-1.1746,0.01063,0,0,-1.0495,0
31/12/2018,0.001,-0.0002,-0.1577,0.01063,-0.014,-0.002,-1.0495,0
28/12/2018,-0.001,0.0007,-0.2924,-0.006,-0.01,0.079,-1.0495,-0.005
27/12/2018,0,0.0003,5.4339,-0.01044,0.054,0.011,1.8985,0.005
26/12/2018,0.001,-0.0003,0.6908,-0.00819,0,0,0.812,0
25/12/2018,0.001,-0.0003,-0.4432,-0.00819,0,0,0.812,-0.005
24/12/2018,0.001,0.001,0.4958,-0.00819,-0.014,-0.003,0.812,-0.005
21/12/2018,0,-0.0002,1.0734,-0.00212,0.019,0.045,0.812,0.005
20/12/2018,-0.001,0,8.5534,0.03412,-0.001,0.026,-0.485,0
19/12/2018,0.002,0.0002,-4.1977,-0.00237,0.004,-0.03,-0.7,0.005
18/12/2018,0,0,0.3867,-0.01163,0.011,-0.002,-1.357,-0.021
17/12/2018,0,-0.0006,1.7374,0.00294,-0.03,-0.007,-0.758,0.001
14/12/2018,0,0.0001,-4.7193,0.0125,-0.047,-0.044,1.615,0
13/12/2018,0.001,0.0001,5.3168,0.01069,-0.048,0.04,0.777,0
12/12/2018,0,-0.0006,4.5149,-0.0015,-0.002,-0.023,-2.7345,0
11/12/2018,0.002,0.0007,4.1453,0.00306,-0.023,0,2.199,-0.005
10/12/2018,0.001,0.0001,-3.5037,0.00488,-0.086,-0.058,-3.1415,0
07/12/2018,0,0,-1.0471,0.00393,-0.001,-0.009,-2.0735,0.005
06/12/2018,0.001,0.0002,1.3205,0.00138,-0.002,-0.012,0.9535,0
05/12/2018,0,0,3.5088,0.02687,0.002,-0.034,-1.78,-0.005
04/12/2018,0,-0.001,3.0295,-0.01237,0.025,0.002,1,0
03/12/2018,0,0.001,-2.9394,0.01512,0.004,-0.028,0.7,0
30/11/2018,0,0,-11.081,-0.002,0.002,0.052,-0.15,0.005
29/11/2018,0,-0.0006,6.6776,0.0315,-0.003,0.217,0.65,0
28/11/2018,0,0.0001,3.9601,0.00063,0.014,0.043,-0.15,0
27/11/2018,0,-0.0005,2.8194,-0.00081,-0.002,0.007,0.25,0
26/11/2018,0,0.001,4.0547,0.01562,-0.016,-0.001,-1,0
23/11/2018,0,0,0.6158,0.00194,0,-0.012,0.2,0
22/11/2018,0,0,-2.5972,0.01231,-0.009,-0.033,-0.3,0
21/11/2018,0,-0.001,0.0087,0.02381,-0.004,0.009,-1.305,0
20/11/2018,0,0.0002,-1.7103,0.00732,0.028,-0.016,-0.145,0
19/11/2018,0,0.0008,4.412,0.00131,-0.019,0.007,0.025,0.005
16/11/2018,0,-0.0007,4.1295,0.0045,0,0.001,-0.347,-0.005
15/11/2018,0,0.0005,3.4304,0.011,0.001,0.013,0.747,0
14/11/2018,0,-0.0008,1.5555,0.01287,-0.003,0.029,0.692,0
13/11/2018,0,0.001,0.4393,0.002,-0.004,-0.1,-0.567,0.005
12/11/2018,0,0,-3.0917,-0.004,0.031,0.037,1,-0.005
09/11/2018,0,0,-0.9984,0.0035,0.015,0.036,1.5,0
08/11/2018,0.001,0,-2.8367,0.0135,0.002,0.062,-0.2,0
07/11/2018,0,0,0.5544,0.00988,0.007,-0.068,-1.3,0
06/11/2018,0.001,0,-1.7854,0.002,0.031,-0.106,-0.7,0
05/11/2018,0,-0.0005,-2.1321,-0.00313,0,0.007,-0.01,0
02/11/2018,0,-0.0015,2.9775,0.01088,-0.009,-0.073,-1.39,0
01/11/2018,0,0.0008,1.6104,0.023,0.002,-0.002,0.1,0.005
31/10/2018,0,0.0005,2.7308,0.0175,0,-0.022,-0.35,0
30/10/2018,0,0.0008,0.9522,0.01437,0.004,0.075,0.075,0.005
29/10/2018,0,-0.0008,-4.0915,0.00625,-0.016,0.004,0.375,0
26/10/2018,-0.001,0.0013,-3.6385,0.01113,-0.005,-0.028,0.425,0
25/10/2018,0,-0.0006,-3.8117,0.00125,0.01,-0.023,-1.275,0
24/10/2018,0,0.0017,0.5302,0.01812,0.002,0.016,0.95,0
23/10/2018,0,-0.0019,0.3274,0.0025,0.013,-0.009,1.1,0
22/10/2018,0,0,1.7777,0.01019,-0.002,-0.027,0.898,0
19/10/2018,0,0.0002,0.938,0.00819,-0.004,-0.019,-4.898,-0.005
18/10/2018,0.001,-0.002,-0.9939,0.01937,0.003,0.105,4.834,0
17/10/2018,0,-0.0002,0.0855,0.00507,-0.015,-0.002,1.166,-0.005
16/10/2018,0,-0.0008,1.6297,-0.00425,-0.004,-0.036,-1.1,0.005
15/10/2018,0,-0.001,-0.4095,0.01237,-0.017,-0.02,0.939,0
12/10/2018,0,0.001,-3.8765,0.00013,-0.022,-0.055,1.267,0.005
11/10/2018,0,-0.003,-2.4497,0.01112,-0.032,0.014,0.943,0
10/10/2018,0,0.001,-1.0492,0.00475,-0.01,0.011,0.801,0.005
09/10/2018,0,0.001,-1.3681,0.00619,-0.005,-0.077,-2.054,-0.005
08/10/2018,0,0.001,-1.1435,0.00619,0.003,0.047,2.828,0
05/10/2018,0,0.001,0.6589,-0.00157,0.003,0.009,-0.233,0
04/10/2018,0,-0.0002,0.227,0.00138,0.005,-0.023,-1.054,0
03/10/2018,0,-0.0005,2.2101,0.00075,-0.005,-0.106,-2.475,0.005
02/10/2018,-0.001,-0.0025,-0.2071,0.00937,-0.103,0.025,0.754,0
01/10/2018,0.001,0.0012,1.3551,-0.00025,-0.001,0.022,1.973,-0.005
28/09/2018,0,0.001,-1.0565,0.00238,-0.005,0.071,1.571,0
27/09/2018,0.001,0.0023,-25.168,0.00987,0,0.118,0.478,0
26/09/2018,0,-0.0003,-1.7481,0.00513,-0.001,0.002,0.46,0
25/09/2018,0,0,-0.5884,0.00737,0.001,-0.007,-0.506,0.005
24/09/2018,0,0.0005,0.1213,0.001,0.006,0.009,-1.492,-0.005
21/09/2018,0,0,-1.4874,0.00625,-0.001,-0.024,0.03,0.005
20/09/2018,-0.001,0.0013,1.3285,0.013,-0.001,-0.015,0.515,-0.005
19/09/2018,0.001,-0.0008,0.0847,0.01588,-0.008,0.009,0.555,0.005
18/09/2018,0,0.001,-0.8007,-0.00125,0,-0.002,-0.273,-0.024
17/09/2018,0,-0.002,1.7156,0.00162,-0.006,-0.037,-1.077,-0.001
14/09/2018,0,0.0003,-1.6075,0.003,0.006,0,0.05,0
13/09/2018,0,0.0007,-0.2893,0.00263,0.008,-0.009,0.045,0
12/09/2018,0,0,0.5919,-0.00275,-0.003,0.001,1.289,0
11/09/2018,0,-0.0006,0.879,0,-0.002,0.007,-0.596,0
10/09/2018,0,0.0006,0.7505,0.003,0.002,-0.025,-0.91,0
07/09/2018,0,-0.001,-0.3531,0.00419,0,-0.006,-1.559,0
06/09/2018,0,0.0003,1.4856,0.01025,-0.004,-0.022,1.198,0
05/09/2018,0,-0.0003,-0.3157,-0.00594,-0.003,-0.018,-0.917,0.005
04/09/2018,0,0.0013,0.1336,0.00712,-0.004,-0.028,-1.519,0
03/09/2018,0,0.0007,0.0457,-0.00512,0,-0.029,0.168,0
31/08/2018,0,-0.001,-0.7628,-0.0005,-0.002,0.059,-0.238,0
30/08/2018,0,0,-1.1554,0.00862,-0.004,0.091,2.564,0
29/08/2018,0,0.0003,0.4241,-0.00212,-0.001,-0.025,-0.253,0
28/08/2018,0,-0.0003,-0.3469,-0.0025,0.005,-0.024,-0.372,0
27/08/2018,0,0.0008,0.9175,0.00587,0,-0.004,-1.076,0
24/08/2018,0,-0.0005,0.1304,0.00587,-0.003,0.033,0.176,0
23/08/2018,0,0.0007,0.5004,-0.00037,-0.004,-0.014,-0.701,0
22/08/2018,0,-0.001,-0.4785,0.0015,0.003,0.061,-0.983,0.005
21/08/2018,0,0,0.4092,0.00062,-0.002,-0.002,-1.805,-0.005
20/08/2018,0,0,0.9155,-0.00225,-0.005,-0.083,-0.861,0
17/08/2018,0,0.0005,1.2169,-0.01037,0.004,0.098,1,0
16/08/2018,0,-0.0009,0.4603,0.0105,0.001,0.003,-0.139,0.005
15/08/2018,0,0.0014,1.5225,-0.00344,0.003,0.007,0.489,0
14/08/2018,0,-0.0009,0.6952,0.00144,-0.005,-0.015,-1.1,0
13/08/2018,0,-0.0011,1.2854,-0.0055,0,-0.006,0.671,0.005
10/08/2018,0,0.0015,-2.5863,-0.01875,0.006,0.002,1.807,-0.005
09/08/2018,0,-0.0005,-0.3339,-0.0025,-0.001,-0.028,1.403,0
08/08/2018,0,0.0003,0.795,-0.00094,-0.004,0.012,1.294,0
07/08/2018,0,0.0005,-0.3224,-0.00181,-0.001,-0.014,-0.425,0
06/08/2018,0,-0.0005,1.0169,0.00025,0.004,-0.031,-0.064,0
03/08/2018,0,0.0017,0.2262,0.0025,-0.001,0.029,1.769,-0.005
02/08/2018,0,0.0001,-0.9228,-0.00775,-0.001,0.028,1.064,0
01/08/2018,0,0.0004,1.041,-0.00031,-0.003,-0.012,-1.516,0
31/07/2018,0,-0.0003,0.3647,0.00543,0.004,-0.005,-1.203,0
30/07/2018,0.001,0,-1.4717,0.00075,0.018,0.014,-0.55,0
27/07/2018,0,-0.0002,-0.2061,0.0035,0.002,-0.012,0.203,0
26/07/2018,0.001,0.0001,-1.7117,0.002,0.001,0.02,0.249,0
25/07/2018,0,0.0004,2.0628,0.002,-0.002,-0.002,-0.986,0
24/07/2018,0,0,-0.1655,-0.00043,0.003,0.024,0.534,0
23/07/2018,0,-0.0015,-0.7856,-0.00625,0.002,-0.006,-1.721,0
20/07/2018,0,0.001,0.8563,-0.0055,0.003,0.075,-1.029,0
19/07/2018,0,-0.001,2.0897,-0.00044,0.004,-0.039,0.023,0
18/07/2018,0,-0.0002,0.0435,0.00556,0.001,-0.017,0.627,0
17/07/2018,0,-0.0002,-0.0085,0.00931,0.024,-0.066,0.086,0
16/07/2018,0,-0.0006,-0.8074,-0.00337,-0.009,-0.002,-0.162,0
13/07/2018,0,0.0013,0.5671,-0.00319,-0.001,0.034,-0.547,0
12/07/2018,0,-0.0001,0.3756,0.00219,0,0,0.403,0
11/07/2018,0,-0.0002,0.4059,-0.00044,0,-0.039,-0.443,0
10/07/2018,0,0.0005,4.1037,0.00431,-0.007,-0.008,-0.831,0
09/07/2018,0,-0.0003,-1.0617,0.00169,0.019,0.024,-0.811,0
06/07/2018,0,-0.0002,-1.039,-0.00719,0,-0.009,0.372,0
05/07/2018,0,0.001,-0.9131,0.00132,0.006,0.01,1.263,0.005
04/07/2018,0,-0.0013,0.36,0.00006,0.001,0.008,-3.044,0
03/07/2018,0,0.0012,1.2181,-0.00525,0.016,-0.038,-0.736,0
02/07/2018,0,-0.003,2.5869,0.00675,0.005,0.001,1.038,0
29/06/2018,0.003,0.0021,1.3806,-0.00163,-0.002,-0.029,-0.506,0
28/06/2018,0,0.001,-0.751,0.003,0,0.217,-0.142,0
27/06/2018,-0.001,-0.001,-0.935,-0.00125,-0.005,-0.054,0.31,0
26/06/2018,0.001,-0.0002,-0.4166,-0.00137,0.005,0.004,-0.938,0.01
25/06/2018,-0.001,-0.0018,0.2869,-0.00188,-0.017,0.042,1.038,0
22/06/2018,0,-0.0007,-1.8675,0.00382,-0.003,0.046,-1.35,0
21/06/2018,0,0.0008,-1.149,0.00318,-0.001,0.012,3.845,-0.005
20/06/2018,0,-0.0003,4.1319,0.00163,-0.002,0.014,1.153,0
19/06/2018,0,0.0002,3.2525,0.00556,0.001,0,0.552,-0.018
18/06/2018,-0.002,-0.0008,-5.0559,-0.00125,0.002,-0.034,-0.537,0.003
15/06/2018,0,-0.0001,2.3688,-0.00875,0,-0.018,-0.84,0
14/06/2018,0,0.0004,0.9859,-0.00594,0,-0.013,-0.042,0
13/06/2018,0,-0.001,2.7873,0.005,-0.005,0.018,0.327,0.005
12/06/2018,0,0.0005,2.4692,0.003,-0.009,-0.044,-1.458,0
11/06/2018,0,0.0003,1.1231,0.00632,0.019,-0.061,-4.545,0
08/06/2018,0,-0.0023,-1.1544,-0.00082,0.005,-0.002,1.997,-0.005
07/06/2018,0,0.003,-1.1166,0.00625,0.003,-0.019,2.33,0
06/06/2018,0.001,0,-2.7816,0.00169,-0.014,0.052,-3.232,0
05/06/2018,-0.001,0.0025,2.1438,0.00538,0.01,0.007,2.2,0
04/06/2018,0,0.0002,3.2016,-0.004,-0.001,-0.124,0.75,0.005
01/06/2018,0,-0.0003,-0.4386,-0.00344,0.006,0.008,-2.182,0
31/05/2018,0,0.0026,-0.6296,0.02094,0.001,-0.035,-0.306,0.01
30/05/2018,0,-0.0069,9.9045,-0.00688,-0.016,-0.256,-9.372,0
29/05/2018,0.001,0.0074,-3.7934,-0.01094,-0.016,0.352,7.475,-0.005
28/05/2018,0.001,-0.0015,-0.2347,-0.00125,0.004,0.05,4.858,0
25/05/2018,0.001,0.0003,-3.842,-0.00125,-0.001,0.065,1.881,-0.005
24/05/2018,-0.001,0.0007,2.9603,-0.01062,-0.01,0.014,0.432,0
23/05/2018,0.001,-0.0005,-4.7269,0,0.014,-0.009,0.464,0
22/05/2018,0.001,0.0005,-1.3799,0,-0.015,-0.045,-1.399,0
21/05/2018,0.001,-0.001,-1.5957,0.00062,0.004,0.005,2.427,0
18/05/2018,0,0.001,-1.3754,-0.00187,-0.01,0.048,2.213,0
17/05/2018,0,-0.0018,1.2753,0.00562,-0.012,-0.007,-1.151,0
16/05/2018,0,-0.0006,1.2262,0.005,0.004,0.105,2.631,0
15/05/2018,0,0.0012,-3.2192,-0.00937,-0.005,-0.004,-0.888,0
14/05/2018,0.001,-0.0008,0.4387,-0.0125,0.002,-0.042,-1.076,-0.005
11/05/2018,-0.001,0,1.4718,-0.0125,-0.004,-0.001,-0.156,0.005
10/05/2018,0.001,-0.0002,0.5069,-0.00075,0.005,-0.004,-0.101,-0.015
09/05/2018,0.001,0.0017,1.928,0.00325,0,-0.001,0.604,0
08/05/2018,0,-0.0005,1.5751,-0.01656,0.025,-0.01,-0.304,0
07/05/2018,0,0,-0.2396,0.00593,-0.005,-0.005,0.319,0.005
04/05/2018,0,0,0.5982,0.00593,-0.005,0.037,-0.807,0
03/05/2018,0.001,0.002,3.7343,0.00019,0.003,0.004,0.488,-0.005
02/05/2018,0,-0.001,4.9662,0.00919,-0.005,0.005,-1.047,0.005
01/05/2018,0,0,-0.1745,-0.00919,0,0,0,0
30/04/2018,0,0,-1.6091,0.00489,0.002,-0.009,0.594,0
27/04/2018,-0.001,-0.0005,1.9539,-0.00073,0.003,0.036,0.486,0.005
26/04/2018,0,0,-0.6801,-0.00683,-0.004,0.001,0.924,-0.005
25/04/2018,0,0.0005,0.5385,0.00394,-0.002,0.037,-0.282,0
24/04/2018,0,0,2.5913,0.00213,0.004,-0.003,0.537,0.005
23/04/2018,0,0,-1.8389,0.00031,-0.003,0.008,-0.546,-0.005
20/04/2018,0,-0.002,-1.9816,-0.00233,-0.003,0.002,0.618,0.005
19/04/2018,0,0.0005,-1.1646,0.0029,0.005,0.007,-0.821,0
18/04/2018,0,0.0013,1.3178,0.00327,0.002,-0.016,-1.232,0
17/04/2018,0.001,-0.0005,3.3108,0.0003,-0.001,0.072,0.063,-0.005
16/04/2018,0,-0.0013,1.5101,0.00228,-0.005,-0.028,-1.311,0
13/04/2018,0,0.0003,-1.079,0.00512,-0.003,-0.057,1.016,0.005
12/04/2018,0,-0.0003,-2.6073,0.00606,-0.001,-0.058,0.765,0
11/04/2018,0,0,-1.2386,0.0026,0.002,0.008,0.451,0
10/04/2018,0,0.001,1.181,0.00173,-0.015,0.003,-1.243,0
09/04/2018,0,0.0005,3.7134,-0.00016,0.007,-0.006,-0.684,0
06/04/2018,-0.001,-0.0015,1.9452,0.00683,0.004,-0.008,0.39,0
05/04/2018,0,0.0005,4.3034,0.00602,0.001,-0.011,-0.903,0
04/04/2018,0,-0.0009,-5.8566,0.00377,0,-0.022,-0.299,0
03/04/2018,0,0.0014,-3.4581,0.00909,0.012,-0.001,-0.887,0
02/04/2018,0.001,0.0005,0.6751,0.00375,0,0,0,0
30/03/2018,0.001,0,0.3054,0.00375,0,0,0,0
29/03/2018,0.001,0,0.9506,0.00375,-0.001,0.003,0.641,0
28/03/2018,0,-0.0005,-3.1657,0.006,0.003,0.036,-0.757,0
27/03/2018,0,0,3.7604,0.00704,0.02,-0.002,0.245,0
26/03/2018,0,-0.0005,1.2467,0.00341,0.001,-0.013,-0.321,0
23/03/2018,0,0,-1.235,0.00598,-0.001,-0.004,0.47,0
22/03/2018,0,-0.0007,-4.9207,0.01449,0.008,0.001,0.79,0
21/03/2018,0,0.0002,10.2735,0.02294,0.001,0.011,0.243,0
20/03/2018,0,0,0.631,0.02565,0.003,-0.002,-0.32,-0.009
19/03/2018,-0.001,-0.001,1.0934,0.02074,0.02,-0.002,0.817,-0.001
16/03/2018,0,0,7.8738,0.02425,-0.001,0.008,0.588,0
15/03/2018,-0.001,-0.001,-2.2223,0.0325,0.003,-0.005,-0.077,0.005
14/03/2018,0,0,-3.0356,0.0205,-0.003,-0.002,0.055,0
13/03/2018,0,-0.0004,-3.3365,0.01762,-0.004,-0.011,-0.663,-0.005
12/03/2018,0,-0.0001,-0.1456,0.01813,0.001,-0.001,0.3,0.005
09/03/2018,0,-0.0005,-1.028,0.01735,0.008,0.001,0.541,-0.005
08/03/2018,0,0.0003,0.7168,0.01415,-0.004,-0.002,1.197,0.005
07/03/2018,0,0.0005,-0.79,0.00997,-0.001,-0.003,-4.896,0
06/03/2018,0,-0.0008,2.2461,0.01238,-0.001,0.001,-0.442,0
05/03/2018,0,0.0002,0.1609,0.00971,-0.008,0.007,0.571,0.005
02/03/2018,0,-0.0008,2.0794,0.00062,0.009,0.005,0.478,-0.005
01/03/2018,0,0.0004,-2.0484,0.00738,-0.032,-0.004,1.284,0
28/02/2018,0.001,0.0006,-3.1715,0.01094,-0.023,-0.013,1.58,0.005
27/02/2018,0,0.0003,-2.2053,0.02206,0.015,-0.006,-0.97,0.005
26/02/2018,0,-0.0009,-1.5991,0.02794,-0.003,0.016,-0.028,0
23/02/2018,0,0.0002,-1.9636,0.01262,0.002,0.004,0.637,-0.005
22/02/2018,0.001,0.0012,2.3134,0.02388,-0.004,0,0.606,0
21/02/2018,0,-0.0009,-2.7418,0.01581,-0.007,0.023,-0.16,0
20/02/2018,0,-0.0003,-1.707,0.01181,-0.007,0.006,0.627,0
19/02/2018,-0.001,0,0.695,0.00719,0.002,0.001,0.411,0
16/02/2018,0,0,-2.019,0.01244,-0.007,0.011,1.064,0
15/02/2018,0,0,-1.7412,0.0225,0.003,-0.016,-0.488,0
14/02/2018,0.001,-0.0006,1.1028,0.01125,0.002,-0.012,-0.612,0
13/02/2018,0,0.0003,3.8072,0.00537,0.006,-0.009,-0.6,0
12/02/2018,0,0.0003,2.8943,0.01338,-0.001,-0.011,0.557,0
09/02/2018,0,-0.001,-7.1039,0.0095,-0.003,-0.011,1.118,0
08/02/2018,0,0.0003,-3.8105,0.01061,0.005,0.001,0.737,-0.005
07/02/2018,0,-0.0033,0.505,0.00919,-0.001,-0.008,-0.986,0.005
06/02/2018,0,0.0015,0.4324,-0.00275,-0.003,0.014,-0.752,-0.005
05/02/2018,0,-0.0015,-1.448,0.00443,0.006,0.005,1.499,0
02/02/2018,-0.001,-0.001,0.7999,0.00204,-0.007,0.007,0.087,0
01/02/2018,0,-0.0005,0.0619,0.00921,-0.013,-0.004,0.714,0
31/01/2018,0,-0.0001,-0.5299,0.00437,-0.004,-0.007,-0.624,0.005
30/01/2018,0,-0.0004,-1.5153,0.00115,0.033,0.029,-0.243,-0.005
29/01/2018,0,-0.0005,-3.8527,0.00535,-0.026,-0.021,-0.871,0.005
26/01/2018,-0.001,0.0002,0.8037,0.00659,0.02,0.001,-1.929,-0.005
25/01/2018,0.001,0.0004,-2.2307,0.00785,-0.002,0.001,-0.991,0
24/01/2018,0,0.0009,1.8253,0.00726,-0.003,-0.01,-0.681,0.005
23/01/2018,0,-0.0006,1.348,0.0039,-0.003,-0.027,-0.472,0
22/01/2018,0,-0.0004,-2.788,-0.00317,-0.001,0.018,0.317,-0.005
19/01/2018,0,-0.001,0.6963,-0.00023,0.004,0.02,0.884,0.005
18/01/2018,0,0.0004,1.3984,0.00552,-0.012,0.006,1.045,-0.005
17/01/2018,0.001,-0.0014,-2.0755,0.0051,0,-0.004,-0.609,0.005
16/01/2018,0,0,-0.4518,0.00275,0.001,-0.032,-0.453,0
15/01/2018,0,-0.001,-1.6194,0.00981,0.006,0.009,0.766,0
12/01/2018,0,0.0013,3.8291,0.00133,-0.001,0.018,0.329,0
11/01/2018,0,-0.0003,-1.2922,0.01108,0.005,-0.042,-3.271,0
10/01/2018,0,-0.001,-0.7275,0.00454,-0.009,0.046,0.315,-0.005
09/01/2018,0,0,0.3861,-0.00345,-0.007,-0.001,-0.036,0
08/01/2018,0,0,-1.9037,0.00409,0.035,0.04,0.428,0.005
05/01/2018,0,-0.0007,-0.4547,0.00012,0.005,0.005,-0.567,0
04/01/2018,0,-0.0002,-1.6899,0.00788,-0.01,0.033,-0.526,0
03/01/2018,0,-0.0027,-0.7072,-0.001,0.082,0.047,0.878,-0.005
02/01/2018,0,0.0001,2.3126,0.00265,0.098,0.031,-1.221,0.005
01/01/2018,0,0.0005,0.2885,-0.00037,0,0,1.514,0
29/12/2017,0,0.0005,-2.2713,-0.00037,0.011,-0.022,1.514,0
28/12/2017,0,0.0005,42.2665,0.00126,0.036,0.253,0.41,-0.005
27/12/2017,0,-0.0007,14.0749,0.00762,-0.008,0.041,0.234,0
26/12/2017,0,0.0032,6.1414,0.01113,0,0,-0.404,0
25/12/2017,0,0.0032,-9.8879,0.01113,0,0,-0.404,0
22/12/2017,0,0.0032,-6.6738,0.01113,-0.029,-0.023,-0.404,0
21/12/2017,0,0.002,-9.6911,0.01671,0.062,-0.027,-1.484,0
20/12/2017,0,-0.0005,2.2642,0.0159,0.05,0.188,-1.142,0.005
19/12/2017,0,0.0018,24.686,0.01655,-0.006,-0.005,-1.199,-0.009
18/12/2017,0,-0.0008,11.9113,0.01217,0,-0.262,-1.046,-0.001
15/12/2017,0.002,-0.0015,-22.7179,0.01289,-0.009,-0.048,-1.27,0
14/12/2017,-0.002,-0.008,-11.2983,0.01193,-0.037,-0.12,-1.137,0
13/12/2017,-0.002,-0.0085,-2.6383,0.01497,-0.053,0.032,0.236,0
12/12/2017,0,0.0012,-7.0345,0.01005,-0.001,-0.011,0.146,0.005
11/12/2017,-0.001,-0.0012,1.4616,0.01469,-0.056,0.015,-0.66,0.005
08/12/2017,-0.001,0.0018,0.9265,0.01272,0.002,0.006,-2.439,-0.005
07/12/2017,0.001,0.0075,-11.7391,0.01343,-0.009,-0.002,2.099,0
06/12/2017,0,-0.0015,-0.31,0.00731,-0.026,-0.014,-3.771,0
05/12/2017,0,-0.0029,-2.7544,0.00683,0.04,-0.01,2.426,0.005
04/12/2017,0,0.0054,-3.1856,0.01386,-0.016,0.014,-0.355,-0.005
01/12/2017,0.003,0.0062,-1.73,0.00725,0,0.022,2.37,0
30/11/2017,0,0.008,0.7625,0.00675,-0.018,-0.125,0.83,-0.005
29/11/2017,0,0,2.3779,0.00181,-0.009,0.016,-0.838,0.005
28/11/2017,0,0,-4.2924,0.00157,-0.006,-0.003,-0.243,0
27/11/2017,0,0,-1.7624,0.00962,-0.004,0,0.932,0
24/11/2017,0,0,-0.3102,0.00557,0,-0.006,0.251,0
23/11/2017,0,-0.0001,1.6909,-0.00027,0.001,-0.005,-0.624,0
22/11/2017,0,-0.0001,3.0476,0.00833,0.002,-0.008,-1.422,-0.005
21/11/2017,0,0.0002,-0.7764,0.00806,0.032,-0.015,-0.356,0
20/11/2017,0,0,-2.3006,0.00527,-0.002,0,-0.3,0
17/11/2017,0,-0.0002,1.5996,0.005,-0.016,0.01,0.5,0
16/11/2017,0,0.0002,-1.7667,0.01377,-0.015,-0.011,-0.7,0
15/11/2017,0,-0.0002,-0.669,0.00291,-0.013,-0.011,0.856,0
14/11/2017,0,0.0002,1.902,0.00313,0,0.008,-0.046,0.005
13/11/2017,0,0.0003,-1.2949,0.00297,0,0.003,-0.704,0
10/11/2017,0,0.0002,-2.5049,0,-0.008,-0.009,-0.356,-0.005
09/11/2017,0,-0.0007,1.1511,0.00308,0.001,0.01,-0.286,0
08/11/2017,0,0.0002,-1.9789,0.00723,0.004,-0.041,-0.389,0.005
07/11/2017,0,0,-1.7242,0.00555,0.022,-0.016,0.087,-0.005
06/11/2017,0,-0.0007,0.6621,0.00509,-0.011,0.001,0.79,0
03/11/2017,0,-0.0008,0.6142,0.00055,0.003,0.001,0.224,0.005
02/11/2017,0,0.0015,-0.435,0.00656,-0.008,-0.005,-0.182,-0.005
01/11/2017,0.002,-0.001,-0.3,0.00361,-0.004,-0.023,0.206,0
31/10/2017,0,0.0008,-0.6045,0.00444,-0.002,-0.001,-0.4,0.005
30/10/2017,0,0.0002,0.3076,-0.00331,0.003,-0.01,-1.351,-0.005
27/10/2017,0,0,0.5152,0.00213,-0.006,0.005,1.863,0
26/10/2017,0,-0.0005,-1.9489,0.0035,0.001,-0.017,2.722,0.005
25/10/2017,-0.001,-0.0012,1.3603,0.00382,0.002,0.008,0.062,0.005
24/10/2017,-0.001,0.0017,0.9245,0.00322,0.015,0.007,-1.396,-0.005
23/10/2017,0,0,-1.302,0.00266,-0.016,-0.006,0.492,0
20/10/2017,0,-0.0007,-0.3008,0.00226,-0.004,0.005,-1.004,0.005
19/10/2017,0,0.0005,-1.707,-0.00011,0.008,0,0.648,0
18/10/2017,0,-0.0003,0.6285,0.00528,0.009,-0.008,-0.536,-0.005
17/10/2017,0,-0.0019,1.7522,0.00344,0,-0.016,-0.409,0
16/10/2017,0,0.0024,1.1417,0.00056,-0.002,0.009,0.593,0
13/10/2017,0,-0.0012,0.9557,-0.00584,0.004,-0.003,1.377,0
12/10/2017,0,0,-0.5633,0.00056,-0.011,-0.006,0.839,0
11/10/2017,0,0,-1.0435,0.00194,0,-0.014,-0.662,0.005
10/10/2017,0,0,-0.8921,0.00028,-0.101,0.009,0.062,0
09/10/2017,0,0.0007,0.5451,0.00611,-0.007,0.009,-0.469,0
06/10/2017,0,-0.0007,-6.3791,0.00167,-0.009,0.004,0.071,0
05/10/2017,0,-0.0003,4.1859,0.00194,0.01,0.001,-0.552,-0.005
04/10/2017,0.001,0.0008,0.5031,0.00417,0,0.01,-0.45,0.005
03/10/2017,-0.001,-0.0003,3.8702,0.00694,0.002,0.004,0.5,0
02/10/2017,0,-0.0002,-1.1368,0.00167,0.012,0.003,1.25,-0.005
29/09/2017,0,0.0012,0.2719,-0.00111,0.008,-0.009,-0.6,0
28/09/2017,0,0,-7.0677,0.00222,-0.008,-0.003,-0.0695,0
27/09/2017,0,0,-0.3037,0.00195,-0.003,-0.001,0.188,0.005
26/09/2017,0,0.0003,0.7137,0.00111,0.028,-0.001,-0.247,-0.005
25/09/2017,0,0.0011,-3.0225,0.00028,-0.003,0.002,3.0785,0.005
22/09/2017,0.001,0.0006,-4.6257,0.00111,-0.001,0.002,-0.133,0
21/09/2017,-0.001,-0.0002,0.5858,0.00527,0.002,-0.005,-0.4215,0
20/09/2017,0.001,0.0002,0.1393,-0.00305,-0.003,0.004,0,-0.005
19/09/2017,-0.001,-0.0012,-0.7841,0.00111,0.001,0.002,-0.6455,-0.004
18/09/2017,0,0.0004,-1.64,0.00111,0.003,-0.003,-1.1855,-0.001
15/09/2017,0,-0.0008,-0.0442,0.00278,0.003,0.012,-0.2535,0
14/09/2017,0,0.0005,0.9061,0.00111,-0.001,-0.002,0.3755,0
13/09/2017,0.001,0.0009,-0.0282,0.00083,0.001,0.006,-0.7935,0
12/09/2017,0.001,0.0005,0.2714,0.0025,-0.003,0.008,-1.183,-0.005
11/09/2017,0,-0.0005,-1.1889,0.00634,0.006,0.01,-0.2355,0.005
08/09/2017,-0.001,0.0002,-0.0374,-0.00689,0.001,-0.006,0,0
07/09/2017,-0.001,-0.001,1.4704,0,-0.007,0.002,1.8755,0.005
06/09/2017,0,0,0.9734,0,0.006,0.01,-4.8,0
05/09/2017,0,0,-0.7216,0.00111,-0.005,-0.012,1.765,0
04/09/2017,0,-0.0002,0.4756,0,0.016,-0.003,0.9135,-0.005
01/09/2017,0,0.0002,0.4985,-0.00167,0.001,0.003,-0.305,0
31/08/2017,0.001,-0.001,1.6899,0.00167,-0.003,-0.024,-0.0605,0
30/08/2017,0,0.001,1.6041,-0.00083,-0.001,0.01,0.5285,0.005
29/08/2017,-0.001,-0.001,-1.7601,-0.00084,0.013,-0.004,-0.136,-0.005
28/08/2017,0,0.0006,-0.8392,0.00056,0.006,-0.001,0.612,0.005
25/08/2017,0,-0.0003,0.7525,0.00056,-0.008,0.005,0.236,-0.005
24/08/2017,0,0.0007,-0.853,0,-0.002,-0.008,0.177,0
23/08/2017,-0.001,0,0.0409,0,-0.01,0.007,1.2995,0
22/08/2017,0.001,-0.0001,0.3946,0.00278,-0.01,0.004,-0.0805,0.005
21/08/2017,0,-0.0004,0.6316,-0.00028,0.001,0.004,2.0365,0
18/08/2017,0,0,0.6009,-0.00167,0.003,-0.009,-0.327,-0.005
17/08/2017,0,0,-2.1071,-0.00028,-0.007,0,-1.0215,0
16/08/2017,0,-0.0005,2.3983,0.0025,-0.001,0.006,1.1,0.005
15/08/2017,0,0,1.8157,0,0.015,-0.003,-0.3525,-0.005
14/08/2017,0,-0.0004,-1.6877,-0.00083,0.003,0.001,-0.1035,0
11/08/2017,0,-0.0003,-2.6422,0.00589,-0.001,-0.003,1.1245,0
10/08/2017,-0.001,0.0002,-1.2058,-0.00006,0.001,0.027,0.4315,0
09/08/2017,0,0.0003,-0.0277,-0.00027,-0.001,0.012,2.0015,0.005
08/08/2017,0,0.0012,0.9375,-0.00195,-0.001,-0.014,-1.669,0
07/08/2017,0.001,0.0005,-0.8819,-0.00055,-0.01,0.003,0.0045,-0.005
04/08/2017,0,0.0003,0.1674,0.00027,-0.005,-0.005,0.5575,0.005
03/08/2017,0.002,0,1.8643,-0.00111,-0.009,-0.003,-1.6285,0
02/08/2017,0,0.0002,0.2081,0.00222,-0.009,0.001,0.0945,-0.005
01/08/2017,-0.001,0,0.4178,0,0.024,-0.003,1.041,0
31/07/2017,-0.001,0,1.0353,0,-0.026,-0.007,0.186,0
28/07/2017,0,-0.0007,0.4193,-0.00055,-0.001,0.086,0.7195,0.005
27/07/2017,0.001,0.0005,-1.6821,-0.00278,-0.006,-0.005,1.896,-0.005
26/07/2017,-0.001,-0.001,1.8433,-0.00278,-0.005,0.014,1.116,0
25/07/2017,0,0.0002,-1.3221,0.00278,0.006,-0.011,-0.5975,0
24/07/2017,0.002,0.0008,-0.5381,-0.00055,0.016,-0.019,1.295,0.005
21/07/2017,0.001,-0.0008,-0.3446,0.00194,-0.013,-0.056,-1.1745,-0.005
20/07/2017,0,0.0001,-0.2581,0.00528,-0.004,0.002,0.093,0.005
19/07/2017,-0.001,0.0002,3.3788,0.00028,-0.011,-0.032,-0.316,0
18/07/2017,-0.001,0,-2.2091,0.00083,-0.002,-0.011,0.6295,0.005
17/07/2017,0.001,0,-1.9487,0.0025,0.002,-0.003,0.7585,0
14/07/2017,0,-0.0003,-0.3114,0,0.002,-0.001,-1.0985,-0.005
13/07/2017,0,-0.0015,0.6539,-0.00028,-0.006,0.008,-0.0595,0
12/07/2017,0,0.0015,0.4939,0.00039,0.002,-0.008,1.23,0
11/07/2017,0,0,-0.6458,-0.00061,0.006,0.013,0.1745,0
10/07/2017,0,-0.001,-0.4138,-0.00111,0.008,-0.019,-0.774,0
07/07/2017,-0.001,0,0.3677,0.00111,0.02,-0.003,2.659,0
06/07/2017,0.001,0.001,-0.3692,0.00111,0.004,0.007,0.474,0.005
05/07/2017,-0.002,-0.0002,-2.131,0.00089,-0.003,0.004,-1.6155,0
04/07/2017,0.002,0.0002,1.2884,0.00139,-0.011,-0.003,0.4155,-0.005
03/07/2017,0,0,1.1854,0.00155,0.004,-0.007,0.2,0.01
30/06/2017,0,0.0013,0.5456,0.00056,0.015,0.008,1.755,-0.005
29/06/2017,0,0.0007,1.3378,0.00222,-0.001,-0.003,-1.1385,0
28/06/2017,0,0.0001,1.3435,0.00133,0.003,0.011,1.387,0
27/06/2017,0,-0.0001,0.6749,0.00023,0.008,0.033,-2.7,-0.005
26/06/2017,0,-0.0002,-1.1482,0.00155,-0.029,0.01,-0.4805,0.005
23/06/2017,-0.001,-0.0013,-0.1611,-0.00228,-0.007,0.009,-0.284,0
22/06/2017,-0.001,0.0003,-0.7614,0.00612,0,0.006,-0.891,0
21/06/2017,0,0.0012,2.7778,0.00222,-0.003,-0.002,-0.8685,0
20/06/2017,0,0,-1.0605,0.007,0.01,0.006,-0.9795,-0.009
19/06/2017,0,0.001,-1.6689,0.00666,-0.001,0.023,-0.016,-0.001
16/06/2017,0,-0.0007,0.4937,0.00612,-0.001,0.003,0.0915,0
15/06/2017,0.002,0.0007,-0.1864,0.01711,-0.002,-0.022,-3.815,0
14/06/2017,0,0,-0.6836,0.00477,-0.007,-0.072,-1.1105,0
13/06/2017,0,-0.0012,0.6793,0.00389,-0.003,0.009,-1,0
12/06/2017,0,0.0012,0.1254,0.00523,0.009,-0.005,-0.6,0
09/06/2017,-0.001,0.001,-0.9569,0.00833,0.001,0.008,-0.57,0
08/06/2017,-0.001,-0.001,-1.0495,0.00711,-0.011,-0.002,1.22,0
07/06/2017,0,0,-0.0545,0.002,-0.002,-0.013,-5.8,0
06/06/2017,0,0,0.4346,-0.00056,0.017,-0.015,2.65,0
05/06/2017,0,0,0.3192,-0.00294,-0.01,0.002,-1.35,0
02/06/2017,0,0.0005,1.9514,0.00444,0.006,-0.011,1.4195,0
01/06/2017,0,-0.0005,1.5383,0.00806,0,-0.003,-0.8695,0
31/05/2017,0,0.0001,1.9004,0.00822,0.004,-0.004,0.95,0
30/05/2017,0,-0.0011,1.5171,0,-0.007,0.032,-1.3,0
29/05/2017,0,0.001,-1.6411,0.00139,0.001,0.022,2.55,0
26/05/2017,0,-0.0001,-1.7777,0.00139,0.001,0.008,0.488,0
25/05/2017,0,-0.0002,0.2122,0.00278,0,0.005,0.727,0.005
24/05/2017,0.001,0.0003,-0.6124,0.00894,-0.009,0.012,0.335,0
23/05/2017,-0.001,0,-0.8669,-0.00333,0.011,-0.014,-0.1,-0.005
22/05/2017,0.002,0.001,0.272,0.00556,-0.003,-0.019,-0.5,0
19/05/2017,0,-0.001,2.0482,0.01472,0.002,-0.006,-0.63,0
18/05/2017,0,0,1.0979,-0.00667,-0.002,-0.007,1.18,0
17/05/2017,0,-0.0015,-3.4532,-0.00278,-0.007,-0.005,2.121,0
16/05/2017,-0.001,-0.0005,1.423,0.00173,-0.001,-0.008,-0.746,0
15/05/2017,-0.001,0.0008,0.721,-0.00012,0.008,0.009,-0.755,0
12/05/2017,0,-0.0013,-0.6144,-0.00222,-0.005,0.002,0.53,0
11/05/2017,0,0.0005,-1.1547,0.00084,-0.012,-0.026,0.011,0
10/05/2017,0,0,-0.2792,-0.00106,0.019,-0.005,-0.961,0.005
09/05/2017,0,-0.001,-0.0866,-0.00256,-0.024,0.006,0.3265,0
08/05/2017,0,0,1.6166,0.00417,-0.019,0.008,-1.561,0
05/05/2017,0,0.001,0.7306,0.00111,-0.005,0.002,0.0015,-0.005
04/05/2017,0,0.0005,2.3193,0.00806,-0.009,-0.007,-2.1845,-0.005
03/05/2017,0,-0.0005,1.7883,-0.0025,0.006,0.008,0.74,0.005
02/05/2017,0,-0.0005,0.7588,0.00139,0.015,-0.018,-2.0225,0
01/05/2017,0,-0.0025,-0.003,0.00277,0,0,-0.451,0
28/04/2017,0,-0.0025,-1.8403,0.00277,0,0.004,-0.451,0
27/04/2017,0,0.0015,-2.9014,-0.00222,0.005,-0.006,3.451,0.005
26/04/2017,0,-0.0007,-1.2606,0.00139,0,-0.011,0.609,0
25/04/2017,0,0.0002,0.9929,0.00389,0.026,0.003,0.091,0
24/04/2017,0.002,0.0045,6.7399,0.01028,-0.072,0,-8.3075,0.015
21/04/2017,0.001,-0.0005,-3.6917,0.00305,0.005,0.016,0.502,-0.01
20/04/2017,0,0.002,0.6585,-0.0025,0.003,-0.006,0.1055,0.005
19/04/2017,-0.001,-0.0025,1.8979,-0.00055,-0.009,0.015,-6.2975,0
18/04/2017,0,-0.0005,1.3878,-0.00222,0.045,-0.02,-0.9025,0
17/04/2017,0.001,0,-1.3614,0,0,0,0,0
14/04/2017,0.001,0,2.0335,0,0,0,0,0
13/04/2017,0.001,0,-4.0162,0,-0.002,0.007,2.35,0
12/04/2017,0,-0.0045,1.5101,0.00333,-0.017,-0.003,-0.559,0
11/04/2017,0,-0.0025,-0.3758,-0.00056,-0.013,0.011,0.509,-0.01
10/04/2017,-0.002,-0.0007,-3.7202,-0.00194,0.021,-0.005,2.2,0.005
07/04/2017,0,0.0002,-3.2102,0.00222,0.007,0.002,2.05,0
06/04/2017,-0.001,0.0005,-0.1692,0.005,-0.003,0.002,-1.2845,0
05/04/2017,0.001,0,2.18,0.00056,0,-0.004,1.636,0
04/04/2017,0,-0.0005,1.2552,0,0.006,-0.021,-2.2515,0
03/04/2017,-0.001,-0.0015,1.023,0.00027,0.008,-0.01,5.2645,0
31/03/2017,0.001,-0.001,-1.2383,0.00195,-0.007,-0.002,0.3855,0
30/03/2017,0,-0.0004,-0.7798,0.00083,0.043,0.015,0.1,0
29/03/2017,0,-0.0008,-0.3898,-0.00544,0.013,0.02,3.2555,0.005
28/03/2017,0,0.0002,-1.1192,0.00033,0.037,0.003,0.082,0
27/03/2017,0,-0.0015,4.0225,0.00061,0.024,0.014,-3.7785,0.005
24/03/2017,0,0.0005,3.2497,-0.00161,-0.009,0.011,-0.1135,0
23/03/2017,0,0,0.1946,-0.00389,-0.011,0.009,-2.4325,0.01
22/03/2017,-0.001,0.001,-0.7563,0.00056,-0.004,-0.016,1.6455,0
21/03/2017,0,0,2.7142,0,-0.014,0.012,-3.665,0
20/03/2017,0,-0.0002,-0.3618,0.00444,0.052,0.002,1.551,0.005
17/03/2017,0,0.0012,-2.424,0,0.029,-0.018,-1.2655,-0.01
16/03/2017,0,-0.0009,-0.3957,0.00361,-0.012,0.011,-3.1435,0
15/03/2017,0.001,0.0008,-0.5917,0.01084,0.054,-0.022,1.064,0
14/03/2017,0,0.0001,-4.9005,0.00611,0.064,0.007,0.2385,-0.025
13/03/2017,-0.001,0.001,-2.0146,0.01,0.012,0.018,-2.888,0
10/03/2017,0,-0.001,3.4619,0.00166,-0.011,-0.014,-0.6265,0.005
09/03/2017,0,0.001,2.4341,0.01056,-0.072,-0.003,3.9445,0
08/03/2017,-0.001,0,0.7659,0.00278,-0.02,0.008,-8.084,-0.005
07/03/2017,0.001,0,-0.4443,0,-0.017,0.006,4.866,0.005
06/03/2017,0,0.001,-1.5066,0.00455,-0.047,0.002,2.1,0
03/03/2017,0,0,3.2176,0.00167,-0.006,-0.003,0.105,0
02/03/2017,0,0.001,3.527,0.00722,-0.01,0.005,1.5615,0
01/03/2017,0.001,0,-2.7551,0.02878,-0.003,-0.004,-5.7215,0
28/02/2017,-0.001,0,4.2398,0.00944,0.027,-0.022,-1.345,0
27/02/2017,0,0,2.8741,0.00056,-0.029,0.061,-2.7255,0
24/02/2017,0,0,0.4327,0.00167,-0.051,-0.025,3.8255,-0.005
23/02/2017,0.001,-0.0005,2.1862,-0.00167,0.002,0,2.326,0.005
22/02/2017,-0.001,-0.001,-0.9152,0.00056,0.012,-0.028,1.124,0
21/02/2017,0,-0.0005,-1.2313,0.00333,0.02,0.016,1.55,0
20/02/2017,0,-0.001,0.3972,-0.00222,0.02,-0.001,3.25,0
17/02/2017,-0.001,-0.0002,-0.8295,-0.00417,0.001,-0.003,2.2,0.005
16/02/2017,0,0.0002,-0.4477,0.01472,0.006,0.001,-1.15,0
15/02/2017,0,-0.001,2.473,0.00445,0.003,0.002,-0.5,0
14/02/2017,0.001,0,1.3545,-0.00167,-0.01,-0.009,0.597,0
13/02/2017,0,-0.0002,-1.9945,0.00278,0.001,0,0.303,0
10/02/2017,-0.001,-0.0008,0.2021,0.0025,0.005,0.004,1.669,0
09/02/2017,0,0,1.5577,0,0.019,0.003,-0.669,0
08/02/2017,0,0.0008,2.5133,-0.00445,-0.002,0.004,0.271,0
07/02/2017,0,0.0002,0.5928,-0.00027,0,0.017,0.3685,0.005
06/02/2017,0,-0.001,-1.3651,0.00444,-0.083,-0.003,3.783,-0.005
03/02/2017,0,0.0015,0.0722,0.00028,0.022,0.016,0.1775,-0.005
02/02/2017,0,0.0005,1.1186,-0.00084,0.007,-0.01,1.5,0
01/02/2017,-0.001,0.002,-1.6687,0,-0.046,-0.057,1.8,0
31/01/2017,0.001,0.001,3.7259,0.00056,-0.009,0.013,1.627,0
30/01/2017,0,0,4.6613,-0.005,0.006,0.052,1.3075,0
27/01/2017,0,0,0.2425,0,-0.018,-0.01,0.8155,-0.005
26/01/2017,0,0,-3.0683,0.00167,0.012,0.003,-0.0195,0.005
25/01/2017,0,0,2.362,0.00555,-0.003,-0.012,-0.9735,-0.005
24/01/2017,-0.001,0.001,3.6064,-0.00611,0,-0.004,-0.4285,0
23/01/2017,0.001,-0.002,1.6471,-0.00555,-0.015,-0.003,-0.0475,0.005
20/01/2017,0.001,0.001,0.1323,0.00222,0.053,0.002,-1.681,-0.01
19/01/2017,0,0.0005,0.4467,0.01111,-0.002,0.013,-0.7785,0.005
18/01/2017,0,0.0005,0.0379,0.00528,-0.024,-0.013,-1.25,-0.005
17/01/2017,-0.001,-0.001,0.5721,0.00111,0.022,-0.013,0.7785,0.005
16/01/2017,-0.001,-0.001,-2.5794,0.00055,0.043,0.004,2.34,0
13/01/2017,0,0,1.1943,0.00139,0.03,0.002,0.01,0
12/01/2017,-0.001,0.0015,-0.0237,0,0.015,0.012,-0.5345,0
11/01/2017,-0.002,-0.0025,0.3808,0.00389,-0.03,-0.019,-2.221,0.005
10/01/2017,-0.002,-0.002,1.7216,0.00306,-0.016,-0.003,0.1515,0.005
09/01/2017,-0.001,0,0.5165,0.00472,0.001,-0.003,-0.146,0.005
06/01/2017,0,-0.0002,-0.6697,0.00083,0.043,-0.029,0.7135,-0.005
05/01/2017,-0.001,-0.0013,0.8784,0.00417,0.015,0.032,-3.2135,0.005
04/01/2017,-0.001,0.0005,3.3417,0.00639,-0.014,0.076,1.522,0
03/01/2017,-0.001,-0.0017,-0.6657,0.00083,0.178,0.061,1.458,0
02/01/2017,0.001,0.0007,6.2016,0,0.037,-0.031,-1.058,0
30/12/2016,0,0,-1.3395,0,0.005,-0.059,-0.622,0
29/12/2016,0,0,24.2852,-0.00028,0.131,0.198,-2.0615,0.01
28/12/2016,-0.001,0.0005,-11.7561,0.00111,-0.044,-0.161,-2.3865,0
27/12/2016,-0.001,-0.0012,-3.8311,0,-0.007,-0.013,2.7235,0
26/12/2016,-0.001,0.0007,-0.1666,0,0,0,1.0645,0
23/12/2016,-0.001,0.0007,-3.2913,0,-0.019,-0.002,1.0645,0
22/12/2016,-0.001,-0.0017,-1.1785,-0.00055,-0.018,-0.014,0.51,0
21/12/2016,-0.002,0.0005,1.6351,0.00139,0.023,-0.02,-0.2,0
20/12/2016,0,0.0007,0.0512,0.00194,-0.001,0.022,-1.8055,-0.008
19/12/2016,0.001,-0.0005,-4.542,-0.00305,-0.049,-0.004,1.0055,-0.002
16/12/2016,0.002,0.0008,0.2564,0.00416,-0.062,0.006,2.1,0.005
15/12/2016,0,0.0012,-6.1837,0.02278,-0.078,-0.023,1.54,-0.005
14/12/2016,0,0,3.4074,0.00695,-0.018,-0.03,1.1455,0
13/12/2016,0,0,-0.334,0.00472,-0.009,-0.012,0.0625,0
12/12/2016,0,0.0018,-1.1308,0.00222,-0.015,-0.012,-0.879,0
09/12/2016,0.002,0.0002,-3.5085,0.00344,0.043,-0.016,1.231,-0.005
08/12/2016,-0.002,0,2.1872,0.00223,-0.029,-0.002,7.2,0.005
07/12/2016,-0.001,0,4.6841,0,-0.006,0.018,-9.289,0
06/12/2016,-0.002,0.0009,1.9563,0.00277,0.034,-0.046,-0.261,0.005
05/12/2016,0,0.0006,3.3301,0.00167,-0.005,0.015,-2.0865,0
02/12/2016,0,0.0005,-5.0841,0.00472,0.001,-0.053,-0.2035,0
01/12/2016,0.001,-0.002,2.03,0.0075,0.009,0.019,0.69,0
30/11/2016,0,-0.0005,2.913,0.0035,-0.048,-0.018,-0.3,0
29/11/2016,0,-0.002,1.0659,-0.00444,-0.007,0.069,-1.1,0
28/11/2016,0,-0.0005,-5.2484,-0.00222,0.053,-0.006,0.833,0.005
25/11/2016,0,0.001,1.1357,0.00027,-0.057,0,2.991,-0.005
24/11/2016,-0.001,0.0008,-0.8581,0.00695,-0.039,0.003,1.726,0
23/11/2016,0,-0.0003,-1.0496,0.00528,-0.016,0,-2.163,0
22/11/2016,-0.001,-0.0005,-1.3023,0.005,0.016,-0.005,5.7555,0
21/11/2016,0.001,0.0005,-1.8121,0.00361,-0.007,-0.005,1.6035,0.005
18/11/2016,-0.001,-0.001,-0.1176,0.005,-0.006,0.01,2.5105,0
17/11/2016,-0.001,-0.0001,-2.2459,0.0025,-0.005,-0.014,-0.207,0
16/11/2016,0.001,0.0006,-0.2559,0.0025,-0.002,0,0.5505,0.005
15/11/2016,0,0.001,-1.7896,-0.005,0.009,-0.026,0.89,0
14/11/2016,0,-0.002,-3.634,0.00555,0.055,-0.018,0.36,-0.005
11/11/2016,0,0.003,1.2177,0.00361,0.012,0.019,-0.1215,0.01
10/11/2016,0,-0.0012,1.7438,0.01556,-0.001,0.017,-0.573,-0.005
09/11/2016,0,0.0002,1.561,0.00417,0,0.005,1.2445,0.005
08/11/2016,0,0,0.55,-0.00445,-0.006,0.002,-0.1,-0.005
07/11/2016,0,0.001,1.0114,0.00417,0,-0.002,-0.1,0.005
04/11/2016,0.001,0,-1.0001,0.00167,0,0,0.822,0
03/11/2016,0,-0.001,-0.2151,0.00527,-0.007,-0.01,0.178,0
02/11/2016,0,0.002,0.8993,-0.00527,0,0,0.7965,-0.005
01/11/2016,0,-0.001,2.5698,-0.00334,0.006,-0.008,0.3035,-0.005
31/10/2016,0,0.001,-2.3515,-0.00166,-0.017,-0.006,0.271,0
28/10/2016,-0.001,0.001,0.3948,-0.00139,0.008,0.033,-0.3055,0
27/10/2016,0.001,-0.002,-1.8289,-0.00306,-0.033,0.006,-0.5075,0
26/10/2016,-0.001,0.002,0.3459,0.00472,-0.006,0.014,-1.058,-0.005
25/10/2016,-0.001,0.001,0.1995,0.00195,0.001,0,-0.357,0
24/10/2016,0.001,-0.0005,-0.5168,0.00194,0,0,0.057,0
21/10/2016,0.001,0.001,-0.9301,0,-0.007,0.003,0.4185,-0.01
20/10/2016,0,-0.0005,-2.4539,0.00111,0.006,-0.006,0.001,0.005
19/10/2016,-0.001,-0.001,3.7776,-0.00055,-0.004,0.005,0.018,0.005
18/10/2016,-0.001,-0.001,3.4921,0.00361,-0.012,0,0.5625,0
17/10/2016,0,-0.001,-0.5984,-0.00406,-0.006,-0.01,0.1,0
14/10/2016,0,0,-1.8342,0.00167,0.013,0,-0.44,0
13/10/2016,-0.002,0,-3.2091,-0.00111,0.005,0.005,0.39,0.005
12/10/2016,-0.003,-0.002,-0.1309,0.00361,0,0.002,0.36,0.005
11/10/2016,-0.001,0.001,1.0755,0.00361,-0.016,0.011,-0.31,0.005
10/10/2016,-0.001,-0.001,-0.1436,-0.00217,-0.002,0,0.318,-0.005
07/10/2016,0,0.001,1.6424,0.0045,0.007,0.009,0.5185,-0.005
06/10/2016,-0.002,-0.0005,1.6817,0.00362,-0.001,0.012,-0.0465,0.005
05/10/2016,-0.001,0.0013,4.2779,0.00361,0.003,-0.007,-0.7125,0.005
04/10/2016,0,0,10.521,0.00644,-0.004,0.008,-0.092,0
03/10/2016,0,0.0002,-3.6779,0.00422,0.013,0.006,0.018,-0.005
30/09/2016,0,-0.001,-6.0556,0.00806,-0.014,-0.005,0.1005,-0.01
29/09/2016,0.001,0.0035,-8.1765,0.00792,-0.015,0.078,0.4445,0
28/09/2016,-0.001,0,2.3275,-0.01609,-0.011,-0.025,0.8515,0.01
27/09/2016,0.002,-0.0017,-4.9238,0.00084,0.097,-0.002,1.3495,-0.015
26/09/2016,-0.001,-0.0023,-4.6205,0,0.004,-0.032,0.179,0
23/09/2016,-0.001,-0.001,1.7222,-0.00378,-0.084,-0.006,0.2165,0
22/09/2016,0,0.0005,-2.7538,-0.00661,-0.059,-0.005,0.214,-0.005
21/09/2016,0,0,0.5189,-0.00256,-0.016,-0.035,0.333,0
20/09/2016,0,-0.002,-0.3487,0.00522,-0.005,0.023,0.0355,0.019
19/09/2016,0,-0.001,0.4862,0.00356,-0.009,-0.016,0.165,0.001
16/09/2016,0,0,-3.7419,0.00055,-0.003,0.002,0.4625,0
15/09/2016,0.002,-0.001,-0.231,0.00267,-0.015,-0.006,0.5945,-0.005
14/09/2016,-0.001,0.0018,-0.9389,0.00361,-0.013,-0.003,1.0005,0.005
13/09/2016,0.001,0.0012,-1.2149,-0.0055,0.016,-0.024,-0.05,0
12/09/2016,-0.002,0.001,-0.538,0.00356,0.011,0.005,0.1,0
09/09/2016,0.003,0.0005,-0.614,0.00678,0,0.025,-0.0565,-0.005
08/09/2016,-0.001,0.0045,4.3287,0.01188,-0.001,0.004,-0.5435,-0.01
07/09/2016,0,-0.001,3.0865,-0.00711,0.002,-0.005,-2.639,0.005
06/09/2016,-0.002,-0.001,1.5158,0.00723,0,-0.015,1.621,0
05/09/2016,0,0,0.4635,-0.00167,0.006,-0.009,0.3135,0
02/09/2016,-0.002,-0.0005,-0.5081,-0.00056,-0.003,0.008,0.9025,0.005
01/09/2016,0,0.0005,1.2427,-0.00366,-0.001,-0.004,0.064,0
31/08/2016,0,0,0.7744,-0.00278,0,0,-0.362,0.005
30/08/2016,-0.002,0.0025,0.2632,0.00867,0.015,-0.005,-0.156,0
29/08/2016,0.001,0.0005,-3.1777,0.00411,0.002,-0.003,0.806,0
26/08/2016,0,-0.001,0.304,0.00411,-0.001,-0.003,-0.3115,-0.005
25/08/2016,0,0.001,2.0587,0.00389,-0.002,0.006,0.3115,0
24/08/2016,0,0,-0.3307,0,-0.007,0.003,0.25,-0.005
23/08/2016,0.001,0.0001,-2.0704,0,0.002,0.005,0.5325,0.005
22/08/2016,-0.001,-0.001,0.2099,0.00833,0.002,-0.008,0.374,0
19/08/2016,0.001,-0.0001,0.3444,0.00611,0.002,0.008,0.231,-0.005
18/08/2016,-0.001,0,0.5611,-0.00028,-0.006,0.012,0.121,0.005
17/08/2016,0.001,-0.001,-0.0081,0.01,0.039,-0.02,0.4265,-0.005
16/08/2016,-0.001,0,1.8681,-0.00283,-0.022,0.007,0.265,0
15/08/2016,0.001,-0.001,2.3051,-0.01414,0.004,0.007,-0.8005,0
12/08/2016,0,-0.001,1.1291,0.00125,-0.003,-0.005,-0.3495,-0.005
11/08/2016,-0.002,0.0025,1.2004,-0.0006,-0.007,-0.009,0.243,0
10/08/2016,0.001,-0.001,-1.2628,0.0016,-0.005,-0.018,0.6505,0.005
09/08/2016,0,-0.0005,0.3644,0.0095,-0.005,-0.002,-0.2985,0
08/08/2016,0,-0.001,-1.6356,0.01415,0.002,0.002,0.441,0
05/08/2016,0,-0.0002,1.0847,0.00475,-0.005,-0.025,0.4825,-0.005
04/08/2016,0.001,0.0008,3.6521,0.01,-0.013,-0.04,0.007,0
03/08/2016,-0.001,0.0014,-3.0175,0.01,0,-0.003,0.353,0
02/08/2016,-0.001,0.0023,-1.262,0.0085,0.014,-0.003,-0.367,0
01/08/2016,0,-0.0001,-0.304,0,-0.001,-0.017,-0.7935,0.005
29/07/2016,-0.001,-0.0002,4.4912,0.0026,-0.019,0.009,1.0215,0
28/07/2016,0.002,0,-1.8182,0.005,0.001,0.039,-0.5075,0
27/07/2016,0,-0.0015,1.5935,0.0085,-0.002,-0.002,0.368,-0.005
26/07/2016,-0.001,0.0005,-3.972,0.0095,0.004,0.009,0.047,0.005
25/07/2016,0,-0.001,-1.3868,0.0125,0.004,0.001,-0.4375,0
22/07/2016,0,0,-1.808,0.0065,0.004,0.014,0.1905,-0.005
21/07/2016,0,0.004,-1.7986,0.0129,-0.001,-0.032,-0.292,0.005
20/07/2016,-0.002,0.001,0.1015,0.0045,-0.16,0.001,-0.208,-0.005
19/07/2016,0,-0.002,1.4113,0.0015,0.172,0.006,-0.546,-0.005
18/07/2016,-0.002,-0.0025,-2.0356,0.00775,0.011,0.006,0.1935,0.005
15/07/2016,0.002,0.0035,-5.3494,0.00875,-0.001,-0.004,0.019,0
14/07/2016,0,0.0083,-1.1972,-0.001,-0.004,-0.007,-0.2665,-0.015
13/07/2016,-0.004,-0.0013,-0.3858,0.00675,-0.011,0.008,0.302,0.005
12/07/2016,0.001,0.002,-0.2319,0.00425,-0.003,0.003,0.2225,-0.005
11/07/2016,0.001,-0.001,0.4454,0.002,0.004,0.01,-0.1875,-0.005
08/07/2016,0,-0.001,0.9224,0.0025,0,-0.004,1.1875,0
07/07/2016,0,0.0018,-0.2768,0.0035,-0.007,0.019,-0.0745,-0.005
06/07/2016,-0.001,-0.0018,-3.7936,0.004,0.002,-0.008,0.5045,0
05/07/2016,-0.001,0,-2.8372,0.00075,0.011,0.015,1.066,0.005
04/07/2016,-0.001,-0.003,0.4899,0.003,0.006,-0.016,-0.0435,0.005
01/07/2016,-0.004,-0.003,2.1188,-0.00075,-0.017,-0.014,2.263,0.015
30/06/2016,-0.004,0,-1.1999,0.008,-0.012,-0.026,-2.49,0.005
29/06/2016,-0.001,0.0044,-3.5035,0.015,-0.005,-0.044,-0.0525,0.005
28/06/2016,0.002,0.0066,0.1257,0.004,-0.022,-0.058,0.5145,0.005
27/06/2016,-0.002,0.011,3.3212,0.0035,0.004,-0.073,0.809,-0.015
24/06/2016,-0.012,-0.029,-7.1073,-0.0165,-0.021,0.034,1.0375,0.045
23/06/2016,-0.001,0.0005,3.8183,0,0.005,0.01,-0.0585,-0.005
22/06/2016,-0.002,-0.002,-1.4404,-0.00175,-0.09,-0.041,-0.05,0.005
21/06/2016,0,0,-2.2953,-0.00465,0.083,0.004,0.778,0
20/06/2016,-0.001,0.002,2.0265,0.0021,-0.009,-0.002,-0.786,0
17/06/2016,-0.001,0.0015,2.2906,-0.0022,-0.006,-0.041,-0.142,-0.005
16/06/2016,-0.002,-0.002,-1.783,-0.00975,-0.014,0.036,0.534,0.01
15/06/2016,0,-0.001,-0.2722,0.00155,-0.002,-0.027,-0.8955,0
14/06/2016,0.001,-0.001,-4.5057,0.0023,0.003,0.121,2.4615,0.002
13/06/2016,0,0,-2.2143,-0.0031,0.009,0.027,-0.3,-0.002
10/06/2016,-0.001,0,-1.4499,-0.00045,0,0.065,-0.065,0
09/06/2016,0.002,0,0.8675,-0.00195,-0.001,-0.004,-0.085,0
08/06/2016,-0.003,-0.002,2.0075,0.0014,-0.006,0.01,-2.236,0
07/06/2016,0.001,0,-0.2981,-0.00405,-0.001,0.022,0.6935,0
06/06/2016,-0.001,-0.002,-2.4836,-0.0215,0.001,0.011,0.9425,0
03/06/2016,0.001,0,1.0929,0.00205,0.005,-0.002,1.437,0
02/06/2016,-0.001,0.0005,-3.0746,-0.0012,-0.007,-0.003,0.2805,0.005
01/06/2016,0,-0.0015,-0.4134,-0.0045,0.005,-0.03,0.572,0
31/05/2016,0,0.001,-3.4995,0.01275,-0.002,0.003,-0.4895,-0.005
30/05/2016,-0.001,-0.0002,0.067,-0.001,0.005,0.005,-0.535,0.005
27/05/2016,-0.002,-0.0008,-0.0644,-0.001,0.003,-0.005,0.435,0
26/05/2016,0,-0.0005,-1.0804,0.0075,-0.005,0,0.15,0
25/05/2016,0,0.0005,0.6589,0.00125,0.004,0.012,0.1,0
24/05/2016,0,-0.001,-1.0715,0.003,0.019,-0.005,-0.3545,0.005
23/05/2016,0,0,0.334,0.001,0,0.004,0.4545,-0.005
20/05/2016,0,0.001,-0.4102,0.0074,0.005,-0.005,0.05,0.005
19/05/2016,-0.001,0.0005,-2.1599,0.0183,-0.002,0,-0.45,-0.005
18/05/2016,0,-0.0005,-0.0678,0.0105,0,0.013,0.35,0.005
17/05/2016,0,-0.001,1.0801,-0.001,0.007,0.001,0.35,0
16/05/2016,0,0.002,1.5449,-0.0015,0.004,0.001,-0.0625,-0.005
13/05/2016,0.001,-0.001,-1.5114,0.0015,-0.002,-0.024,0.7625,0
12/05/2016,0.001,0.001,-0.1759,-0.0005,-0.026,0.005,0.3,-0.005
11/05/2016,0.001,0,1.2024,-0.0015,-0.002,-0.004,-0.2675,0
10/05/2016,-0.002,0.001,0.4557,-0.0015,-0.013,-0.02,-0.2655,0.005
09/05/2016,-0.002,0.001,-0.1779,0,-0.006,0.001,0.347,0.005
06/05/2016,-0.001,-0.001,-0.2047,-0.0022,0.003,0.001,0.064,0
05/05/2016,-0.002,0,0.8682,-0.0023,0,-0.018,0.2435,-0.005
04/05/2016,-0.002,0,-0.62,0.0012,-0.008,-0.005,0.133,0.005
03/05/2016,-0.001,0,-2.055,-0.0037,-0.004,0.003,0.2625,0
02/05/2016,0.001,0,0.9072,0,0.007,0.016,-0.2275,0
29/04/2016,0.001,0,-0.3594,0,0.011,-0.038,-0.4345,0
28/04/2016,-0.001,-0.001,0.187,-0.00175,-0.013,0.046,0.544,0
27/04/2016,0.001,-0.001,0.6598,0.004,-0.007,-0.002,0.1725,0
26/04/2016,-0.002,0.003,-0.4946,0.0005,0.015,0.021,-0.128,0.005
25/04/2016,-0.001,0.0015,-0.1077,-0.002,-0.002,-0.002,0.3705,0
22/04/2016,0,-0.0025,0.0105,-0.00225,0.003,0.004,-0.0565,0
21/04/2016,0,0.0025,0.1138,0.003,0.004,0.002,-0.1965,0
20/04/2016,0.001,-0.0005,-0.622,0.00025,0.001,0.042,-0.1225,-0.005
19/04/2016,-0.001,-0.001,0.1547,0.0005,-0.002,-0.01,0.087,0.005
18/04/2016,0,0.0025,0.1878,0.00125,0.007,-0.007,0.463,-0.01
15/04/2016,0.002,-0.0005,-0.0735,0.00025,-0.006,0.003,0.033,0.005
14/04/2016,-0.002,0.001,1.5278,0.0045,-0.045,-0.001,-0.081,0
13/04/2016,0,-0.0015,-0.7666,-0.00125,-0.013,-0.007,0.022,0
12/04/2016,0.002,0,-1.2958,-0.00025,-0.001,-0.013,0,0
11/04/2016,-0.003,-0.0025,-0.5406,-0.00095,-0.001,-0.018,-0.1165,0.005
08/04/2016,-0.001,0.002,-0.3396,0.002,-0.001,-0.024,0.404,-0.005
07/04/2016,0.001,-0.003,0.4269,-0.0018,0,0.008,0.073,-0.005
06/04/2016,0,-0.001,0.4556,0.004,-0.01,-0.005,-0.0205,0.005
05/04/2016,-0.002,0.0015,0.3039,-0.0035,0.001,0.014,0.012,0.005
04/04/2016,-0.001,0.0025,0.8674,0.001,-0.001,-0.024,-0.1795,-0.005
01/04/2016,-0.001,-0.001,1.0663,0.0005,0.001,-0.046,-0.2895,0.005
31/03/2016,-0.001,0.002,-2.4124,0.0035,0,-0.053,0.29,-0.005
30/03/2016,-0.001,-0.0005,-0.0185,-0.00575,-0.001,-0.047,-0.546,0
29/03/2016,0,-0.001,-2.7806,0.00225,-0.001,0.004,1.0875,0.005
28/03/2016,-0.001,0,0.2067,-0.0015,0,0,0,0
25/03/2016,-0.001,0,-0.0976,-0.0015,0,0,0,-0.005
24/03/2016,-0.001,0,-1.6275,-0.0015,0.001,0.061,0.2435,-0.005
23/03/2016,-0.002,-0.0015,1.1453,0.00175,0,0.032,-0.2325,0
22/03/2016,-0.001,0,-0.412,0.00375,0.003,0.01,-0.0435,0
21/03/2016,-0.003,0.0005,-0.9088,0.0003,0.003,0.005,0.3305,0.005
18/03/2016,-0.001,-0.0035,0.8892,0.0009,-0.005,0.012,-0.116,0.005
17/03/2016,-0.004,-0.001,-0.1205,-0.0156,-0.002,0,0.0165,0.005
16/03/2016,-0.003,-0.002,1.1205,-0.00295,-0.007,0.028,0.2995,0.005
15/03/2016,-0.001,0.0018,0.1749,0.0024,0.017,0.006,-0.0445,0.009
14/03/2016,-0.001,-0.0008,-1.1119,0.0057,-0.008,0.006,-0.5055,0.001
11/03/2016,0.004,-0.003,-0.0302,0.0015,0.006,-0.059,0.475,0
10/03/2016,-0.005,0.021,3.4277,-0.00225,-0.005,0.001,-3.239,-0.015
09/03/2016,-0.003,0,-0.3213,-0.00055,-0.001,0,-0.8495,-0.005
08/03/2016,-0.005,-0.0027,1.0263,-0.00095,-0.001,0.015,1.2385,0
07/03/2016,-0.001,-0.0013,1.2979,0.0026,-0.001,-0.003,2.5365,0
04/03/2016,-0.002,0.0058,0.7229,-0.0021,0.006,-0.022,0.0225,-0.02
03/03/2016,-0.005,-0.0063,-1.1251,0.00075,-0.004,-0.019,0.2155,0.015
02/03/2016,-0.001,-0.0002,-0.4652,0.00325,-0.001,0.006,-0.108,-0.005
01/03/2016,-0.002,0.0057,-0.1133,-0.0015,-0.006,-0.032,0.643,-0.01
29/02/2016,-0.003,-0.011,-3.6879,-0.002,-0.005,-0.039,-0.5595,0.01
26/02/2016,-0.001,-0.003,-1.7196,-0.0005,-0.005,0.007,0.101,0.01
25/02/2016,0,-0.008,1.1132,0.001,-0.015,-0.006,0.277,0.01
24/02/2016,-0.001,0,0.203,0.0055,-0.009,-0.005,-0.1,-0.005
23/02/2016,-0.001,0.002,-1.0374,0.0045,-0.007,0.012,-0.55,0
22/02/2016,-0.001,0.0045,-1.7979,0.0064,0.008,0.001,-0.3565,-0.015
19/02/2016,-0.003,-0.0005,0.852,0,-0.002,-0.013,0.8155,0
18/02/2016,-0.006,-0.0145,0.6133,-0.0012,-0.011,0.01,-0.46,0.01
17/02/2016,-0.002,0.0005,-0.4891,0.0012,-0.002,-0.014,0.0015,0.005
16/02/2016,-0.004,-0.0025,-1.0076,0,0.012,0.011,-0.286,0
15/02/2016,0,-0.0102,1.6625,0,-0.003,-0.026,0.0595,0.01
12/02/2016,-0.004,0.0077,1.5333,0.001,0.004,-0.048,0.3375,0.005
11/02/2016,-0.004,-0.012,-0.4097,-0.0004,-0.034,0.045,0.2685,0
10/02/2016,-0.004,0.01,1.3255,-0.0029,0.002,-0.008,0.0405,0.015
09/02/2016,-0.002,-0.005,-2.0533,-0.0005,-0.002,0.031,0.6645,0.01
08/02/2016,-0.002,-0.0075,-3.9845,0.0013,0.009,0.03,0.317,-0.04
05/02/2016,-0.001,-0.0025,-1.2985,-0.0005,-0.006,-0.002,0.174,0
04/02/2016,-0.004,-0.005,0.6978,-0.0004,0.006,-0.005,0.017,-0.005
03/02/2016,-0.001,-0.005,1.8961,0.0014,-0.006,0.009,-0.263,0.01
02/02/2016,0.001,-0.002,-0.3118,0.0006,0.018,-0.012,0.092,0
01/02/2016,0,0.004,0.8278,0.006,0.002,-0.006,-1.4605,-0.015
29/01/2016,-0.002,-0.011,-0.6474,-0.003,-0.014,-0.012,0.2105,0.025
28/01/2016,-0.001,-0.0005,1.9887,-0.0025,-0.009,0.002,0.3065,0
27/01/2016,-0.001,0.0045,0.0648,-0.003,-0.004,0.009,-0.104,-0.015
26/01/2016,-0.003,-0.003,0.5674,-0.0002,0.009,0.018,0.0565,0
25/01/2016,-0.003,-0.0065,0.3835,0.0022,0.009,0.003,-0.1945,0.01
22/01/2016,-0.006,0.0025,-0.2779,0.0005,-0.002,0,0.045,0.005
21/01/2016,-0.002,-0.016,1.6887,-0.0027,-0.002,-0.025,-0.2775,0.025
20/01/2016,-0.001,-0.009,0.7354,-0.003,0,0.008,0.2855,0.02
19/01/2016,-0.001,-0.002,-0.0679,0.0005,0.023,0.003,-0.12,-0.005
18/01/2016,0,0.001,0.1503,0.0042,0.002,0.003,0.1045,0
15/01/2016,0.001,-0.005,0.7414,-0.0015,0.004,0,-0.244,0.01
14/01/2016,0.001,0.0015,-1.9556,-0.0009,-0.003,0.013,0.738,-0.01
13/01/2016,0,0.0035,-0.7562,-0.0016,0.004,-0.021,-0.1055,-0.005
12/01/2016,-0.001,0.001,-1.1825,0.0015,0.006,0.003,-0.8315,0
11/01/2016,0,-0.001,-1.2888,0.001,0.004,0.014,-0.227,0
08/01/2016,-0.001,0.0005,0.4611,0.00425,0.012,0.03,0.2195,0
07/01/2016,-0.006,-0.0105,1.6363,-0.00325,0.006,0.019,0.345,0.005
06/01/2016,-0.003,-0.005,-0.8493,0.003,0.007,-0.002,-0.3625,0.005
05/01/2016,-0.001,-0.0045,-0.326,0.0054,0.026,-0.013,0.466,0.01
04/01/2016,-0.001,-0.0045,-1.0778,-0.001,-0.003,-0.073,-0.454,0.005
01/01/2016,0.001,0.003,0.3568,0.0005,0,0,0.354,0
31/12/2015,0.001,0.003,-0.2918,0.0005,0,0,0.354,0
30/12/2015,0,-0.0015,4.2901,0.0055,0,0.086,0.354,-0.005
29/12/2015,-0.001,0.0015,2.345,0.0036,-0.027,0.016,0.363,0.005
28/12/2015,0,0.0005,-0.2001,0,-0.026,-0.015,-0.482,0.005
25/12/2015,0,0.0005,0.6151,0,0,-0.092,-0.972,0.005
24/12/2015,0,0.0005,-1.0703,0,0.009,-0.092,-0.972,0.005
23/12/2015,0,-0.001,6.7561,0.00875,-0.005,-0.092,-0.972,0
22/12/2015,-0.001,-0.003,-2.3678,0.00125,-0.019,-0.058,-0.457,0
21/12/2015,0.001,0,-0.8409,0.0076,-0.014,-0.027,1.398,-0.01
18/12/2015,0.002,-0.003,1.9353,0.016,-0.007,0.01,-0.012,0
17/12/2015,0,-0.004,5.5881,0.037,-0.024,-0.016,0.562,0.005
16/12/2015,-0.001,0.003,-0.2204,0.00675,-0.002,0.002,-0.487,-0.005
15/12/2015,-0.003,0.0015,-2.316,0.008,-0.002,0.026,1.01,0.036
14/12/2015,-0.001,0.002,-0.0368,0.00575,-0.014,0.005,-0.893,0.004
11/12/2015,-0.003,-0.0005,-1.1614,0.01,-0.004,-0.023,0.012,0
10/12/2015,-0.006,-0.0055,-6.3411,0.01,-0.015,0.101,0.288,0.005
09/12/2015,-0.003,-0.0075,-0.9494,0.0055,-0.01,0.03,0.486,-0.005
08/12/2015,-0.003,-0.0005,1.9176,0.0095,-0.002,-0.007,-0.073,0.005
07/12/2015,0,-0.004,0.8915,0.015,0.022,-0.031,1.507,0.01
04/12/2015,0.011,-0.0005,-0.5156,0.01,0.021,0.015,-0.468,0
03/12/2015,-0.006,0.057,11.8075,0.016,0.058,0.012,-2.81,-0.075
02/12/2015,-0.002,0.003,-1.2309,0.0138,-0.042,-0.003,0.228,-0.005
01/12/2015,-0.002,-0.003,2.028,0.006,-0.004,-0.003,0.313,0.005
30/11/2015,-0.001,0.007,-3.003,0.002,0,-0.015,-0.267,-0.01
27/11/2015,-0.004,-0.004,-3.0081,0.0025,-0.008,0.022,-0.428,0.01
26/11/2015,-0.005,-0.003,-3.9069,0.005,-0.003,0.004,0.159,-0.005
25/11/2015,0,-0.019,2.9649,0.0044,-0.012,-0.005,1.213,0.02
24/11/2015,-0.005,0.0085,1.4711,0.0091,0.01,0,0.626,-0.01
23/11/2015,-0.004,-0.0145,-2.0487,0.0111,-0.004,0.009,-0.308,0.015
20/11/2015,-0.003,-0.0115,-2.6528,0.0045,-0.004,-0.021,-1.163,0.015
19/11/2015,0,-0.0005,0.5293,0.008,-0.027,0.002,0.057,-0.005
18/11/2015,-0.001,-0.004,-1.6574,0.0025,-0.008,-0.002,-0.404,0
17/11/2015,-0.005,-0.0042,-2.4152,0.003,-0.008,-0.007,-0.36,0.01
16/11/2015,-0.003,-0.0008,-1.0292,0.0005,0.001,0.008,0.605,0
13/11/2015,-0.002,-0.003,-0.6361,0.002,-0.003,-0.009,0.647,0
12/11/2015,-0.002,-0.008,2.3351,0.0025,-0.017,0,-0.096,0.005
11/11/2015,-0.002,-0.011,1.7082,0.003,0.001,0.008,0.514,0.015
10/11/2015,-0.004,-0.005,-1.5164,0.0005,0,-0.022,1.251,0.005
09/11/2015,0,-0.018,-4.0373,0.0142,-0.008,-0.008,-0.764,0.02
06/11/2015,-0.002,0.012,-1.8304,-0.0025,0.004,0.016,-0.016,-0.015
05/11/2015,-0.002,-0.003,-0.0369,0.0073,0.002,-0.017,-0.774,0.005
04/11/2015,0,-0.005,-1.6506,0.003,0.003,-0.016,-0.147,0
03/11/2015,-0.003,0.0008,-0.6804,-0.0005,-0.003,-0.005,0.266,0
02/11/2015,0.002,0.0012,0.4713,0,0.01,0.003,-0.724,0
30/10/2015,0,0.001,0.8181,0.0052,0.001,0.005,-0.511,-0.005
29/10/2015,-0.001,-0.0002,-0.9505,0.007,-0.001,0.01,0.211,-0.005
28/10/2015,-0.001,0.0002,-0.5703,-0.002,-0.007,0.007,0,0
27/10/2015,-0.002,-0.0077,0.5325,0.00075,-0.003,-0.024,0.2,0.01
26/10/2015,-0.003,-0.0018,0.68,0.00025,-0.006,-0.001,-0.789,0
23/10/2015,-0.008,-0.0075,-0.32,0.003,-0.028,-0.018,-1.136,0.005
22/10/2015,0,-0.015,-2.2824,0.0035,-0.019,-0.013,1.831,0.035
21/10/2015,0,-0.002,0.0403,-0.004,-0.007,-0.001,0.694,0.005
20/10/2015,0.001,0.001,0.0321,0.00375,0.002,0.007,-0.492,-0.01
19/10/2015,-0.003,-0.001,-0.7967,-0.0005,0.004,0.007,-0.461,0
16/10/2015,0.001,-0.002,-0.911,0.002,0,-0.008,-0.085,0.005
15/10/2015,-0.003,-0.006,0.4669,-0.0019,-0.003,-0.005,-0.39,0.01
14/10/2015,0,-0.001,1.7133,-0.00345,-0.004,-0.003,0.078,0
13/10/2015,0,0.001,-1.3811,-0.00025,-0.002,-0.001,-0.587,0.005
12/10/2015,0,-0.0007,0.1747,0.00015,0.002,0.011,0.466,0
09/10/2015,-0.001,-0.0003,0.5356,0.001,0,0.013,0.139,0
08/10/2015,-0.002,0,2.099,0.001,0.002,-0.005,-0.166,-0.005
07/10/2015,0,0.0003,0.8847,0.0006,0.004,-0.005,0.498,0
06/10/2015,0,-0.0013,-0.0359,-0.0052,-0.007,-0.007,-0.4,0
05/10/2015,-0.002,0.001,1.3795,-0.0039,0.008,-0.005,0.033,-0.005
02/10/2015,-0.001,0,0.9931,0.0031,0,0.008,-0.468,0.01
01/10/2015,-0.003,-0.002,-1.3074,-0.001,-0.005,-0.024,1.039,0.005
30/09/2015,0.001,0.002,-1.8315,-0.0005,-0.002,0,-0.105,-0.005
29/09/2015,0,0.0015,-5.5467,-0.0011,0.024,-0.015,-1.433,0.005
28/09/2015,0,-0.0002,1.3926,0.0005,0.002,0.011,0.034,0.005
25/09/2015,-0.001,-0.0003,1.7492,-0.0003,-0.012,0.02,0.6,-0.005
24/09/2015,-0.001,0.0005,0.0542,0.0009,-0.008,0.003,-0.4,0
23/09/2015,0,-0.0012,0.7785,-0.001,-0.002,-0.022,-0.109,-0.005
22/09/2015,-0.001,-0.0058,1.7632,0.0005,-0.007,0.005,-0.491,0.015
21/09/2015,-0.001,-0.0015,-2.0571,0.0068,0,0.007,1.074,0.005
18/09/2015,0,-0.001,-2.7847,-0.0259,0,0.005,1.126,0
17/09/2015,0,0.0005,0.6513,0.0055,0.002,0.003,-0.733,0
16/09/2015,-0.001,-0.0015,0.8498,0.00535,0.002,0.002,-0.106,-0.005
15/09/2015,0.002,-0.0015,-0.3412,-0.00125,0,0.002,-0.519,0.002
14/09/2015,0,0,-1.7405,-0.0017,-0.003,0.004,0.434,0.003
11/09/2015,-0.002,0.0005,-0.5467,0.0012,0.002,0.004,0.324,-0.005
10/09/2015,-0.001,-0.001,0.6174,0.003,0.006,0.018,-0.461,0.005
09/09/2015,0,0,0.0574,0.001,-0.002,-0.001,-0.439,-0.005
08/09/2015,-0.001,-0.0015,-1.5833,-0.001,0,0.001,-0.15,0
07/09/2015,0,0.0005,1.2569,0.001,0.002,0.006,0.55,0.005
04/09/2015,-0.001,-0.0002,0.6205,-0.0015,0.002,-0.003,-1.133,0
03/09/2015,0,-0.0008,-0.501,0.001,0.003,0.001,1.933,0
02/09/2015,0,0,-1.3874,-0.0015,-0.002,0.003,-0.93,0
01/09/2015,0,-0.001,-2.1517,0.005,0.004,-0.013,1.211,0
31/08/2015,0,-0.001,0.1553,0.0046,-0.005,0.003,-0.784,0
28/08/2015,0,0.0005,0.67,0.0046,0,0.021,-1.197,0
27/08/2015,0,0.0005,0.4944,-0.0008,0.004,0.004,-0.3,0.005
26/08/2015,0,-0.001,-0.4278,-0.0018,-0.002,-0.004,-1.5,0
25/08/2015,-0.001,-0.0015,0.1984,-0.0046,0.006,0.012,-1.98,0
24/08/2015,-0.001,0.0005,-2.3991,0.0025,0.01,-0.002,0.401,-0.005
21/08/2015,-0.001,0,0.0702,0,-0.005,0.004,0.506,0
20/08/2015,-0.001,0.002,0.3381,-0.00425,-0.007,-0.007,0.123,0
19/08/2015,-0.001,0,-0.3999,0.0005,-0.006,-0.004,0.073,0
18/08/2015,-0.001,-0.001,0.024,0,0.004,0.009,-0.429,0.005
17/08/2015,-0.002,-0.002,-0.1606,0.0084,0.002,-0.006,-1.138,0
14/08/2015,-0.001,-0.002,-1.1232,0.00395,-0.003,0.006,0.144,0.005
13/08/2015,0,-0.002,0.7135,0.0112,-0.003,-0.014,-0.346,-0.005
12/08/2015,0,0.0008,-0.2793,-0.00505,-0.002,-0.006,0.496,0
11/08/2015,0,-0.0018,-0.9104,0.00015,-0.005,-0.003,0.153,0.005
10/08/2015,0,0,0.6801,0.0026,0.01,-0.012,0.743,-0.005
07/08/2015,0,-0.0007,0.5979,0.0002,-0.004,-0.001,1.048,0.005
06/08/2015,0,0.0012,0.0463,0.0005,0.005,0.002,-0.069,-0.005
05/08/2015,-0.001,0,0.0482,0.0098,-0.002,0.01,-0.034,0
04/08/2015,0,-0.001,1.1689,-0.0026,0.002,0.041,0.825,0
03/08/2015,0,-0.0015,0.6745,-0.0049,0.002,-0.088,0.337,0.005
31/07/2015,0,0,-0.7028,0.0085,-0.012,0.012,-1.027,0
30/07/2015,-0.001,-0.002,0.0414,0.0033,0.006,-0.014,-0.046,0.005
29/07/2015,-0.001,0.0023,-1.6514,0,-0.005,0.011,0.706,0
28/07/2015,-0.001,-0.001,0.5158,0.0027,-0.007,-0.012,0.423,0.005
27/07/2015,-0.001,0.0022,0.213,0.0005,0.01,0.008,0.407,0
24/07/2015,0,-0.0005,0.7425,-0.0015,-0.002,-0.009,-0.182,0
23/07/2015,0,0.0005,0.1032,0.0026,0.003,0.014,-0.036,0
22/07/2015,0,0.0003,0.5356,-0.0016,0.004,0.007,0.392,-0.005
21/07/2015,0,0.0012,0.4504,-0.0009,0.014,-0.009,0.11,0
20/07/2015,0,0.001,-0.2637,0.00325,-0.005,-0.001,-0.011,0.005
17/07/2015,0,-0.001,-0.0627,0.00475,0.002,-0.006,-0.031,-0.005
16/07/2015,0,0.0005,-0.2717,-0.0015,-0.004,0.001,-1.19,0.005
15/07/2015,0,-0.0005,-0.8829,0,-0.016,0.011,0.343,-0.005
14/07/2015,0,0.0015,-0.0333,-0.0003,-0.002,-0.001,-0.441,0.005
13/07/2015,-0.001,-0.001,0.2765,0.003,0,0.006,1.051,0.015
10/07/2015,0,0.001,3.0112,-0.0002,-0.002,-0.033,-2.039,0.005
09/07/2015,0,-0.0005,0.9006,0.00255,-0.002,0.001,-0.269,0
08/07/2015,0,0.001,0.0145,0.0002,0.002,0.006,-0.724,0.01
07/07/2015,-0.002,-0.002,-0.0609,-0.001,0.004,-0.022,-0.11,0
06/07/2015,-0.001,-0.002,-0.5439,-0.00005,-0.007,0.013,-0.76,0
03/07/2015,0,0.0015,-1.7468,0.0008,-0.002,-0.002,0.838,-0.005
02/07/2015,-0.001,-0.0022,0.0433,-0.0001,0.002,-0.001,0.355,0
01/07/2015,0,-0.0018,1.6123,0.0004,-0.009,-0.006,0.821,0.005
30/06/2015,0.002,-0.0015,0.3133,-0.0005,0.011,-0.006,0.888,0
29/06/2015,-0.001,0.001,-2.02,0.00195,0.002,0.015,1.737,-0.005
26/06/2015,0,0.003,-1.5136,-0.00025,0.004,0.028,-0.294,0
25/06/2015,-0.001,0.002,-0.0077,0.00125,-0.001,-0.062,0.159,0
24/06/2015,0,0,-1.0532,0,-0.01,0,-0.182,-0.005
23/06/2015,0,0,0.4238,-0.0015,0.006,0.003,0.097,-0.005
22/06/2015,0,0.001,0.9143,0.00095,0,-0.013,-1.108,0.03
19/06/2015,0,0.001,0.4209,0.0005,-0.002,0,0.92,0
18/06/2015,0,0,-0.7623,-0.0049,-0.011,0.001,-0.303,0.015
17/06/2015,0,0,0.4238,-0.00055,-0.004,-0.017,-0.197,0
16/06/2015,0,0.0015,-0.0433,0.003,0.006,0.005,0.305,-0.059
15/06/2015,0,-0.002,0.7661,-0.0028,0.002,0.017,0.36,-0.001
12/06/2015,0,-0.0005,-0.3982,0.0002,0,0.012,0.604,0.005
11/06/2015,0,0.0005,-2.7658,-0.002,0.006,-0.004,-0.17,0
10/06/2015,-0.001,-0.0015,0.4432,0.00235,0.004,0.007,0.606,0
09/06/2015,0,0,-0.107,0.0033,0,0,-1.451,-0.005
08/06/2015,0,0,1.2757,0.001,-0.005,0.002,-0.104,0.005
05/06/2015,0,0.001,-0.2317,0.0023,0.002,-0.002,-0.964,-0.005
04/06/2015,0.001,-0.001,-0.5023,-0.0003,-0.003,0,2.6,0.005
03/06/2015,-0.001,0,0.7181,0.0005,0,-0.002,-0.31,0.005
02/06/2015,0,0.0005,2.5081,-0.0038,0.004,0.004,-0.663,0
01/06/2015,-0.001,-0.0005,0.4905,-0.00125,0.002,0.002,-1.158,0.005
29/05/2015,0.001,-0.005,-0.267,0.001,0,0,-0.997,-0.01
28/05/2015,0,0.004,1.0691,-0.00075,-0.002,-0.004,0.581,0
27/05/2015,0,0.0018,1.1031,-0.00235,0.009,-0.006,-0.389,0
26/05/2015,-0.001,-0.0038,-1.8786,0.00135,0,0.014,0,0.005
25/05/2015,0,0.0015,-0.3421,0.0025,-0.003,-0.011,-0.741,-0.005
22/05/2015,0,-0.0045,-1.0255,0.0025,-0.009,0.008,-0.741,-0.005
21/05/2015,0,-0.001,0.1603,-0.0015,-0.002,-0.005,0.44,0
20/05/2015,0,0,0.265,0.0025,0,0.003,0.312,0.005
19/05/2015,-0.001,-0.0017,-0.6632,0.005,-0.004,-0.003,0.572,0.005
18/05/2015,-0.001,-0.0035,-0.143,-0.0005,-0.002,0.002,-0.26,-0.005
15/05/2015,-0.001,-0.0015,-0.1996,0.0005,0,0,1.085,0
14/05/2015,0,-0.0003,-0.1,0.0021,0.002,-0.002,-0.633,0.01
13/05/2015,0,-0.0032,1.757,-0.0011,-0.008,0.002,-0.216,-0.005
12/05/2015,0,0.0012,0.6638,-0.0016,0.015,0.002,-0.43,0
11/05/2015,0,0,0.4359,-0.00325,0,-0.007,0.888,0
08/05/2015,0,-0.001,0.3188,0.001,-0.005,0.004,-0.833,0
07/05/2015,-0.001,-0.001,-0.4993,0.00285,0,0,0.053,0.005
06/05/2015,0,0.001,-0.9674,0.0001,0,0,-0.506,-0.005
05/05/2015,-0.001,-0.001,-0.1503,-0.00385,0,0.002,1.446,-0.005
04/05/2015,-0.002,-0.007,0.0108,0.001,0.004,-0.006,-0.525,0.01
01/05/2015,0,0.006,-0.3644,0.001,-0.002,-0.006,0.398,-0.01
30/04/2015,0,-0.002,0.3741,0.0006,0.008,0.002,0.398,0
29/04/2015,0,0.0093,-0.5753,0,-0.003,0.015,-1.789,-0.01
28/04/2015,-0.003,-0.0068,0.7344,-0.00085,-0.003,0.006,0.223,0.015
27/04/2015,-0.001,-0.0025,1.1652,0,-0.005,-0.009,0.485,0.005
24/04/2015,0.001,0.001,-1.0076,0.002,0.002,0.008,-0.321,-0.005
23/04/2015,0,0.005,0.1639,-0.0005,0.002,0.002,0.253,0.005
22/04/2015,-0.001,0.007,0.7508,0.00025,0.004,-0.003,0.356,0
21/04/2015,-0.002,0.001,0.9534,0.00125,-0.007,0.002,-0.488,0.005
20/04/2015,0,-0.001,0.0796,0.00025,0,-0.021,-0.482,-0.005
