Date,USGG10YR Index  (L1),WMMFAMAC Index  (R1),WMMFAMNA Index  (R1),GDGCAFJP Index  (L2),CL1 Comdty  (R3),HG1 Comdty  (L3),FWISUS55 Index  (R1),WETFTXLT Index  (R1),TINSALLO Index  (R2),JSIABOND Index  (R1),PDPPC711 Index  (R1),SOFRVOLU Index  (L4),1482 JT Equity  (R4)
2020-07-28,0.6036,,,,41.5,287.15,1.8615,,,,,,2518
2020-07-27,0.6151,,,-34.282,41.6,288.8,1.8505,,,,,973,2524
2020-07-24,0.5888,,,-34.773,41.29,288.2,1.8724,,,,,950,
2020-07-23,0.5774,,,,41.07,292.45,1.852,,,,,942,
2020-07-22,0.5971,3703148,762733,-34.745,41.9,290.85,1.876,,,,,1031,2522
2020-07-21,0.6004,,,,41.96,294.1,1.876,,,,,963,2520
2020-07-20,0.6102,,,,40.81,289.85,1.845,,21,,,975,2519
2020-07-17,0.6266,,,-34.708,40.59,288.75,1.8685,,,,,988,2521
2020-07-16,0.6168,,,-34.475,40.75,288.6,1.818,,,,,957,2519
2020-07-15,0.6299,3685726,758503,-34.667,41.2,287.05,1.818,12780,,,5762,939,2518
2020-07-14,0.6233,,,-35.425,40.29,291.6,1.834,,,,,972,2518
2020-07-13,0.6184,,,,40.1,294.2,1.844,,23,,,960,2517
2020-07-10,0.6447,,,-35.482,40.55,288.7,1.8015,,,1065.7,,942,2521
2020-07-09,0.6135,,,-35.468,39.62,282.8,1.819,,,,,984,2514
2020-07-08,0.6644,3762085,764875,,40.9,281.45,1.846,21391,,,12667,954,2524
2020-07-07,0.6397,,,,40.62,278.75,1.861,,,,,969,2520
2020-07-06,0.6759,,,-35.382,40.63,276.6,1.891,,23,,,977,2517
2020-07-03,,,,,,,,,,-520.7,,,2524
2020-07-02,0.6693,,,-35.18,40.65,273.35,1.881,,,,,952,2520
2020-07-01,0.6758,3763714,761081,-36.774,39.82,271.7,1.839,16438,,,3946,1003,2522
2020-06-30,0.6561,,,,39.27,271.35,1.801,,,,,970,2529
2020-06-29,0.6234,,,,39.7,267.95,1.787,,17,,,940,2525
2020-06-26,0.6413,,,-39.453,38.49,267.2,1.8064,,,196.2,,938,2519
2020-06-25,0.6856,,,-46.631,38.72,266.25,1.833,,,,,984,2518
2020-06-24,0.679,3786166,765792,,38.01,265.05,1.819,22216,,,253,1015,2514
2020-06-23,0.7118,,,-45.9,40.37,266,1.855,,,,,992,2516
2020-06-22,0.7085,,,-45.782,40.46,265.55,1.831,,15,,,1024,2517
2020-06-19,0.6937,,,,39.75,261.5,1.7926,,,1547.5,,963,2516
2020-06-18,0.7084,,,,38.84,259.1,1.774,,,,,1046,2514
2020-06-17,0.738,3787226,764725,-45.509,37.96,259.2,1.763,16021,,,1299,1012,2508
2020-06-16,0.7528,,,-45.354,38.38,256.6,1.787,,,,,986,2507
2020-06-15,0.7215,,,,37.12,256.85,1.763,,19,,,1000,2520
2020-06-12,0.7034,,,-48.441,36.26,260.15,1.7526,,,1682.9,,969,2511
2020-06-11,0.669,,,-48.433,36.34,258.65,1.7725,,,,,1009,2514
2020-06-10,0.7263,3822652,761365,-48.442,39.6,265.7,1.824,21378,,,-742,1008,2494
2020-06-09,0.8253,,,-48.466,38.94,260.05,1.8175,,,,,1034,2490
2020-06-08,0.8752,,,,38.19,257,1.9025,,21,,,1032,2480
2020-06-05,0.8951,,,-49.137,39.55,255.7,1.8496,,,1046.1,,1021,2491
2020-06-04,0.8234,,,-53.761,37.41,249.3,1.852,,,,,1067,2507
2020-06-03,0.7458,3859974,757510,-52.184,37.29,249.65,1.828,22884,,,-9580,1024,2516
2020-06-02,0.6852,,,,36.81,249.45,1.791,,,,,1054,2524
2020-06-01,0.6591,,,-52.798,35.44,247.45,1.807,,21,,,1104,2526
2020-05-29,0.6526,,,-51.159,35.49,242.65,1.7372,,,-497.7,,1061,2523
2020-05-28,0.69,,,-40.387,33.71,241.3,1.782,,,,,1031,2519
2020-05-27,0.6819,3903135,750525,,32.81,240.25,1.7605,15508,,,-9662,1069,2515
2020-05-26,0.6965,,,-41.413,34.35,243.85,1.741,,,,,1081,2520
2020-05-25,,,,,,,,,19,,,,2522
2020-05-22,0.6591,,,,33.25,240.9,1.7137,,,-453.1,,1085,2521
2020-05-21,0.672,,,-41.508,33.92,245.2,1.7445,,,,,1117,2523
2020-05-20,0.6801,3911569,742471,,33.49,246.75,1.78,16173,,,-8252,1103,2515
2020-05-19,0.6882,,,-41.907,32.5,242.3,1.759,,,,,1127,2513
2020-05-18,0.7257,,,,31.82,240.5,1.768,,26,,,1130,2524
2020-05-15,0.6428,,,-42.813,29.43,233.35,1.6993,,,-456.9,,1127,2530
2020-05-14,0.6218,,,-35.166,27.56,235.1,1.692,,,,,1102,2525
2020-05-13,0.6525,3924420,728628,-35.156,25.29,234.9,1.723,14572,,,-6193,1085,2516
2020-05-12,0.6651,,,-35.117,25.78,236.05,1.751,,,,,1142,2509
2020-05-11,0.7099,,,,24.14,238.2,1.799,,28,,,1123,2510
2020-05-08,0.6831,,,-34.859,24.74,240.85,1.7693,,,237.7,,1142,2524
2020-05-07,0.6409,,,,23.55,238.55,1.769,,,,,1127,2511
2020-05-06,0.703,3917836,714521,,23.99,235.25,1.805,17726,,,-4230,1127,
2020-05-05,0.6619,,,-17.605,24.56,234.1,1.817,,,,,1172,
2020-05-04,0.6336,,,-17.416,20.39,232.4,1.823,,19,,,1184,
2020-05-01,0.6118,,,-16.642,19.78,231.85,1.7944,,,-1107.6,,1190,2519
2020-04-30,0.6393,,,-12.053,18.84,235.4,1.808,,,,,1180,2515
2020-04-29,0.6269,3898632,698967,,15.06,237.45,1.849,8134,,,-1065,1141,
2020-04-28,0.6129,,,-0.969,12.34,237.9,1.8415,,,,,1165,2509
2020-04-27,0.6605,,,,12.78,238.2,1.889,,19,,,1145,2512
2020-04-24,0.6008,,,-0.253,16.94,234.8,1.8738,,,-149.1,,1208,2520
2020-04-23,0.6015,,,-0.331,16.5,232.4,1.806,,,,,1141,2522
2020-04-22,0.619,3825152,687387,,13.78,231.75,1.824,9094,,,-4373,1158,2521
2020-04-21,0.5691,,,-0.269,10.01,226.7,1.741,,,,,1163,2522
2020-04-20,0.6053,,,,-37.63,233.45,1.711,,15,,,1158,2518
2020-04-17,0.6417,,,,18.27,235.35,1.7516,,,-423.2,,1231,2505
2020-04-16,0.6267,,,-0.264,19.87,230.45,1.748,,,,,1223,2518
2020-04-15,0.6316,3716452,668340,-0.318,19.87,231.25,1.853,4796,,,-3088,1257,2502
2020-04-14,0.752,,,0.983,20.11,234.7,1.966,,,,,1152,2495
2020-04-13,0.7713,,,,22.41,232.05,1.928,,21,,,1193,2507
2020-04-10,,,,,,,,,,-195.7,,,2499
2020-04-09,0.7191,,,0.962,22.76,227.75,1.916,,,,,1160,2505
2020-04-08,0.7722,3677223,661367,,25.09,227.8,1.869,-7623,,,1260,1152,2540
2020-04-07,0.7122,,,,23.63,228.85,1.806,,,,,1226,2534
2020-04-06,0.6698,,,,26.08,223.5,1.732,,19,,,1254,2538
2020-04-03,0.5948,,,0.982,28.34,221,1.7527,,,-1049.9,,1266,2542
2020-04-02,0.597,,,1.253,25.32,223.3,1.704,,,,,1202,2538
2020-04-01,0.5832,3612688,654311,2.152,20.31,219.2,1.639,-28995,,,4154,1226,2538
2020-03-31,0.6695,,,,20.48,224,1.7045,,,,,1127,2533
2020-03-30,0.7264,,,,20.09,216.2,1.684,,10,,,1157,2539
2020-03-27,0.6746,,,2.68,21.51,219.7,2.0007,,,2.5,,1222,2502
2020-03-26,0.8447,,,,22.6,220.8,1.9631,,,,,1233,2501
2020-03-25,0.8673,3438943,659004,3.128,24.49,223.4,1.676,-80697,,,7394,1229,2477
2020-03-24,0.8466,,,3.17,24.01,219.75,1.742,,,,,1280,2468
2020-03-23,0.7863,,,,23.36,211.95,1.4815,,13,,,1277,2470
2020-03-20,0.8454,,,3.251,22.43,219.05,1.4535,,,-61.3,,1235,
2020-03-19,1.1404,,,,25.22,220,1.322,,,,,1319,2389
2020-03-18,1.1915,3094058,712712,3.133,20.37,216.05,1.447,-94045,,,7066,1358,2429
2020-03-17,1.0784,,,2.935,26.95,231.55,1.475,,,,,1335,2454
2020-03-16,0.7182,,,,28.7,239.85,1.426,,19,,,1306,2440
2020-03-13,0.9603,,,3.085,31.73,247.4,1.335,,,-990.1,,1298,2471
2020-03-12,0.8042,,,3.102,31.5,248.1,1.2155,,,,,1293,2503
2020-03-11,0.8695,2844731,798092,3.059,32.98,251.2,1.3285,-29228,,,8354,1222,2518
2020-03-10,0.803,,,,34.36,253.4,1.3065,,,,,1264,2502
2020-03-09,0.5407,,,,31.13,252.4,1.5168,,19,,,1256,2595
2020-03-06,0.7623,,,3.051,41.28,257.3,1.6952,,,4169.3999,,1295,2500
2020-03-05,0.912,,,2.686,45.9,258.25,1.7895,,,,,1254,2463
2020-03-04,1.0522,2750399,798639,2.778,46.78,259.3,1.8435,-17244,,,2249,1261,2477
2020-03-03,0.999,,,,47.18,257.95,1.8283,,,,,1238,2447
2020-03-02,1.1632,,,2.666,46.75,260.1,1.889,,19,,,1291,2451
2020-02-28,1.1486,,,2.591,44.76,254.6,1.8865,,,-489.7,,1156,2424
2020-02-27,1.2607,,,2.708,47.09,257.15,1.8605,,,,,1106,2416
2020-02-26,1.3371,2697115,801902,2.778,48.73,257.65,1.8805,204,,,107,1120,2407
2020-02-25,1.3521,,,,49.9,259.65,1.868,,,,,1122,2394
2020-02-24,1.3705,,,,51.43,259.25,1.927,,23,,,1106,
2020-02-21,1.4713,,,2.534,53.38,261.8,1.9388,,,656.3,,1099,2379
2020-02-20,1.5152,,,,53.78,259.5,1.945,,,,,1112,2368
2020-02-19,1.5661,2687828,809535,2.57,53.29,261.25,1.9905,12245,,,1824,1128,2367
2020-02-18,1.561,,,,52.05,261,2.071,,,,,1163,2370
2020-02-17,,,,,,,,,28,,,,2367
2020-02-14,1.5848,,,2.354,52.05,260.55,2.0037,,,1421.8,,1086,2364
2020-02-13,1.6173,,,2.725,51.42,261.95,2.0495,,,,,1114,2362
2020-02-12,1.6333,2683687,806069,2.722,51.17,260.6,2.0485,15859,,,9491,1124,2359
2020-02-11,1.6006,,,,49.94,258.85,2.0335,,,,,1114,
2020-02-10,1.5696,,,,49.57,255.75,2.045,,28,,,1111,2363
2020-02-07,1.5834,,,2.675,50.32,255.9,2.0117,,,1633.1,,1111,2356
2020-02-06,1.6422,,,,50.95,259.85,2.0105,,,,,1105,2350
2020-02-05,1.6508,2682627,797870,2.899,50.75,257.9,2.019,10683,,,6148,1168,2367
2020-02-04,1.5991,,,2.885,49.61,254.75,2.0075,,,,,1161,2371
2020-02-03,1.5272,,,2.891,50.11,251.3,1.9925,,28,,,1134,2377
2020-01-31,1.5068,,,2.739,51.56,252,1.999,,,-150.2,,1149,2365
2020-01-30,1.5856,,,,52.14,252.35,2.015,,,,,1072,2367
2020-01-29,1.5839,2689434,794757,1.739,53.33,255.35,2.092,10164,,,4786,1082,2355
2020-01-28,1.6562,,,1.852,53.48,257.95,2.0135,,,,,1074,2359
2020-01-27,1.608,,,1.784,53.14,259.65,2.0045,,23,,,1051,2356
2020-01-24,1.6839,,,,54.19,268.55,2.0778,,,-547.7,,1070,2336
2020-01-23,1.7325,,,,55.59,272.6,2.05,,,,,1051,2336
2020-01-22,1.7691,2700542,794660,1.82,56.74,276.7,2.07,12958,,,6049,1085,2331
2020-01-21,1.7743,,,,58.34,279.85,2.085,,,,,1067,2331
2020-01-20,,,,,,,,,21,,,,2326
2020-01-17,1.8215,,,1.789,58.54,284.95,2.1027,,,195.7,,1043,2323
2020-01-16,1.8074,,,1.835,58.52,285.2,2.065,,,,,1069,2327
2020-01-15,1.783,2699599,790262,2.335,57.81,287,2.064,13674,,,4979,1022,2327
2020-01-14,1.8109,,,2.336,58.23,287.6,2.0795,,,,,1009,2318
2020-01-13,1.8459,,,2.334,58.08,286.15,2.0935,,21,,,1021,
2020-01-10,1.8196,,,2.272,59.04,281.85,2.066,,,2329.7,,1013,2318
2020-01-09,1.8545,,,,59.56,281.05,2.0795,,,,,1011,2321
2020-01-08,1.8738,2708107,787937,,59.61,281.9,2.0905,21215,,,5515,1007,2341
2020-01-07,1.8177,,,2.332,62.7,280.4,2.048,,,,,1028,2337
2020-01-06,1.809,,,2.256,63.27,280.05,2.0765,,19,,,1034,2345
2020-01-03,1.7881,,,2.33,63.05,279.85,2.116,,,-193,,1030,
2020-01-02,1.8771,,,,61.18,283.3,2.1025,,,,,1123,
2020-01-01,,2721120,772803,,,,,7782,,,6256,,
2019-12-31,1.9175,,,,61.06,279.4,2.0675,,,,,1010,
2019-12-30,1.8788,,,2.428,61.68,282.75,2.054,,,,,1036,2324
2019-12-27,1.8752,,,,61.72,283.65,2.0475,,,-446.1,,1038,2327
2019-12-26,1.8944,,,,61.68,286.45,2.1045,,,,,1000,2321
2019-12-25,,2690945,776541,,,,,6902,,,5492,,2323
2019-12-24,1.8996,,,,61.11,283.85,2.073,,,,,1006,2319
2019-12-23,1.9294,,,2.279,60.52,281.7,2.083,,,,,1027,2320
2019-12-20,1.9171,,,2.143,60.44,281.1,2.1051,,,-922.9,,967,2319
2019-12-19,1.9204,,,2.261,61.22,283.15,2.104,,,,,988,2320
2019-12-18,1.9169,2682943,778622,,60.93,281.7,2.0925,8629,,,4733,1057,2324
2019-12-17,1.8801,,,2.341,60.94,281.95,2.107,,,,,1014,2329
2019-12-16,1.8713,,,,60.21,282.05,2.0865,,26,,,1025,2333
2019-12-13,1.8226,,,1.95,60.07,278.05,2.0508,,,521.7,,1017,2320
2019-12-12,1.8922,,,2.063,59.18,278.95,2.0785,,,,,1039,2342
2019-12-11,1.7914,2694585,786335,2.065,58.76,278.25,2.025,10192,,,6035,1056,2335
2019-12-10,1.8416,,,,59.24,275.55,2.0488,,,,,1049,2335
2019-12-09,1.819,,,,59.02,274.65,2.0488,,23,,,1042,2334
2019-12-06,1.8363,,,1.964,59.2,271.1,2.0724,,,235.7,,1017,2342
2019-12-05,1.8103,,,1.484,58.43,264.85,2.0602,,,,,1017,2348
2019-12-04,1.774,2663552,776666,1.548,58.43,264.4,2.0531,9738,,,1570,1046,2353
2019-12-03,1.7157,,,,56.1,260.8,2.0581,,,,,1050,2334
2019-12-02,1.8189,,,1.341,55.96,263.25,2.0595,,23,,,1104,2338
2019-11-29,1.7758,,,,55.17,264.2,1.9867,,,-511.1,,1004,2345
2019-11-28,,,,,,,,,,,,,2344
2019-11-27,1.7654,2662243,775849,1.656,58.11,267.45,2.0325,6005,,,3145,1011,2352
2019-11-26,1.7414,,,1.397,58.41,267.45,2.028,,,,,1056,2348
2019-11-25,1.7551,,,,58.01,264.75,2.0426,,26,,,994,2344
2019-11-22,1.7706,,,,57.77,264.75,2.0416,,,-150.8,,1028,2346
2019-11-21,1.7723,,,0.569,58.58,262.1,2.0376,,,,,993,2354
2019-11-20,1.7449,2614083,773331,,57.11,264.65,2.0225,10525,,,1119,1001,2348
2019-11-19,1.7826,,,0.423,55.21,265.35,2.035,,,,,1008,2342
2019-11-18,1.8153,,,,57.05,261.75,2.0001,,15,,,1012,2339
2019-11-15,1.8308,,,0.313,57.72,263.5,2.0537,,,123.7,,1049,2335
2019-11-14,1.8186,,,0.958,56.77,261.85,2.0101,,,,,1027,2331
2019-11-13,1.886,2667416,766331,0.957,57.12,263.65,2.0206,4873,,,2534,1018,2323
2019-11-12,1.9347,,,,56.8,264.2,2.053,,,,,1064,2321
2019-11-11,,,,,56.86,266,,,23,,,,2326
2019-11-08,1.9417,,,1.013,57.24,267.8,2.0672,,,531.7,,1016,2322
2019-11-07,1.9173,,,,57.15,272.4,2.1307,,,,,1066,2341
2019-11-06,1.8283,2653649,763130,,56.35,266.1,2.072,10415,,,10203,1083,2336
2019-11-05,1.8584,,,0.95,57.23,269.5,2.0865,,,,,1062,2342
2019-11-04,1.777,,,0.917,56.54,266.7,1.9985,,19,,,1146,
2019-11-01,1.7103,,,1.071,56.2,265.1,1.9497,,,668.5,,1118,2359
2019-10-31,1.691,,,1.462,54.18,263.3,1.973,,,,,1174,2346
2019-10-30,1.7715,2625540,750083,,55.06,268.05,1.9735,9612,,,11521,1099,2346
2019-10-29,1.8385,,,,55.54,268.25,1.983,,,,,1048,2333
2019-10-28,1.842,,,1.675,55.81,267.25,2.0175,,21,,,1089,2343
2019-10-25,1.7943,,,1.762,56.66,266.65,2.0144,,,-1055.7,,1077,2354
2019-10-24,1.766,,,1.762,56.23,265.9,2.028,,,,,1086,2353
2019-10-23,1.7642,2598995,748619,,55.97,266.25,2.015,8275,,,10373,1065,2354
2019-10-22,1.7607,,,1.795,54.16,262.2,2.0155,,,,,1079,
2019-10-21,1.7993,,,,53.31,263.5,2.01,,19,,,1054,2355
2019-10-18,1.7536,,,,53.78,262.5,1.9762,,,515.7,,1120,2357
2019-10-17,1.7518,,,1.806,53.93,258.7,1.953,,,,,1077,2359
2019-10-16,1.7395,2586616,742817,1.766,53.36,257.95,1.943,8786,,,8051,1086,2355
2019-10-15,1.771,,,,52.81,260.4,1.956,,,,,1088,2363
2019-10-14,,,,,53.59,262.35,,,17,,,,
2019-10-11,1.729,,,1.754,54.7,261.85,1.9418,,,1060.6,,1024,2369
2019-10-10,1.6681,,,1.724,53.55,260.5,1.9224,,,,,1124,2386
2019-10-09,1.5836,2597162,735690,1.724,52.59,256.2,1.8999,3856,,,9281,1061,2404
2019-10-08,1.5289,,,1.829,52.63,256.35,1.8849,,,,,1070,2396
2019-10-07,1.558,,,,52.75,257.2,1.9237,,21,,,1070,2406
2019-10-04,1.529,,,1.762,52.81,255.55,1.9066,,,-425.7,,1094,2404
2019-10-03,1.5341,,,1.752,52.45,254.55,1.8798,,,,,1120,2395
2019-10-02,1.5992,2596080,731518,1.839,52.64,256.15,1.8963,6810,,,3463,1147,2383
2019-10-01,1.6353,,,1.779,53.62,255.2,1.9115,,,,,1183,2373
2019-09-30,1.6646,,,,54.07,256.45,1.9432,,15,,,1097,2375
2019-09-27,1.6801,,,2.108,55.91,258.3,1.9007,,,870.9,,1084,2373
2019-09-26,1.6921,,,,56.41,256,1.932,,,,,1092,2373
2019-09-25,1.7372,2576675,731976,2.005,56.49,259.5,1.962,4608,,,5849,1080,2381
2019-09-24,1.6456,,,,57.29,258.95,1.9337,,,,,1085,2368
2019-09-23,1.7267,,,,58.64,259.45,1.9735,,15,,,1140,
2019-09-20,1.7215,,,,58.09,259,1.9874,,,-164.8,,1121,2360
2019-09-19,1.784,,,1.931,58.13,259.1,1.932,,,,,1137,2356
2019-09-18,1.7961,2537148,731261,1.935,58.11,259.55,1.9825,8930,,,3142,1196,2356
2019-09-17,1.8013,,,1.867,59.34,260.95,2.0401,,,,,1177,2353
2019-09-16,1.8467,,,,62.9,262.1,2.0492,,15,,,1156,
2019-09-13,1.8958,,,1.805,54.85,268.1,2.0417,,,483.4,,1134,2359
2019-09-12,1.7715,,,1.827,55.09,262.35,2.0086,,,,,1156,2365
2019-09-11,1.7385,2533671,729215,1.877,55.75,259.75,1.9687,11748,,,1978,1179,2373
2019-09-10,1.7316,,,,57.4,261.05,1.9636,,,,,1186,2385
2019-09-09,1.6438,,,,57.85,261.05,1.9736,,25,,,1243,2399
2019-09-06,1.5602,,,1.833,56.52,261.55,1.9461,,,726.8,,1222,2395
2019-09-05,1.5586,,,1.685,56.3,262.45,1.9586,,,,,1197,2408
2019-09-04,1.4657,2523423,722207,1.467,56.26,257.9,1.923,5732,,,296,1222,2416
2019-09-03,1.4573,,,1.682,53.94,251.25,1.9174,,,,,1281,2406
2019-09-02,,,,,,,,,21,,,,2410
2019-08-30,1.4961,,,2.042,55.1,253.3,1.9924,,,1495.7,,1194,2408
2019-08-29,1.4945,,,,56.71,255.95,1.9851,,,,,1196,2418
2019-08-28,1.4794,2514206,715084,,55.78,255.1,1.985,6001,,,537,1196,2410
2019-08-27,1.4711,,,,54.93,254.35,1.9148,,,,,1197,2405
2019-08-26,1.5351,,,2.265,53.64,254,1.9149,,21,,,1190,2419
2019-08-23,1.5351,,,2.269,54.17,252.6,1.8877,,,-910.3,,1130,2385
2019-08-22,1.6131,,,,55.35,255.35,1.8833,,,,,1160,2400
2019-08-21,1.5893,2528009,714906,2.312,55.68,258.15,1.8726,1881,,,863,1188,2401
2019-08-20,1.5555,,,,56.34,257.4,1.9038,,,,,1228,2394
2019-08-19,1.6063,,,,56.21,259.7,1.9137,,25,,,1241,2397
2019-08-16,1.5538,,,2.228,54.87,259,1.91,,,499.8,,1247,2407
2019-08-15,1.5269,,,2.159,54.47,258.95,1.8988,,,,,1218,2402
2019-08-14,1.5792,2511840,707132,1.843,55.23,258.65,1.9098,8159,,,1984,1244,2380
2019-08-13,1.7035,,,1.846,57.1,262.45,1.9624,,,,,1183,2392
2019-08-12,1.6454,,,1.847,54.93,258,1.955,,19,,,1177,
2019-08-09,1.7447,,,1.939,54.5,258.4,2.0007,,,175.8,,1186,2380
2019-08-08,1.7172,,,1.945,52.54,260.2,2.0036,,,,,1218,2380
2019-08-07,1.7342,2493354,707136,,51.09,256.5,2.0223,-5473,,,3312,1196,2383
2019-08-06,1.7023,,,,53.63,255.1,1.9875,,,,,1234,2372
2019-08-05,1.7075,,,1.879,54.69,253.7,1.9725,,25,,,1253,2369
2019-08-02,1.8452,,,1.939,55.66,256.5,2.0087,,,292,,1185,2351
2019-08-01,1.8935,,,2.225,53.95,266,2.0256,,,,,1183,2323
2019-07-31,2.0144,2446445,696474,,58.58,265.8,2.105,6619,,,6016,1217,2323
2019-07-30,2.058,,,1.964,58.05,267.05,2.0923,,,,,1158,2322
2019-07-29,2.065,,,,56.87,270.95,2.083,,17,,,1153,2321
2019-07-26,2.0703,,,,56.2,267.65,2.115,,,-161.5,,1142,2322
2019-07-25,2.081,,,1.333,56.02,269.55,2.1176,,,,,1153,2325
2019-07-24,2.0428,2449611,697426,1.566,55.88,270.4,2.1517,7723,,,6889,1139,2322
2019-07-23,2.0812,,,1.59,56.77,269.4,2.1225,,,,,1091,2325
2019-07-22,2.0464,,,,56.22,271.45,2.0918,,21,,,1123,2322
2019-07-19,2.0552,,,,55.63,274.45,2.1166,,,1029,,1140,2327
2019-07-18,2.0242,,,,55.3,270.4,2.09,,,,,1114,2323
2019-07-17,2.0451,2431167,692018,1.605,56.78,271,2.0936,8585,,,6946,1104,2316
2019-07-16,2.1026,,,1.603,57.62,269.35,2.1356,,,,,1102,2318
2019-07-15,2.0887,,,,59.58,270.75,2.1164,,19,,,1199,
2019-07-12,2.1219,,,1.276,60.21,269.15,2.1123,,,949.6,,1138,2308
2019-07-11,2.1378,,,1.23,60.2,268.25,2.0886,,,,,1147,2324
2019-07-10,2.0613,2431392,682040,1.398,60.43,269.3,2.0812,7711,,,6579,1139,2319
2019-07-09,2.0648,,,,57.83,262.45,2.0588,,,,,1178,2323
2019-07-08,2.0476,,,,57.66,265.6,2.0487,,21,,,1211,2364
2019-07-05,2.0338,,,1.414,57.51,265.85,2.0224,,,297,,1193,2369
2019-07-04,,,,,,,,,,,,,2353
2019-07-03,1.9498,2423051,676418,1.309,57.34,267.95,1.9988,8810,,,5873,1213,2350
2019-07-02,1.974,,,,56.25,265.75,2.0099,,,,,1224,2342
2019-07-01,2.024,,,1.47,59.09,267.95,2.0549,,19,,,1181,2340
2019-06-28,2.0051,,,1.496,58.47,270.55,2.0485,,,514.5,,1113,2343
2019-06-27,2.014,,,,59.43,271.25,2.0499,,,,,1117,2331
2019-06-26,2.0468,2382639,673390,1.882,59.38,271.1,2.0653,8021,,,10037,1099,2343
2019-06-25,1.985,,,2.027,57.83,273.55,2.0515,,,,,1101,2346
2019-06-24,2.0143,,,,57.9,270.55,2.0648,,21,,,1092,2338
2019-06-21,2.054,,,2.085,57.43,270.6,2.0682,,,497.8,,1103,2344
2019-06-20,2.0284,,,,56.65,271.55,2.0761,,,,,1067,2350
2019-06-19,2.0233,2375339,673436,,53.76,268.45,2.028,6372,,,10835,1059,2333
2019-06-18,2.0595,,,2.048,53.9,270.7,1.988,,,,,1059,2333
2019-06-17,2.0942,,,,51.93,265.1,1.9129,,21,,,1098,2328
2019-06-14,2.0804,,,2.052,52.51,263.45,2.0057,,,330.5,,1047,2332
2019-06-13,2.0945,,,1.455,52.28,266.1,2.0459,,,,,1039,2327
2019-06-12,2.1205,2363871,672778,1.474,51.14,265.9,2.0711,10706,,,12793,1099,2322
2019-06-11,2.1431,,,1.403,53.27,267.55,2.07,,,,,1048,2319
2019-06-10,2.1484,,,,53.26,266.4,2.0601,,19,,,1112,2319
2019-06-07,2.0809,,,1.387,53.99,263.05,2.0649,,,1741.6,,1104,2320
2019-06-06,2.1174,,,1.474,52.59,265.4,2.096,,,,,1031,2322
2019-06-05,2.1348,2359814,666812,1.498,51.68,262.7,2.151,3166,,,10546,1082,2322
2019-06-04,2.1296,,,1.442,53.48,267.35,2.1186,,,,,1110,2324
2019-06-03,2.071,,,1.256,53.25,265.55,2.1053,,23,,,1162,2322
2019-05-31,2.1246,,,1.165,53.5,264.6,2.1119,,,441.7,,1136,2315
2019-05-30,2.2133,,,1.174,56.59,266.05,2.1134,,,,,1083,2296
2019-05-29,2.2605,2350435,661150,,58.81,267.25,2.122,2723,,,13912,1099,2300
2019-05-28,2.2658,,,,59.14,270.35,2.1149,,,,,1085,2291
2019-05-27,,,,,,,,,19,,,,2287
2019-05-24,2.3202,,,1.261,58.63,270.65,2.1518,,,-172.8,,1038,2285
2019-05-23,2.3185,,,1.278,57.91,268.65,2.136,,,,,1039,2280
2019-05-22,2.382,2332546,659233,,61.42,268.6,2.155,2398,,,11154,1037,2269
2019-05-21,2.4264,,,1.183,62.99,272.35,2.1905,,,,,1017,2273
2019-05-20,2.4157,,,,63.1,273.6,2.1588,,17,,,1038,2273
2019-05-17,2.3909,,,,62.76,274.8,2.1464,,,1359,,1036,2277
2019-05-16,2.3944,,,1.165,62.87,275.85,2.16,,,,,1030,2283
2019-05-15,2.3732,2307137,653013,1.087,62.02,275.35,2.1704,-89,,,14106,1052,2275
2019-05-14,2.4104,,,1.56,61.78,273.45,2.1999,,,,,1012,2276
2019-05-13,2.4015,,,,61.04,272.95,2.1981,,19,,,1007,2270
2019-05-10,2.4672,,,1.56,61.66,278.5,2.2189,,,33.7,,1034,2268
2019-05-09,2.4423,,,1.575,61.7,278.35,2.2021,,,,,1011,2265
2019-05-08,2.4835,2293591,650921,,62.12,278.55,2.2059,5291,,,14102,1034,2269
2019-05-07,2.4566,,,,61.4,279.4,2.2091,,,,,1069,2267
2019-05-06,2.4692,,,,62.25,283.7,2.2459,,13,,,1021,
2019-05-03,2.525,,,1.668,61.94,282.5,2.2572,,,-257,,1076,
2019-05-02,2.5414,,,0.914,61.81,278.4,2.2364,,,,,1053,
2019-05-01,2.4999,2291656,645523,1.217,63.6,280.3,2.24,8458,,,11506,1074,
2019-04-30,2.5018,,,,63.91,290.15,2.2783,,,,,1084,
2019-04-29,2.5252,,,1.252,63.5,289.5,2.3041,,15,,,968,
2019-04-26,2.4982,,,,63.3,297,2.3137,,,-311.3,,982,2252
2019-04-25,2.5325,,,2.671,65.21,287.75,2.313,,,,,962,2257
2019-04-24,2.5181,2274169,643151,,65.89,291.75,2.2988,7622,,,8512,1018,2255
2019-04-23,2.565,,,2.669,66.3,289.85,2.2986,,,,,969,2248
2019-04-22,2.5885,,,2.719,65.7,290.65,2.3074,,19,,,978,2252
2019-04-19,,,,,,,,,,1169.5,,,2261
2019-04-18,2.5596,,,2.789,64,292.75,2.2606,,,,,979,2252
2019-04-17,2.594,2265069,644706,2.426,63.76,297.55,2.2775,7579,,,9983,954,2244
2019-04-16,2.5904,,,2.27,64.05,293.05,2.287,,,,,961,2256
2019-04-15,2.5543,,,,63.4,293.4,2.2905,,23,,,968,2253
2019-04-12,2.5651,,,2.252,63.89,294.6,2.2999,,,598.8,,955,2265
2019-04-11,2.497,,,2.204,63.58,288.6,2.2934,,,,,974,2269
2019-04-10,2.4649,2313727,647129,2.185,64.61,292.25,2.2875,6707,,,10329,945,2263
2019-04-09,2.5006,,,,63.98,293.15,2.2761,,,,,970,2262
2019-04-08,2.5222,,,2.273,64.4,292.95,2.285,,25,,,949,2275
2019-04-05,2.4954,,,2.178,63.08,289.25,2.26,,,-1739.6,,976,2271
2019-04-04,2.5151,,,,62.1,290.85,2.2513,,,,,1000,2274
2019-04-03,2.5241,2329875,637758,2.138,62.46,294.65,2.2549,9782,,,11263,987,2276
2019-04-02,2.4741,,,2.074,62.58,290.4,2.2399,,,,,978,2280
2019-04-01,2.5009,,,2.126,61.59,292.05,2.242,,26,,,978,2284
2019-03-29,2.405,,,1.707,60.14,293.6,2.2368,,,1243.9,,897,2291
2019-03-28,2.3946,,,,59.3,286.85,2.228,,,,,898,2300
2019-03-27,2.3665,2333399,629342,1.534,59.41,285.8,2.206,5535,,,13886,879,2288
2019-03-26,2.423,,,1.278,59.94,285.05,2.2205,,,,,901,2280
2019-03-25,2.3983,,,1.254,58.82,284.95,2.221,,21,,,919,2279
2019-03-22,2.439,,,1.226,59.04,283.6,2.2647,,,1785.6,,889,2267
2019-03-21,2.5369,,,,59.98,290,2.2986,,,,,921,
2019-03-20,2.5263,2292105,633040,,59.83,291.55,2.2847,8665,,,8433,928,2255
2019-03-19,2.6123,,,0.619,59.03,291.95,2.3,,,,,945,2256
2019-03-18,2.6033,,,,59.09,290.35,2.3084,,19,,,942,2259
2019-03-15,2.5871,,,0.465,58.52,290.35,2.2896,,,-595.3,,940,2249
2019-03-14,2.6303,,,0.369,58.61,288.85,2.289,,,,,879,2253
2019-03-13,2.6213,2338191,634160,0.382,58.26,293.35,2.26,8815,,,11035,925,2257
2019-03-12,2.6015,,,0.17,56.87,292.75,2.2425,,,,,916,2247
2019-03-11,2.6393,,,0.17,56.79,290,2.2499,,21,,,949,2252
2019-03-08,2.6285,,,0.476,56.07,289.4,2.2275,,,254.7,,954,2253
2019-03-07,2.6393,,,,56.66,291.15,2.2658,,,,,972,2244
2019-03-06,2.6934,2338914,634041,0.522,56.22,291.85,2.2754,3997,,,6726,977,2235
2019-03-05,2.7169,,,0.534,56.56,293.6,2.2926,,,,,956,2237
2019-03-04,2.7223,,,0.267,56.59,291.1,2.297,,23,,,965,2241
2019-03-01,2.7531,,,0.343,55.8,293.35,2.3062,,,452.6,,1007,2236
2019-02-28,2.715,,,,57.22,295,2.2894,,,,,1003,2246
2019-02-27,2.6825,2313687,626993,1.847,56.94,295.9,2.28,9030,,,12837,898,2250
2019-02-26,2.6357,,,1.798,55.5,294.4,2.2567,,,,,919,2249
2019-02-25,2.6626,,,1.856,55.48,295,2.2676,,17,,,938,2246
2019-02-22,2.6518,,,,57.26,296.1,2.2401,,,1021.4,,894,2243
2019-02-21,2.6914,,,1.417,56.96,290.25,2.2449,,,,,886,2247
2019-02-20,2.6447,2311237,622101,,56.92,293,2.2198,6095,,,14474,913,2249
2019-02-19,2.6339,,,,56.09,288.15,2.1948,,,,,941,2246
2019-02-18,,,,,,,,,22,,,,2246
2019-02-15,2.6626,,,,55.59,280.25,2.1937,,,196.2,,913,2249
2019-02-14,2.6536,,,1.525,54.41,277.6,2.1975,,,,,862,2239
2019-02-13,2.7021,2325401,616186,2.585,53.9,277.4,2.1948,6751,,,18725,928,2241
2019-02-12,2.6877,,,2.663,53.1,277.45,2.1884,,,,,920,2242
2019-02-11,2.6536,,,,52.41,279.15,2.1812,,21,,,984,
2019-02-08,2.6339,,,,52.72,281,2.1825,,,996.6,,912,2249
2019-02-07,2.6572,,,,52.64,282.85,2.2225,,,,,918,2241
2019-02-06,2.6946,2314385,607717,2.733,54.01,283.55,2.2463,13129,,,18367,942,2241
2019-02-05,2.6983,,,2.396,53.66,281.7,2.2513,,,,,932,2237
2019-02-04,2.7235,,,2.396,54.56,279.5,2.2618,,28,,,964,2243
2019-02-01,2.6842,,,2.49,55.26,277.5,2.2787,,,915.6,,993,2251
2019-01-31,2.6293,,,2.695,53.79,278.9,2.2439,,,,,1048,2245
2019-01-30,2.6775,2301643,595097,,54.23,277.3,2.206,5822,,,19312,948,2235
2019-01-29,2.7098,,,,53.31,273.2,2.16,,,,,934,2233
2019-01-28,2.744,,,,51.99,268.75,2.1612,,23,,,981,2230
2019-01-25,2.7585,,,,53.69,273.8,2.1587,,,-104.1,,915,2235
2019-01-24,2.7157,,,,53.13,267.35,2.1529,,,,,994,2231
2019-01-23,2.7409,2312872,594709,,52.62,269.4,2.182,5366,,,17030,956,2228
2019-01-22,2.7392,,,2.722,52.57,268.9,2.2005,,,,,967,2225
2019-01-21,,,,,,,,,21,,,,2226
2019-01-18,2.7842,,,2.795,53.8,274.1,2.2235,,,822.9,,974,2230
2019-01-17,2.7504,,,,52.07,270,2.203,,,,,969,2238
2019-01-16,2.7218,2313251,590500,2.788,52.31,269.35,2.1747,7632,,,17926,988,2238
2019-01-15,2.7112,,,2.815,52.11,265.05,2.2282,,,,,991,2238
2019-01-14,2.7024,,,,50.51,264.55,2.185,,25,,,977,
2019-01-11,2.7007,,,2.797,51.59,266.95,2.1888,,,2216.1001,,973,2235
2019-01-10,2.7421,,,2.794,52.59,264.35,2.1748,,,,,1026,2241
2019-01-09,2.71,2333691,585895,,52.36,266.2,2.1794,4349,,,21542,1032,2237
2019-01-08,2.728,,,,49.78,266.05,2.1725,,,,,1070,2255
2019-01-07,2.696,,,2.794,48.52,264.1,2.1372,,25,,,1052,2261
2019-01-04,2.6677,,,2.793,47.96,265.15,2.1124,,,-1003.3,,1041,2268
2019-01-03,2.5535,,,2.587,47.09,257.05,2.0644,,,,,1063,
2019-01-02,2.6204,2331138,569537,,46.54,262.5,2.092,-14073,,,16837,1092,
2018-12-31,2.6842,,,,45.41,262.8,2.1347,,,,,1000,
2018-12-28,2.7182,,,,45.33,267.9,2.1596,,,-516.6,,927,2240
2018-12-27,2.7666,,,,44.61,266.75,2.1712,,,,,943,2238
2018-12-26,2.8079,2328999,565259,,46.22,270.85,2.2082,-10234,,,19215,957,2249
2018-12-25,,,,,,,,,,,,,2250
2018-12-24,2.7383,,,,42.53,266.85,2.2049,,,,,881,
2018-12-21,2.7902,,,2.714,45.59,267.85,2.2205,,,-310.5,,927,2239
2018-12-20,2.8065,,,,45.88,270.2,2.1921,,,,,963,2246
2018-12-19,2.7548,2305493,559477,2.972,47.2,272.15,2.196,-12014,,,15697,910,2239
2018-12-18,2.8175,,,2.921,46.24,267.1,2.2275,,,,,920,2234
2018-12-17,2.857,,,,49.88,275.3,2.222,,21,,,935,2224
2018-12-14,2.8895,,,2.995,51.2,276.05,2.2302,,,107.3,,867,2224
2018-12-13,2.9131,,,2.5,52.58,276.25,2.2787,,,,,897,2223
2018-12-12,2.9096,2298765,562353,2.426,51.15,276.85,2.2862,-12204,,,14924,882,2222
2018-12-11,2.879,,,2.437,51.65,276.6,2.3076,,,,,868,2230
2018-12-10,2.8575,,,,51,271.85,2.2749,,23,,,903,2233
2018-12-07,2.845,,,2.383,52.61,275.75,2.3074,,,1234.8,,912,2226
2018-12-06,2.8955,,,2.664,51.49,274.05,2.3151,,,,,963,2224
2018-12-05,2.9136,2216939,552214,,52.89,276.8,2.323,-4608,,,7785,,2217
2018-12-04,2.9136,,,2.709,53.25,274.85,2.293,,,,,892,2211
2018-12-03,2.9697,,,2.8,52.95,279.95,2.369,,25,,,912,2199
2018-11-30,2.9879,,,,50.93,277.75,2.3353,,,1053.5,,919,2203
2018-11-29,3.0298,,,2.621,51.45,277.8,2.3319,,,,,850,2200
2018-11-28,3.059,2257388,548003,,50.29,279.6,2.3155,-2641,,,10052,850,2196
2018-11-27,3.0572,,,,51.56,271.05,2.3017,,,,,843,2197
2018-11-26,3.0535,,,,51.63,275.85,2.287,,25,,,862,2199
2018-11-23,3.039,,,,50.42,277.05,2.3049,,,-736,,820,
2018-11-22,,,,,,,,,,,,,2198
2018-11-21,3.0627,2257278,542891,2.491,54.63,279.45,2.2974,-3220,,,8490,819,2195
2018-11-20,3.0628,,,2.458,53.43,276.65,2.2738,,,,,845,2197
2018-11-19,3.0628,,,,56.76,280.45,2.2838,,21,,,863,2194
2018-11-16,3.0628,,,2.617,56.46,280.4,2.3264,,,-140,,828,2190
2018-11-15,3.1103,,,2.755,56.46,274.9,2.3418,,,,,846,2185
2018-11-14,3.125,2244518,539478,2.907,56.25,270.95,2.368,-1542,,,6134,803,2176
2018-11-13,3.1397,,,2.906,55.69,268.7,2.3781,,,,,817,2173
2018-11-12,,,,,59.93,267.8,,,23,,,,2175
2018-11-09,3.1819,,,2.897,60.19,268.65,2.3562,,,1620.5,,836,2170
2018-11-08,3.2373,,,,60.67,273.7,2.356,,,,,819,2168
2018-11-07,3.2355,2233724,538427,,61.67,275.25,2.3387,1702,,,7218,823,2175
2018-11-06,3.2276,,,,62.21,273.05,2.3175,,,,,802,2170
2018-11-05,3.2008,,,2.929,63.1,275.55,2.324,,23,,,842,2173
2018-11-02,3.2121,,,2.899,63.14,280.3,2.3324,,,-166.4,,853,2181
2018-11-01,3.1303,,,2.964,63.69,272.15,2.314,,,,,835,2182
2018-10-31,3.1435,2219113,531120,,65.31,266.35,2.3519,-17409,,,2052,849,2185
2018-10-30,3.1227,,,,66.18,266.3,2.2932,,,,,788,2191
2018-10-29,3.0849,,,2.647,67.04,273.85,2.3865,,25,,,806,2194
2018-10-26,3.0755,,,,67.59,274.4,2.3474,,,-1074.9,,779,2193
2018-10-25,3.1167,,,3.554,67.33,274.85,2.33,,,,,822,2191
2018-10-24,3.1035,2213421,533869,3.745,66.82,274.65,2.3704,-6415,,,596,828,2182
2018-10-23,3.1676,,,,66.43,274.7,2.3715,,,,,779,2181
2018-10-22,3.1978,,,,69.17,277.4,2.3929,,26,,,791,2176
2018-10-19,3.1921,,,3.81,69.12,276.8,2.3987,,,27.2,,785,2178
2018-10-18,3.1786,,,,68.65,273.75,2.3949,,,,,810,2173
2018-10-17,3.205,2202647,535072,3.851,69.75,276.7,2.3995,-4326,,,4994,771,2179
2018-10-16,3.1633,,,3.847,71.92,277.05,2.396,,,,,816,2179
2018-10-15,3.1557,,,4.004,71.78,278.05,2.4165,,25,,,837,2178
2018-10-12,3.1613,,,4.222,71.34,279.3,2.4038,,,1036.2,,852,2174
2018-10-11,3.1498,,,4.198,70.97,279.7,2.4136,,,,,838,2181
2018-10-10,3.1629,2216293,536568,4.195,73.17,276.9,2.4417,-5484,,,3129,839,2171
2018-10-09,3.2063,,,,74.96,279.5,2.4424,,,,,855,2166
2018-10-08,,,,,74.29,275.5,,,32,,,,
2018-10-05,3.2328,,,4.084,74.34,275.1,2.4043,,,-198.2,,873,2181
2018-10-04,3.187,,,4.071,74.33,276.5,2.4255,,,,,816,2178
2018-10-03,3.1813,2205595,532408,4.127,76.41,282.25,2.4337,6497,,,2436,855,2201
2018-10-02,3.0631,,,,75.23,279.5,2.3954,,,,,861,2201
2018-10-01,3.0836,,,4.082,75.3,277.4,2.417,,25,,,917,2204
2018-09-28,3.0612,,,3.627,73.25,278.7,2.4485,,,380.8,,807,2206
2018-09-27,3.0518,,,3.83,72.12,276.45,2.4188,,,,,825,2202
2018-09-26,3.048,2215887,536155,4.437,71.57,280.7,2.449,2091,,,2729,828,2200
2018-09-25,3.0964,,,,72.28,280.35,2.4859,,,,,814,2196
2018-09-24,3.0889,,,,72.08,281.6,2.4494,,23,,,799,
2018-09-21,3.0628,,,,70.78,283.65,2.486,,,1503,,781,2203
2018-09-20,3.0626,,,4.414,70.8,272.1,2.4821,,,,,808,2207
2018-09-19,3.0626,2195446,538740,4.447,71.12,271,2.4413,4239,,,3978,794,2209
2018-09-18,3.0551,,,,69.85,271.2,2.4213,,,,,819,2217
2018-09-17,2.9867,,,,68.91,263.35,2.3975,,30,,,789,
2018-09-14,2.9959,,,4.426,68.99,262.75,2.395,,,2329,,798,2217
2018-09-13,2.97,,,3.897,68.59,266.45,2.4247,,,,,810,2223
2018-09-12,2.9626,2218138,534242,3.803,70.37,265.85,2.3962,7160,,,7392,810,2221
2018-09-11,2.9755,,,3.783,69.25,260.4,2.4075,,,,,802,2222
2018-09-10,2.9314,,,,67.54,261.05,2.3913,,36,,,816,2227
2018-09-07,2.9388,,,3.82,67.75,260.35,2.3954,,,306.2,,802,2233
2018-09-06,2.8731,,,4.276,67.77,261.85,2.4013,,,,,799,2230
2018-09-05,2.9022,2220287,531561,4.356,68.72,259.25,2.4109,3506,,,4631,798,2234
2018-09-04,2.8985,,,4.657,69.87,258.35,2.3963,,,,,833,2240
2018-09-03,,,,,,,,,38,,,,2240
2018-08-31,2.8604,,,,69.8,264.9,2.3976,,,543.4,,804,2235
2018-08-30,2.855,,,4.081,70.25,269.05,2.3923,,,,,795,2242
2018-08-29,2.884,2207713,527614,,69.51,270.9,2.4323,4118,,,5644,797,2236
2018-08-28,2.8804,,,4.097,68.53,273.4,2.4213,,,,,805,2235
2018-08-27,2.8459,,,,68.87,270.5,2.3759,,32,,,814,2244
2018-08-24,2.8098,,,4.593,68.72,269.9,2.4055,,,247.2,,773,2242
2018-08-23,2.8261,,,4.416,67.83,265.25,2.3565,,,,,773,2240
2018-08-22,2.8189,2215489,521314,4.267,67.86,266.85,2.3994,4059,,,4437,787,2236
2018-08-21,2.8298,,,,67.35,268.95,2.4062,,,,,772,2239
2018-08-20,2.819,,,,66.43,266.35,2.3837,,30,,,778,2240
2018-08-17,2.8605,,,,65.91,262.45,2.3962,,,-1922.1,,799,2247
2018-08-16,2.8659,,,4.254,65.46,261.35,2.4023,,,,,782,2242
2018-08-15,2.8623,2219173,513827,4.32,65.01,255.7,2.4364,975,,,4960,807,2234
2018-08-14,2.8985,,,4.391,67.04,267.55,2.4147,,,,,729,2237
2018-08-13,2.8786,,,,67.2,272.2,2.4126,,30,,,733,2243
2018-08-10,2.8732,,,4.388,67.63,273.25,2.4099,,,124.7,,735,2226
2018-08-09,2.9258,,,4.324,66.81,275.55,2.4438,,,,,761,2230
2018-08-08,2.96,2223231,511095,,66.94,274.05,2.4488,6100,,,7959,738,2236
2018-08-07,2.973,,,,69.17,274.1,2.4562,,,,,732,2241
2018-08-06,2.9395,,,,69.01,272.1,2.4437,,34,,,763,2240
2018-08-03,2.9488,,,4.37,68.49,275.35,2.4523,,,1164,,763,2252
2018-08-02,2.9859,,,4.929,68.96,272.7,2.4154,,,,,781,2230
2018-08-01,3.0064,2218574,501569,4.951,67.66,273.5,2.4712,5678,,,2157,786,2239
2018-07-31,2.9598,,,4.686,68.76,281.9,2.449,,,,,799,2240
2018-07-30,2.9728,,,,70.13,277.9,2.4444,,30,,,768,2238
2018-07-27,2.9542,,,,68.69,278.75,2.4411,,,526.6,,774,2240
2018-07-26,2.9764,,,3.822,69.61,280.4,2.4376,,,,,784,2234
2018-07-25,2.9746,2212567,496279,4.412,69.3,280.6,2.449,3777,,,7305,753,2247
2018-07-24,2.9486,,,,68.52,280,2.449,,,,,775,2233
2018-07-23,2.9541,,,4.494,67.89,273.7,2.4338,,28,,,764,2251
2018-07-20,2.8931,,,,70.46,274.6,2.4099,,,-201.3,,773,2249
2018-07-19,2.838,,,,69.46,268.6,2.384,,,,,769,2242
2018-07-18,2.8692,2216164,492478,4.513,68.76,275.2,2.4045,6871,,,6792,783,2252
2018-07-17,2.86,,,4.531,68.08,273.95,2.4594,,,,,766,2248
2018-07-16,2.8582,,,4.532,68.06,275.7,2.435,,23,,,767,
2018-07-13,2.8271,,,4.183,71.01,277,2.3875,,,10.4,,735,2242
2018-07-12,2.8454,,,4.169,70.33,276.8,2.4198,,,,,747,2243
2018-07-11,2.8491,2226737,485835,3.896,70.38,273.35,2.4061,6397,,,7086,766,2243
2018-07-10,2.8491,,,,74.11,282.85,2.4126,,,,,762,2251
2018-07-09,2.8564,,,,73.85,283.9,2.4063,,28,,,784,2275
2018-07-06,2.8217,,,3.838,73.8,281.3,2.4212,,,819.1,,760,2268
2018-07-05,2.8291,,,3.915,72.94,281.4,2.4224,,,,,807,2271
2018-07-04,,2207604,475902,,,,,4231,,,3370,,2268
2018-07-03,2.8309,,,3.984,74.14,290.6,2.4262,,,,,768,2252
2018-07-02,2.8711,,,4.086,73.94,293.15,2.3933,,30,,,775,2253
2018-06-29,2.8601,,,3.834,74.15,295.1,2.3993,,,-293.4,,702,2248
2018-06-28,2.8365,,,,73.45,295.35,2.4351,,,,,768,2249
2018-06-27,2.8256,2212852,476448,4.482,72.76,298.95,2.42,2434,,,3813,760,2251
2018-06-26,2.8766,,,,70.53,299.7,2.4245,,,,,757,2244
2018-06-25,2.8803,,,4.624,68.08,299.2,2.435,,28,,,755,2238
2018-06-22,2.8949,,,,68.58,303.25,2.4343,,,30.2,,742,2245
2018-06-21,2.8967,,,,65.54,302.5,2.4363,,,,,753,2236
2018-06-20,2.9389,2191525,475464,4.679,66.22,304.65,2.4324,3785,,,6408,769,2248
2018-06-19,2.8967,,,4.709,65.07,304.65,2.4326,,,,,799,2249
2018-06-18,2.9169,,,,65.85,310.35,2.4439,,34,,,799,2253
2018-06-15,2.9205,,,4.602,65.06,314.1,2.4325,,,1511.9,,802,2245
2018-06-14,2.9351,,,4.804,66.89,321.65,2.425,,,,,818,2254
2018-06-13,2.9663,2243147,474845,4.589,66.64,324.8,2.4532,5211,,,5930,817,2248
2018-06-12,2.9608,,,4.631,66.36,324.25,2.4512,,,,,774,2246
2018-06-11,2.9516,,,,66.1,325.05,2.4425,,38,,,791,2241
2018-06-08,2.9461,,,4.557,65.74,329.3,2.4337,,,-476,,806,2250
2018-06-07,2.9204,,,,65.95,326.8,2.4495,,,,,813,2256
2018-06-06,2.9717,2269260,469754,4.49,64.73,325.45,2.4663,696,,,4068,805,2239
2018-06-05,2.9277,,,4.567,65.52,319.1,2.4463,,,,,797,2242
2018-06-04,2.9424,,,4.548,64.75,312.65,2.4375,,34,,,825,2247
2018-06-01,2.9022,,,4.844,65.81,309.15,2.4023,,,-1664.2,,807,2263
2018-05-31,2.8586,,,4.673,67.04,305.8,2.3875,,,,,872,2257
2018-05-30,2.855,2237581,463173,,68.21,305.95,2.3774,1559,,,11356,801,2255
2018-05-29,2.781,,,4.112,66.73,305.2,2.3838,,,,,796,2250
2018-05-28,,,,,,,,,23,,,,2242
2018-05-25,2.9313,,,4.035,67.88,306.7,2.3976,,,-700.2,,749,2233
2018-05-24,2.977,,,4.155,70.71,308.55,2.3989,,,,,772,2234
2018-05-23,2.9935,2222758,462485,4.327,71.84,306.05,2.4075,4976,,,8890,729,2223
2018-05-22,3.0597,,,,72.13,311.9,2.4238,,,,,748,2222
2018-05-21,3.0596,,,,72.24,308.55,2.4175,,30,,,772,2220
2018-05-18,3.0559,,,,71.28,305.1,2.4344,,,966.5,,750,2211
2018-05-17,3.1112,,,4.241,71.49,307.7,2.4625,,,,,754,2224
2018-05-16,3.0964,2224318,461997,4.129,71.49,305.85,2.4544,4705,,,9391,754,2226
2018-05-15,3.0723,,,4.069,71.31,304.25,2.4375,,,,,770,2232
2018-05-14,3.0024,,,,70.96,307.85,2.4188,,34,,,741,2257
2018-05-11,2.9695,,,4.034,70.7,309.5,2.4362,,,835.3,,746,2242
2018-05-10,2.9622,,,4.043,71.36,309.25,2.4551,,,,,737,2239
2018-05-09,3.0042,2212298,464938,4.032,71.14,303.95,2.4194,2377,,,8362,783,2239
2018-05-08,2.976,,,,69.06,304.05,2.4061,,,,,746,2244
2018-05-07,2.9497,,,,70.73,305.95,2.44,,28,,,760,2235
2018-05-04,2.9497,,,3.93,69.72,306.55,2.4476,,,-355.7,,752,
2018-05-03,2.9458,,,3.991,68.43,305.9,2.445,,,,,759,
2018-05-02,2.9663,2214767,457994,3.942,67.93,304.75,2.4574,3619,,,434,753,2227
2018-05-01,2.9644,,,4.137,67.25,301.5,2.4495,,,,,761,2229
2018-04-30,2.9531,,,4.067,68.57,305.25,2.4621,,28,,,775,
2018-04-27,2.9568,,,,68.1,304.6,2.4563,,,533.6,,732,2228
2018-04-26,2.9809,,,1.983,68.19,311.3,2.4927,,,,,725,2217
2018-04-25,3.0259,2212922,454983,,68.05,313.2,2.4463,2349,,,2608,728,2223
2018-04-24,2.9995,,,2.011,67.7,313.85,2.4466,,,,,747,2230
2018-04-23,2.9752,,,1.98,68.64,310.8,2.4587,,36,,,755,2229
2018-04-20,2.9602,,,,68.38,313.15,2.5007,,,954.4,,726,2242
2018-04-19,2.9098,,,,68.29,312.8,2.4338,,,,,745,2243
2018-04-18,2.8728,2210523,455765,,68.47,315.35,2.4375,9310,,,3157,738,2246
2018-04-17,2.8285,,,1.967,66.52,307.5,2.4578,,,,,729,2253
2018-04-16,2.8267,,,1.908,66.22,309.15,2.4337,,36,,,770,2256
2018-04-13,2.8267,,,,67.39,306.75,2.4436,,,801,,776,2255
2018-04-12,2.8358,,,2.032,67.07,306,2.4455,,,,,871,2259
2018-04-11,2.7808,2236721,458074,2.01,66.82,311.2,2.3901,7158,,,2443,811,2255
2018-04-10,2.8009,,,1.972,65.51,313.1,2.3999,,,,,811,2258
2018-04-09,2.779,,,,63.42,307.15,2.361,,32,,,833,2266
2018-04-06,2.7735,,,1.99,62.06,305.4,2.3974,,,-594.7,,845,2269
2018-04-05,2.832,,,2.316,63.54,306.95,2.4402,,,,,829,2274
2018-04-04,2.8027,2244433,454573,2.513,63.37,300.7,2.3925,3053,,,-2456,859,2272
2018-04-03,2.7753,,,,63.51,305.8,2.3957,,,,,825,2276
2018-04-02,2.7298,,,2.798,63.01,304.05,2.3299,,32,,,849,2272
2018-03-30,,,,,,,,,,-774.3,,,2280
2018-03-29,2.7389,,,2.37,64.94,301.9,2.3512,,,,,,2276
2018-03-28,2.7807,2242197,453260,,64.38,299.4,2.3472,130,,,-918,,2274
2018-03-27,2.7753,,,,65.25,299.15,2.3526,,,,,,2264
2018-03-26,2.852,,,,65.55,296.05,2.4068,,42,,,,2258
2018-03-23,2.8135,,,1.79,65.88,298.45,2.3619,,,795.4,,,2270
2018-03-22,2.8244,,,,64.3,301.2,2.4242,,,,,,2260
2018-03-21,2.883,2232088,457829,1.863,65.17,304.85,2.354,4530,,,-1903,,
2018-03-20,2.8959,,,,63.4,302.55,2.3931,,,,,,2261
2018-03-19,2.8555,,,,62.06,306.95,2.3915,,38,,,,2260
2018-03-16,2.8445,,,1.801,62.34,309.3,2.3875,,,852.7,,,2264
2018-03-15,2.828,,,1.813,61.19,311.1,2.373,,,,,,2268
2018-03-14,2.817,2228250,456404,1.852,60.96,314,2.3515,7724,,,3027,,2262
2018-03-13,2.8426,,,,60.71,311.9,2.3853,,,,,,2256
2018-03-12,2.8681,,,2.466,61.36,310.4,2.4386,,36,,,,2260
2018-03-09,2.8938,,,2.478,62.04,311.6,2.3793,,,1090.8,,,2256
2018-03-08,2.8571,,,,60.12,305.85,2.401,,,,,,2255
2018-03-07,2.8827,2265799,456143,2.814,61.15,311.4,2.3789,1294,,,1880,,2254
2018-03-06,2.8863,,,2.954,62.6,313.7,2.3875,,,,,,2263
2018-03-05,2.8808,,,3.136,62.57,310.55,2.4125,,30,,,,2264
2018-03-02,2.8643,,,3.154,61.25,310.1,2.4065,,,-1175.8,,,2276
2018-03-01,2.8078,,,3.539,60.99,309.95,2.3812,,,,,,2260
2018-02-28,2.8606,2249057,458624,,61.64,310.75,2.3976,5057,,,-78,,2253
2018-02-27,2.8934,,,2.581,63.01,315.75,2.3613,,,,,,2267
2018-02-26,2.8623,,,2.989,63.91,319.6,2.4162,,34,,,,2267
2018-02-23,2.866,,,,63.55,320.85,2.3617,,,205.4,,,2255
2018-02-22,2.9207,,,,62.77,323.75,2.4272,,,,,,2257
2018-02-21,2.95,2242159,465289,3.091,61.68,321.15,2.4288,3955,,,2141,,2255
2018-02-20,2.8896,,,,61.9,318.6,2.3597,,,,,,2253
2018-02-19,,,,,,,,,38,,,,2255
2018-02-16,2.8749,,,3.198,61.68,324.3,2.3873,,,-512.6,,,2249
2018-02-15,2.9095,,,3.093,61.34,323.9,2.411,,,,,,2246
2018-02-14,2.9022,2228905,463205,3.25,60.6,322.85,2.4348,-11527,,,4932,,2267
2018-02-13,2.8294,,,,59.19,315.45,2.3863,,,,,,2262
2018-02-12,2.8585,,,4.016,59.29,307.75,2.4113,,36,,,,
2018-02-09,2.8512,,,4.01,59.2,302.45,2.4525,,,-962.3,,,2258
2018-02-08,2.824,,,,61.15,307.2,2.498,,,,,,2264
2018-02-07,2.8359,2229521,460489,,61.79,307.65,2.4098,7851,,,4169,,2274
2018-02-06,2.8016,,,4.025,63.39,317.75,2.428,,,,,,2289
2018-02-05,2.7056,,,4.048,64.15,321.05,2.4424,,38,,,,2255
2018-02-02,2.8411,,,3.992,65.45,317.65,2.4023,,,-864.6,,,2269
2018-02-01,2.7896,,,5.376,65.8,319.7,2.4098,,,,,,2283
2018-01-31,2.705,2205057,457818,,64.73,318.4,2.4736,6999,,,481,,2288
2018-01-30,2.7199,,,,64.5,317.7,2.4139,,,,,,2284
2018-01-29,2.6936,,,4.157,65.56,317.8,2.3854,,38,,,,2290
2018-01-26,2.6599,,,,66.14,318.25,2.3937,,,16.4,,,2297
2018-01-25,2.617,,,3.406,65.51,319.9,2.42,,,,,,2298
2018-01-24,2.6465,2224773,463270,3.391,65.61,320.85,2.3775,12644,,,2101,,2300
2018-01-23,2.6131,,,,64.47,308.95,2.3832,,,,,,2296
2018-01-22,2.65,,,,63.49,317.75,2.4128,,42,,,,2295
2018-01-19,2.6592,,,,63.37,316.7,2.4154,,,393.2,,,2301
2018-01-18,2.6256,,,3.422,63.95,317.7,2.3977,,,,,,2309
2018-01-17,2.5904,2218021,462233,3.436,63.97,316.65,2.3245,6791,,,1625,,2321
2018-01-16,2.5371,,,,63.73,319.9,2.3065,,,,,,2320
2018-01-15,,,,,,,,,38,,,,2323
2018-01-12,2.5462,,,3.265,64.3,320,2.2728,,,957.8,,,2326
2018-01-11,2.5367,,,2.765,63.8,321.35,2.3185,,,,,,2339
2018-01-10,2.5568,2239436,462345,2.781,63.57,321.5,2.336,15750,,,-401,,2339
2018-01-09,2.553,,,,62.96,319.45,2.3512,,,,,,2342
2018-01-08,2.48,,,,61.73,320.1,2.3377,,42,,,,
2018-01-05,2.4763,,,2.708,61.44,320.7,2.3661,,,186.5,,,2353
2018-01-04,2.4525,,,3.114,62.01,324.25,2.3557,,,,,,2363
2018-01-03,2.4471,2245878,459514,3.153,61.63,323.7,2.3537,7051,,,-318,,
2018-01-02,2.4633,,,,60.37,325.6,2.319,,,,,,
2018-01-01,,,,,,,,,40,,,,
2017-12-29,2.4054,,,,60.42,327.95,2.335,,,-223.7,,,2371
2017-12-28,2.4305,,,2.75,59.84,328.6,2.3071,,,,,,2354
2017-12-27,2.4107,2259282,456939,,59.64,325.7,2.3225,4491,,,-1130,,2358
2017-12-26,2.4756,,,,59.97,325.6,2.3248,,,,,,2362
2017-12-25,,,,,,,,,,,,,2348
2017-12-22,2.481,,,2.822,58.47,321.45,2.3319,,,427.4,,,2340
2017-12-21,2.4826,,,,58.36,319.45,2.3125,,,,,,2342
2017-12-20,2.497,2236258,455540,3.333,58.09,317.15,2.2947,1509,,,-1410,,2351
2017-12-19,2.4644,,,3.259,57.46,312.75,2.2782,,,,,,2361
2017-12-18,2.3942,,,,57.16,312.2,2.309,,45,,,,2368
2017-12-15,2.353,,,3.129,57.3,311,2.2775,,,52.6,,,2369
2017-12-14,2.3493,,,3.313,57.04,304.85,2.288,,,,,,2368
2017-12-13,2.3422,2250682,461213,,56.6,302.95,2.2704,4926,,,259,,2347
2017-12-12,2.4011,,,2.82,57.14,299.95,2.338,,,,,,2350
2017-12-11,2.3886,,,,57.99,298.8,2.2925,,47,,,,2357
2017-12-08,2.376,,,2.882,57.36,295.5,2.295,,,-489.7,,,2347
2017-12-07,2.3634,,,,56.69,294.05,2.2962,,,,,,2354
2017-12-06,2.3385,2219362,459245,,55.96,293.65,2.2885,6465,,,1546,,2356
2017-12-05,2.3509,,,3.216,57.62,292.05,2.3026,,,,,,2346
2017-12-04,2.3723,,,3.162,57.47,306.3,2.3301,,40,,,,2346
2017-12-01,2.3615,,,3.472,58.36,306.55,2.3135,,,-204,,,2346
2017-11-30,2.4097,,,2.74,57.4,303.7,2.312,,,,,,2347
2017-11-29,2.3882,2212822,458407,,57.3,304,2.3117,6352,,,-2779,,2351
2017-11-28,2.3277,,,3.049,57.99,307.05,2.2663,,,,,,2356
2017-11-27,2.3277,,,3.511,58.11,313.25,2.2575,,42,,,,2355
2017-11-24,2.3418,,,,58.95,316.6,2.24,,,138,,,2358
2017-11-22,2.3187,2176855,456042,3.396,58.02,313.45,2.2542,,,,662,,2348
2017-11-21,2.3559,,,3.438,56.83,312.55,2.2328,,,,,,2350
2017-11-20,2.3666,,,,56.09,309.05,2.2513,,42,,,,2355
2017-11-17,2.3435,,,3.418,56.55,306.25,2.2251,,,235.6,,,2351
2017-11-16,2.3753,,,3.501,55.14,304.35,2.2563,,,,,,2354
2017-11-15,2.3222,2158229,452902,3.245,55.33,304.9,2.2179,827,,,2283,,2351
2017-11-14,2.3717,,,3.295,55.7,306,2.2842,,,,,,2346
2017-11-13,2.4055,,,3.29,56.76,311.15,2.2962,,49,,,,2346
2017-11-10,2.3984,,,,56.74,306.95,2.2887,,,-90.7,,,2352
2017-11-09,2.3416,,,3.281,57.17,308,2.2738,,,,,,2355
2017-11-08,2.3343,2163044,449597,,56.81,309.3,2.2604,4482,,,8497,,2365
2017-11-07,2.3145,,,,57.2,308.25,2.243,,,,,,2356
2017-11-06,2.3163,,,,57.35,315.05,2.2424,,49,,,,2362
2017-11-03,2.3325,,,3.304,55.64,311.05,2.2325,,,-729.6,,,
2017-11-02,2.345,,,4.325,54.54,313.55,2.2415,,,,,,2356
2017-11-01,2.3721,2158874,444005,4.481,54.3,313.3,2.2563,7218,,,6012,,2344
2017-10-31,2.3793,,,,54.38,309.2,2.2375,,,,,,2357
2017-10-30,2.3684,,,2.934,54.15,310.2,2.2647,,43,,,,2346
2017-10-27,2.4064,,,,53.9,309.35,2.3037,,,-1084.8,,,2339
2017-10-26,2.4609,,,2.52,52.64,316.75,2.3088,,,,,,2346
2017-10-25,2.4317,2173764,445369,2.718,52.18,317.15,2.299,9923,,,5110,,2347
2017-10-24,2.4189,,,,52.47,318.65,2.2875,,,,,,2353
2017-10-23,2.3664,,,,51.9,317.4,2.2765,,40,,,,2352
2017-10-20,2.3845,,,2.621,51.47,315.15,2.2826,,,11,,,2358
2017-10-19,2.3178,,,,51.29,315.3,2.208,,,,,,2358
2017-10-18,2.3465,2169150,446753,2.716,52.04,316.35,2.2688,8368,,,5698,,2366
2017-10-17,2.2998,,,2.727,51.88,318.05,2.2462,,,,,,2363
2017-10-16,2.3034,,,,51.87,322.4,2.2924,,30,,,,2363
2017-10-13,2.273,,,2.697,51.45,311.85,2.2738,,,270.5,,,2356
2017-10-12,2.3177,,,2.498,50.6,310.4,2.242,,,,,,2356
2017-10-11,2.3481,2167202,445643,,51.3,308,2.2813,8656,,,10711,,2356
2017-10-10,2.3607,,,,50.92,304.55,2.2737,,,,,,2351
2017-10-09,,,,,49.58,301.7,,,42,,,,
2017-10-06,2.3589,,,2.495,49.29,301.45,2.2687,,,94.5,,,2357
2017-10-05,2.348,,,2.82,50.79,303.15,2.2431,,,,,,2375
2017-10-04,2.3229,2167914,444638,2.891,49.98,294.45,2.3115,12107,,,8131,,2375
2017-10-03,2.3229,,,,50.42,294.85,2.2263,,,,,,2372
2017-10-02,2.3408,,,2.734,50.58,293.95,2.2623,,44,,,,2364
2017-09-29,2.3336,,,2.308,51.67,293.75,2.28,,,-1014.1,,,2374
2017-09-28,2.3085,,,,51.56,296.25,2.2942,,,,,,2368
2017-09-27,2.3103,2169608,443224,2.143,52.14,291.1,2.2726,5925,,,7879,,2387
2017-09-26,2.2357,,,2.102,51.88,289.75,2.2513,,,,,,2390
2017-09-25,2.2198,,,,52.22,291.75,2.2438,,30,,,,2381
2017-09-22,2.2499,,,,50.66,292.45,2.2695,,,242.5,,,2385
2017-09-21,2.2765,,,,50.55,291.4,2.2618,,,,,,2382
2017-09-20,2.2676,2151609,444560,2.126,50.41,294.95,2.3201,10165,,,7313,,2387
2017-09-19,2.2446,,,2.206,49.48,294.95,2.3138,,,,,,2389
2017-09-18,2.2287,,,,49.91,294.9,2.2832,,23,,,,
2017-09-15,2.2023,,,2.248,49.89,292.8,2.3181,,,384.2,,,2399
2017-09-14,2.1847,,,,49.89,293.65,2.3236,,,,,,2396
2017-09-13,2.1883,2168302,442515,2.974,49.3,296.1,2.2847,8623,,,7852,,2404
2017-09-12,2.1672,,,,48.23,301.55,2.2825,,,,,,2408
2017-09-11,2.1306,,,,48.07,304.6,2.2824,,27,,,,2412
2017-09-08,2.0507,,,2.993,47.48,302.15,2.2548,,,200.7,,,2423
2017-09-07,2.0387,,,,49.09,312.3,2.2348,,,,,,2414
2017-09-06,2.1046,2155267,438056,2.926,49.16,313.15,2.2411,5905,,,7494,,2414
2017-09-05,2.0596,,,2.764,48.66,310.75,2.2288,,,,,,2407
2017-09-04,,,,,,,,,27,,,,2407
2017-09-01,2.1657,,,3.166,47.29,309.8,2.2478,,,-117.4,,,2409
2017-08-31,2.117,,,3.329,47.23,307.9,2.233,,,,,,2405
2017-08-30,2.1309,2145380,437142,,45.96,306.45,2.2174,4591,,,7577,,2407
2017-08-29,2.1292,,,,46.44,308.1,2.2173,,,,,,2410
2017-08-28,2.1571,,,3.325,46.57,306.5,2.2365,,18,,,,2400
2017-08-25,2.1659,,,3.41,47.87,303.3,2.2243,,,397,,,2398
2017-08-24,2.1939,,,3.35,47.43,303.35,2.2326,,,,,,2394
2017-08-23,2.166,2165080,436087,3.372,48.41,298.05,2.2224,4044,,,779,,2392
2017-08-22,2.2131,,,,47.64,298.65,2.241,,,,,,2390
2017-08-21,2.1817,,,,47.37,298.1,2.239,,23,,,,2390
2017-08-18,2.1939,,,,48.51,294.05,2.2529,,,-446.2,,,2392
2017-08-17,2.1853,,,3.497,47.09,293.8,2.2365,,,,,,2389
2017-08-16,2.222,2141185,429206,3.849,46.78,295.45,2.2586,3804,,,1072,,2383
2017-08-15,2.2728,,,3.69,47.55,288.45,2.2434,,,,,,2386
2017-08-14,2.2185,,,,47.59,290.65,2.23,,30,,,,2389
2017-08-11,2.1888,,,,48.82,291.4,2.2487,,,-147.5,,,
2017-08-10,2.1975,,,3.582,48.59,290.6,2.2645,,,,,,2387
2017-08-09,2.2476,2131921,425960,3.549,49.56,293,2.272,7872,,,4118,,2383
2017-08-08,2.2619,,,,49.17,294.25,2.3088,,,,,,2383
2017-08-07,2.253,,,,49.39,290.8,2.2723,,25,,,,2381
2017-08-04,2.262,,,3.665,49.58,288.5,2.2536,,,1628,,,2385
2017-08-03,2.2212,,,4.024,49.03,287.7,2.223,,,,,,2383
2017-08-02,2.271,2102342,422270,,49.59,288.25,2.2464,6107,,,5712,,2382
2017-08-01,2.2532,,,,49.16,287.9,2.2513,,,,,,2377
2017-07-31,2.2942,,,,50.17,288.8,2.27,,23,,,,2381
2017-07-28,2.2889,,,,49.71,287.05,2.2677,,,1069.5,,,2377
2017-07-27,2.3103,,,2.819,49.04,287.4,2.272,,,,,,2375
2017-07-26,2.2872,2087662,422655,2.499,48.75,286.9,2.2499,6019,,,3174,,2373
2017-07-25,2.3354,,,,47.89,284.05,2.259,,,,,,2386
2017-07-24,2.2552,,,2.516,46.34,272.9,2.244,,25,,,,2386
2017-07-21,2.2375,,,,45.77,271.5,2.2068,,,1180.9,,,2377
2017-07-20,2.2589,,,,46.79,270.85,2.2163,,,,,,2375
2017-07-19,2.2696,2065874,420900,2.541,47.12,270.3,2.258,12801,,,3634,,2377
2017-07-18,2.259,,,2.499,46.4,272.35,2.2484,,,,,,2377
2017-07-17,2.3141,,,,46.02,271.7,2.2665,,20,,,,
2017-07-14,2.3319,,,2.441,46.54,268.4,2.2366,,,946.7,,,2369
2017-07-13,2.3444,,,2.67,46.08,265.45,2.257,,,,,,2374
2017-07-12,2.3177,2077758,418545,,45.49,267.7,2.2449,4432,,,8424,,2366
2017-07-11,2.3605,,,2.554,45.04,266.45,2.25,,,,,,2359
2017-07-10,2.373,,,,44.4,263.95,2.216,,32,,,,2359
2017-07-07,2.3856,,,2.522,44.23,263.75,2.25,,,805.8,,,2359
2017-07-06,2.3659,,,2.679,45.52,265.15,2.2478,,,,,,2380
2017-07-05,2.3232,2080711,415452,2.595,45.13,264.9,2.246,6055,,,7493,,2378
2017-07-04,,,,,,,,,,,,,2382
2017-07-03,2.3499,,,2.952,47.07,268.1,2.2238,,32,,,,2383
2017-06-30,2.3037,,,2.718,46.04,269.9,2.259,,,-772.8,,,2390
2017-06-29,2.2666,,,,44.93,268.3,2.2237,,,,,,2401
2017-06-28,2.2279,2080142,413247,2.694,44.74,266.2,2.2339,4452,,,8603,,2402
2017-06-27,2.2051,,,,44.24,264.65,2.204,,,,,,2417
2017-06-26,2.137,,,2.861,43.38,262.5,2.2018,,27,,,,2414
2017-06-23,2.1423,,,2.96,43.01,262.3,2.1687,,,325.5,,,2413
2017-06-22,2.1477,,,,42.74,259.8,2.1661,,,,,,2415
2017-06-21,2.1634,2077462,411204,2.849,42.53,260.2,2.1386,5375,,,4630,,2410
2017-06-20,2.1565,,,,43.23,255.5,2.1175,,,,,,2409
2017-06-19,2.1879,,,,44.2,258.95,2.1286,,25,,,,2414
2017-06-16,2.1514,,,2.878,44.74,256.25,2.1238,,,1100.3,,,2411
2017-06-15,2.1637,,,2.934,44.46,256.4,2.1368,,,,,,2416
2017-06-14,2.1256,2096220,408182,3.158,44.73,257.05,2.157,7032,,,2366,,2405
2017-06-13,2.2109,,,3.004,46.46,259.3,2.192,,,,,,2398
2017-06-12,2.2145,,,2.971,46.08,261.25,2.183,,27,,,,2404
2017-06-09,2.2005,,,2.988,45.83,264.6,2.2224,,,534.1,,,2408
2017-06-08,2.1885,,,,45.64,260.7,2.2115,,,,,,2409
2017-06-07,2.1729,2120712,408332,,45.72,254.9,2.1882,12343,,,2263,,2410
2017-06-06,2.1451,,,,48.19,254.45,2.1754,,,,,,2409
2017-06-05,2.1817,,,3.092,47.4,255.45,2.2063,,23,,,,2410
2017-06-02,2.1591,,,3.422,47.66,257.15,2.2213,,,-345.4,,,2402
2017-06-01,2.2114,,,3.976,48.36,258.45,2.2462,,,,,,2399
2017-05-31,2.2028,2118502,405918,,48.32,257.7,2.24,4721,,,1752,,2400
2017-05-30,2.2098,,,3.819,49.66,256.1,2.2469,,,,,,2395
2017-05-29,,,,,,,,,27,,,,2390
2017-05-26,2.2465,,,3.673,49.8,255.95,2.2475,,,733.5,,,2396
2017-05-25,2.2554,,,3.557,48.9,259.2,2.2401,,,,,,2390
2017-05-24,2.2502,2112048,406842,3.785,51.36,257.8,2.2373,7333,,,-1315,,2390
2017-05-23,2.2799,,,3.887,51.47,259.05,2.2663,,,,,,2399
2017-05-22,2.2537,,,,50.73,258.9,2.27,,30,,,,2396
2017-05-19,2.2346,,,,50.33,257.4,2.2899,,,779.9,,,2402
2017-05-18,2.2294,,,3.991,49.35,252.65,2.264,,,,,,2400
2017-05-17,2.2243,2108560,406633,,49.07,254.25,2.242,9774,,,-3682,,2389
2017-05-16,2.3257,,,4.085,48.66,254.45,2.272,,,,,,2382
2017-05-15,2.3433,,,,48.85,253.3,2.277,,27,,,,2385
2017-05-12,2.3257,,,3.647,47.84,251.8,2.3044,,,1758.3,,,2374
2017-05-11,2.3874,,,,47.83,250.1,2.309,,,,,,2364
2017-05-10,2.4141,2115061,405539,3.514,47.33,248.7,2.29,5705,,,3404,,2372
2017-05-09,2.3977,,,3.6,45.88,249,2.321,,,,,,2367
2017-05-08,2.3868,,,,46.43,248.55,2.325,,27,,,,2377
2017-05-05,2.3487,,,3.728,46.22,251.95,2.3314,,,425.8,,,
2017-05-04,2.3541,,,4.179,45.52,250.2,2.338,,,,,,
2017-05-03,2.318,2111156,403652,4.031,47.82,253.3,2.356,6912,,,1555,,
2017-05-02,2.2803,,,,47.66,262.5,2.445,,,,,,2385
2017-05-01,2.318,,,4.273,48.84,265,2.391,,25,,,,2386
2017-04-28,2.2802,,,,49.33,259.65,2.4043,,,0.1,,,2385
2017-04-27,2.2946,,,0.17,48.97,258,2.3924,,,,,,2382
2017-04-26,2.3035,2116168,398132,0.435,49.62,259.1,2.41,7969,,,2480,,2378
2017-04-25,2.3322,,,0.468,49.56,258.2,2.392,,,,,,2387
2017-04-24,2.273,,,,49.23,255.35,2.321,,22,,,,2380
2017-04-21,2.248,,,0.481,49.62,253.65,2.2773,,,-1282.6,,,2394
2017-04-20,2.232,,,,50.27,254.1,2.304,,,,,,2399
2017-04-19,2.2143,2102045,396436,,50.44,253.35,2.33,2729,,,5552,,2401
2017-04-18,2.1682,,,0.452,52.41,252.9,2.395,,,,,,2394
2017-04-17,2.2498,,,,52.65,259.5,2.355,,18,,,,2397
2017-04-14,,,,,,,,,,-795.9,,,2390
2017-04-13,2.2374,,,0.695,53.18,256.95,2.3684,,,,,,2392
2017-04-12,2.2392,2113979,399435,0.697,53.11,254.4,2.312,2959,,,2488,,2388
2017-04-11,2.2962,,,,53.4,260.6,2.379,,,,,,2378
2017-04-10,2.3661,,,,53.08,260.2,2.352,,24,,,,2370
2017-04-07,2.3822,,,0.633,52.24,264.5,2.3699,,,-2175.8999,,,2384
2017-04-06,2.3408,,,,51.7,265.55,2.386,,,,,,2389
2017-04-05,2.3354,2120238,397214,0.821,51.15,267.55,2.481,10565,,,-1128,,2385
2017-04-04,2.3605,,,1.233,51.03,260.6,2.403,,,,,,2388
2017-04-03,2.3193,,,1.188,50.24,259.75,2.465,,23,,,,2376
2017-03-31,2.3874,,,0.898,50.6,264.65,2.3936,,,1099.8,,,2373
2017-03-30,2.4197,,,,50.35,266.5,2.382,,,,,,2375
2017-03-29,2.3765,2125839,397818,,49.51,267,2.368,6921,,,1111,,2370
2017-03-28,2.4178,,,1.303,48.37,266.9,2.407,,,,,,2375
2017-03-27,2.3782,,,1.062,47.73,262.5,2.401,,20,,,,2375
2017-03-24,2.4123,,,1.004,47.97,262.35,2.3915,,,-146.8,,,2368
2017-03-23,2.4194,,,0.968,47.7,263.65,2.396,,,,,,2367
2017-03-22,2.405,2125355,397969,0.857,48.04,262.2,2.395,12518,,,2737,,2364
2017-03-21,2.4175,,,,47.34,261,2.371,,,,,,2361
2017-03-20,2.4607,,,,48.22,265.55,2.522,,23,,,,
2017-03-17,2.5005,,,0.964,48.78,267.95,2.4099,,,150.9,,,2352
2017-03-16,2.5402,,,0.906,48.75,266.55,2.494,,,,,,2358
2017-03-15,2.493,2151404,394848,0.914,48.86,264.55,2.4351,2964,,,849,,2339
2017-03-14,2.6002,,,0.924,47.72,262.4,2.417,,,,,,2335
2017-03-13,2.6258,,,,48.4,261.65,2.46,,23,,,,2333
2017-03-10,2.5745,,,0.937,48.49,258.65,2.3978,,,-695.6,,,2333
2017-03-09,2.6053,,,1.229,49.28,257,2.373,,,,,,2341
2017-03-08,2.5597,2161950,395593,1.246,50.28,259.2,2.361,6943,,,2525,,2351
2017-03-07,2.5179,,,1.312,53.14,260.95,2.375,,,,,,2354
2017-03-06,2.4997,,,1.295,53.2,264.3,2.38,,18,,,,2352
2017-03-03,2.478,,,1.507,53.33,268.7,2.3555,,,-1129.5,,,2352
2017-03-02,2.4779,,,1.527,52.61,267.95,2.386,,,,,,2361
2017-03-01,2.4526,2153775,394093,1.791,53.83,272.65,2.392,9425,,,5010,,2367
2017-02-28,2.3899,,,,54.01,270.4,2.386,,,,,,2378
2017-02-27,2.365,,,2.48,54.05,268.75,2.385,,20,,,,2385
2017-02-24,2.3117,,,2.484,53.99,268,2.3664,,,-206.8,,,2376
2017-02-23,2.372,,,,54.45,264.25,2.447,,,,,,2367
2017-02-22,2.4129,2155423,393730,2.508,53.59,273.25,2.409,6566,,,-200,,2363
2017-02-21,2.429,,,,54.06,274.55,2.404,,,,,,2367
2017-02-20,,,,,,,,,25,,,,2369
2017-02-17,2.4146,,,,53.4,270.55,2.4008,,,48.7,,,2358
2017-02-16,2.4467,,,2.37,53.36,271.6,2.378,,,,,,2356
2017-02-15,2.4932,2152442,390450,2.216,53.11,273.6,2.445,7956,,,1209,,2359
2017-02-14,2.4698,,,,53.2,273.1,2.424,,,,,,2361
2017-02-13,2.4358,,,,52.93,277.65,2.458,,23,,,,2361
2017-02-10,2.4073,,,2.713,53.86,276.2,2.4094,,,-293.1,,,2363
2017-02-09,2.3948,,,2.744,53,264.8,2.421,,,,,,2378
2017-02-08,2.3363,2157213,387996,,52.34,266.05,2.384,10686,,,6948,,2371
2017-02-07,2.3931,,,2.699,52.17,262.6,2.439,,,,,,2368
2017-02-06,2.4077,,,,53.01,264.55,2.374,,23,,,,2364
2017-02-03,2.4648,,,2.666,53.83,260.95,2.4174,,,-126.4,,,2362
2017-02-02,2.4737,,,3.051,53.54,267.8,2.424,,,,,,2359
2017-02-01,2.4699,2163908,384509,3.377,53.88,270.45,2.486,8544,,,3332,,2364
2017-01-31,2.4531,,,,52.81,272.15,2.518,,,,,,2368
2017-01-30,2.4881,,,2.345,52.63,264.75,2.517,,27,,,,2359
2017-01-27,2.4843,,,,53.17,268,2.475,,,-1356.7,,,2358
2017-01-26,2.5043,,,2.881,53.78,266.6,2.518,,,,,,2359
2017-01-25,2.5116,2169413,385213,,52.75,270.25,2.495,7622,,,4886,,2371
2017-01-24,2.4652,,,2.782,53.18,270.05,2.452,,,,,,2383
2017-01-23,2.3971,,,,52.75,263.95,2.55,,25,,,,2371
2017-01-20,2.4668,,,,52.42,261.7,2.443,,,-538.1,,,2370
2017-01-19,2.4739,,,2.803,51.37,260.15,2.473,,,,,,2374
2017-01-18,2.4296,2151647,382974,2.819,51.08,260.8,2.417,3527,,,1562,,2385
2017-01-17,2.3253,,,,52.48,261.65,2.476,,,,,,2378
2017-01-16,,,,,,,,,20,,,,2381
2017-01-13,2.3964,,,2.782,52.37,268.05,2.415,,,334.9,,,2377
2017-01-12,2.3631,,,2.876,53.01,266.05,2.421,,,,,,2390
2017-01-11,2.3721,2177293,382296,,52.25,260.1,2.426,7751,,,4166,,2384
2017-01-10,2.3757,,,2.907,50.82,260.35,2.487,,,,,,2383
2017-01-09,2.3647,,,,51.96,253,2.385,,23,,,,
2017-01-06,2.4193,,,2.871,53.99,253.8,2.4123,,,208,,,2383
2017-01-05,2.3443,,,2.905,53.76,252.95,2.609,,,,,,2376
2017-01-04,2.439,2202720,378808,,53.26,254.8,2.539,4042,,,-2205,,2368
2017-01-03,2.4444,,,2.86,52.33,248.1,2.554,,,,,,
2017-01-02,,,,,,,,,20,,,,
2016-12-30,2.4443,,,,53.72,249.75,2.4211,,,-501.4,,,2366
2016-12-29,2.475,,,2.508,53.77,247.9,2.403,,,,,,2359
2016-12-28,2.508,2221919,376350,,54.06,249.5,2.48,4623,,,-269,,2350
2016-12-27,2.5596,,,,53.9,250.8,2.491,,,,,,2355
2016-12-26,,,,,,,,,,,,,2354
2016-12-23,2.5373,,,2.55,53.02,247.25,2.453,,,-1265.6,,,
2016-12-22,2.5515,,,2.548,52.95,249.45,2.445,,,,,,2353
2016-12-21,2.5348,2207004,374874,2.538,52.49,249.15,2.402,1300,,,1101,,2337
2016-12-20,2.5586,,,,52.23,249.95,2.379,,,,,,2344
2016-12-19,2.5382,,,,52.12,249.65,2.381,,,,,,2344
2016-12-16,2.5916,,,2.561,51.9,256.1,2.3688,,,-214.5,,,2343
2016-12-15,2.5967,,,2.609,50.9,259.6,2.3911,,,,,,2348
2016-12-14,2.5707,2228321,375086,2.447,51.04,260,2.459,2552,,,-433,,2367
2016-12-13,2.4713,,,2.613,52.98,259.3,2.44,,,,,,2360
2016-12-12,2.4712,,,2.634,52.83,261.3,2.501,,39,,,,2364
2016-12-09,2.4675,,,2.574,51.5,264.2,2.4757,,,273.3,,,2370
2016-12-08,2.4071,,,,50.84,262,2.46,,,,,,2386
2016-12-07,2.3401,2230952,376545,,49.77,263.7,2.495,4201,,,740,,2376
2016-12-06,2.3887,,,2.618,50.93,267.2,2.509,,,,,,2376
2016-12-05,2.3941,,,2.636,51.79,268.9,2.454,,27,,,,2392
2016-12-02,2.3831,,,2.624,51.68,261.5,2.521,,,-891.4,,,2374
2016-12-01,2.4481,,,2.914,51.06,263.15,2.556,,,,,,2379
2016-11-30,2.3809,2215081,375640,2.444,49.44,262.15,2.4758,-633,,,198,,2399
2016-11-29,2.291,,,,45.23,259.5,2.395,,,,,,2397
2016-11-28,2.3124,,,,47.08,265.6,2.395,,18,,,,2394
2016-11-25,2.3572,,,3.134,46.06,266.7,2.4413,,,112.2,,,2381
2016-11-24,,,,,,,,,,,,,2382
2016-11-23,2.3498,2198083,377055,3.575,47.96,260.6,2.471,,,,-4909,,
2016-11-22,2.3119,,,3.559,48.03,254.25,2.503,,,,,,2394
2016-11-21,2.3154,,,,47.49,251.25,2.468,,20,,,,2383
2016-11-18,2.3548,,,,45.69,246.4,2.476,,,-261.4,,,2383
2016-11-17,2.3026,,,3.589,45.42,248.75,2.482,,,,,,2418
2016-11-16,2.2225,2179643,376884,3.342,45.57,246.5,2.388,-5022,,,-1684,,2415
2016-11-15,2.2189,,,3.327,45.81,250.2,2.391,,,,,,2415
2016-11-14,2.2614,,,,43.32,251.85,2.452,,23,,,,2409
2016-11-11,,,,,43.41,250.65,,,,466.1,,,2423
2016-11-10,2.1501,,,3.071,44.66,254.95,2.5,,,,,,2441
2016-11-09,2.0571,2178587,375428,3.124,45.27,245.9,2.358,2854,,,3724,,2494
2016-11-08,1.8547,,,,44.98,237.9,2.2,,,,,,2500
2016-11-07,1.8261,,,,44.89,230.65,2.221,,16,,,,2499
2016-11-04,1.7762,,,3.084,44.07,226.1,2.1309,,,605.2,,,2498
2016-11-03,1.8115,,,3.097,44.66,224.45,2.228,,,,,,
2016-11-02,1.8025,2175472,372735,2.941,45.34,222.6,2.24,-4587,,,2323,,2494
2016-11-01,1.8274,,,2.312,46.67,222.45,2.171,,,,,,2495
2016-10-31,1.8255,,,2.678,46.86,220.05,2.162,,18,,,,2493
2016-10-28,1.8468,,,,48.7,218.85,2.1748,,,892.3,,,2492
2016-10-27,1.8536,,,2.095,49.72,216.55,2.172,,,,,,2497
2016-10-26,1.7931,2142707,380430,2.147,49.18,213.95,2.1718,3286,,,1092,,2512
2016-10-25,1.756,,,,49.96,213.25,2.127,,,,,,2510
2016-10-24,1.7647,,,,50.52,208.75,2.139,,18,,,,2515
2016-10-21,1.7347,,,,50.85,208.35,2.1025,,,774.3,,,2514
2016-10-20,1.7556,,,2.087,50.43,209.05,2.12,,,,,,2512
2016-10-19,1.7432,2124074,382970,2.029,51.6,209.7,2.11,6264,,,2888,,2513
2016-10-18,1.7379,,,2.029,50.29,209.8,2.102,,,,,,2507
2016-10-17,1.766,,,2.019,49.94,209.95,2.149,,18,,,,2504
2016-10-14,1.7977,,,1.935,50.35,210.35,2.0888,,,318.1,,,2508
2016-10-13,1.7411,,,2.125,50.44,211.5,2.076,,,,,,2503
2016-10-12,1.7692,2108520,412387,,50.18,216.95,2.149,1486,,,9670,,2507
2016-10-11,1.7638,,,,50.79,217.85,2.041,,,,,,2501
2016-10-10,,,,,51.35,219.05,,,23,,,,
2016-10-07,1.7181,,,2.14,49.81,215.65,2.0565,,,-733.9,,,2510
2016-10-06,1.7372,,,,50.44,214.8,2.09,,,,,,2515
2016-10-05,1.7021,2057280,469169,2.2,49.83,215.6,2.07,8147,,,8102,,2529
2016-10-04,1.6864,,,,48.69,215.85,2.044,,,,,,2540
2016-10-03,1.6221,,,2.197,48.81,218.35,2.062,,25,,,,2545
2016-09-30,1.5944,,,2.413,48.24,220.2,1.9998,,,-636.8,,,2557
2016-09-29,1.5599,,,,47.83,218.1,1.988,,,,,,2549
2016-09-28,1.5719,1965899,582946,2.778,47.05,217.95,1.997,6663,,,5038,,2553
2016-09-27,1.5564,,,,44.67,216.15,2.056,,,,,,2548
2016-09-26,1.5839,,,2.833,45.93,219,2.017,,20,,,,2544
2016-09-23,1.6184,,,,44.48,219.25,2.02,,,1205.8,,,2544
2016-09-22,1.6183,,,2.885,46.32,218.75,2.006,,,,,,
2016-09-21,1.6511,1863339,669082,,45.34,214.5,2.006,5586,,,5560,,2534
2016-09-20,1.6892,,,2.939,43.44,215.55,1.9523,,,,,,2533
2016-09-19,1.7118,,,,43.3,214.9,1.964,,18,,,,
2016-09-16,1.6926,,,2.943,43.03,215.15,1.9973,,,1368.3,,,2534
2016-09-15,1.6907,,,3.02,43.91,215.2,2.006,,,,,,2527
2016-09-14,1.6976,1786935,729258,3.224,43.58,214.8,1.9898,194,,,5209,,2529
2016-09-13,1.7271,,,3.216,44.9,209.55,1.968,,,,,,2535
2016-09-12,1.6629,,,,46.29,209.6,1.97,,14,,,,2542
2016-09-09,1.6749,,,3.296,45.88,208.85,1.9998,,,-629.8,,,2544
2016-09-08,1.599,,,,47.62,209.6,2.036,,,,,,2554
2016-09-07,1.5391,1761178,786209,,45.5,209.3,2.0154,5504,,,1049,,2550
2016-09-06,1.534,,,3.35,44.83,208.4,1.967,,,,,,2541
2016-09-05,,,,,,,,,11,,,,2543
2016-09-02,1.6024,,,3.499,44.44,207.15,1.9799,,,-1326.5,,,2550
2016-09-01,1.5681,,,3.231,43.16,206.85,1.965,,,,,,2547
2016-08-31,1.58,1752003,820434,,44.7,206.95,2.031,1251,,,-942,,2554
2016-08-30,1.5663,,,,46.35,206.9,1.932,,,,,,2555
2016-08-29,1.5595,,,3.48,46.98,207.25,1.931,,16,,,,2550
2016-08-26,1.6296,,,,47.64,207.5,1.9499,,,107.7,,,2561
2016-08-25,1.5731,,,3.408,47.33,207.55,1.969,,,,,,2557
2016-08-24,1.5611,1699028,879250,3.432,46.77,207.6,1.967,4913,,,-1441,,2557
2016-08-23,1.5458,,,3.576,48.1,211.5,1.956,,,,,,2551
2016-08-22,1.5424,,,,47.05,214,1.904,,11,,,,2550
2016-08-19,1.5781,,,,48.52,216.65,1.9298,,,433,,,2560
2016-08-18,1.5356,,,,48.22,216.7,1.948,,,,,,2561
2016-08-17,1.5491,1643985,903029,,46.79,215.2,1.961,7112,,,-2827,,2548
2016-08-16,1.5746,,,3.645,46.58,217.2,1.936,,,,,,2549
2016-08-15,1.5576,,,,45.74,215.15,1.933,,17,,,,2550
2016-08-12,1.5135,,,3.516,44.49,214.05,1.9301,,,1297.6,,,2549
2016-08-11,1.5593,,,3.684,43.49,219,1.944,,,,,,
2016-08-10,1.5074,1628727,943050,3.674,41.71,217.05,1.933,8175,,,3233,,2550
2016-08-09,1.547,,,3.695,42.77,214.95,1.953,,,,,,2547
2016-08-08,1.592,,,,43.02,216.4,2.013,,16,,,,2556
2016-08-05,1.5885,,,3.805,41.8,215.3,1.947,,,912.1,,,2573
2016-08-04,1.5008,,,3.671,41.93,217.4,1.915,,,,,,2558
2016-08-03,1.542,1588455,965681,3.638,40.83,219.6,1.92,4915,,,1087,,2557
2016-08-02,1.5558,,,,39.51,220.65,1.887,,,,,,2575
2016-08-01,1.5214,,,,40.06,219.65,1.942,,18,,,,2580
2016-07-29,1.4531,,,,41.6,222.05,1.9648,,,312.4,,,2597
2016-07-28,1.5044,,,1.833,41.14,220.6,1.975,,,,,,2572
2016-07-27,1.4976,1542692,988569,2.267,41.92,218.5,2.072,4439,,,2129,,2564
2016-07-26,1.5611,,,2.366,42.92,222.5,1.991,,,,,,2560
2016-07-25,1.5731,,,,43.13,221.6,1.922,,14,,,,2560
2016-07-22,1.5663,,,,44.19,223.4,1.9148,,,678.7,,,2565
2016-07-21,1.556,,,2.41,44.75,225.6,1.953,,,,,,2560
2016-07-20,1.5801,1519435,1006867,,44.94,225.2,1.977,6366,,,3430,,2561
2016-07-19,1.5526,,,2.415,44.65,226.15,1.9473,,,,,,2562
2016-07-18,1.5818,,,,45.24,223.4,1.974,,16,,,,
2016-07-15,1.5509,,,2.411,45.95,223.05,1.9849,,,1714.5,,,2578
2016-07-14,1.5356,,,,45.68,224.1,1.941,,,,,,2573
2016-07-13,1.4743,1495896,1035879,2.307,44.75,223.8,1.93,9573,,,2566,,2580
2016-07-12,1.51,,,2.316,46.8,221.1,1.949,,,,,,2577
2016-07-11,1.4303,,,,44.76,214.7,1.891,,11,,,,2576
2016-07-08,1.3579,,,2.367,45.41,211.85,1.8973,,,2549.7,,,2598
2016-07-07,1.385,,,,45.14,212.25,1.896,,,,,,2604
2016-07-06,1.3682,1480858,1023802,2.386,47.43,215.15,1.905,5935,,,-156,,2610
2016-07-05,1.375,,,2.398,46.6,218.15,1.866,,,,,,2595
2016-07-04,,,,,,,,,11,,,,2585
2016-07-01,1.4441,,,2.565,48.99,221.5,1.8648,,,426.9,,,2600
2016-06-30,1.4697,,,,48.33,219.45,1.866,,,,,,2600
2016-06-29,1.5155,1477557,1046996,2.657,49.88,218.35,1.895,-1414,,,1171,,2615
2016-06-28,1.4664,,,,47.85,217,1.859,,,,,,2610
2016-06-27,1.4377,,,2.506,46.33,212.65,1.983,,11,,,,2600
2016-06-24,1.5599,,,2.582,47.64,211.2,1.9148,,,400,,,2662
2016-06-23,1.7458,,,2.68,50.11,216.35,2.004,,,,,,2535
2016-06-22,1.6852,1431798,1069986,2.752,49.13,213.55,1.917,2427,,,8370,,2562
2016-06-21,1.7059,,,,48.85,211.65,1.874,,,,,,2540
2016-06-20,1.6886,,,,49.37,209.35,1.875,,18,,,,2579
2016-06-17,1.6078,,,2.75,47.98,205.25,1.8373,,,-457.5,,,2579
2016-06-16,1.5788,,,2.703,46.21,205,1.845,,,,,,2579
2016-06-15,1.572,1406000,1097155,2.661,48.01,209.35,1.998,-1170,,,3217,,2550
2016-06-14,1.613,,,2.781,48.49,204.45,1.866,,,,,,2555
2016-06-13,1.6096,,,,48.88,205.75,1.918,,16,,,,2540
2016-06-10,1.6404,,,2.485,49.07,203.15,1.965,,,867.9,,,2546
2016-06-09,1.6867,,,2.528,50.56,204,1.997,,,,,,2546
2016-06-08,1.7022,1398756,1120052,,51.23,206.25,2.021,5129,,,1669,,2544
2016-06-07,1.7177,,,,50.36,205.1,2.019,,,,,,2536
2016-06-06,1.7367,,,,49.69,211.7,2.042,,16,,,,2537
2016-06-03,1.7004,,,2.486,48.62,211.2,1.9948,,,894,,,2527
2016-06-02,1.7989,,,2.481,49.17,206.95,2.023,,,,,,2528
2016-06-01,1.8354,1384314,1140001,2.475,49.01,207.25,2.044,1116,,,1100,,2521
2016-05-31,1.8458,,,2.937,49.1,209.75,2.047,,,,,,2524
2016-05-30,,,,,,,,,18,,,,2526
2016-05-27,1.851,,,,49.33,211.4,2.0901,,,-549.4,,,2523
2016-05-26,1.8282,,,2.887,49.48,210.65,2.068,,,,,,
2016-05-25,1.8664,1360697,1162635,2.778,49.56,210.5,2.073,2444,,,-1206,,
2016-05-24,1.8629,,,2.568,48.62,206.95,2.041,,,,,,
2016-05-23,1.835,,,,48.08,205.75,2.004,,16,,,,
2016-05-20,1.8384,,,2.411,47.75,205.85,2.0473,,,683,,,
2016-05-19,1.8487,,,,48.16,206.3,2.052,,,,,,
2016-05-18,1.8538,1342805,1164002,2.369,48.19,208.15,2.077,4801,,,-1137,,
2016-05-17,1.7723,,,2.534,48.31,209.2,2.063,,,,,,
2016-05-16,1.7533,,,,47.72,209.1,2.073,,16,,,,
2016-05-13,1.7001,,,2.79,46.21,207.5,2.0501,,,1122.7,,,
2016-05-12,1.7516,,,2.268,46.7,207.3,2.056,,,,,,
2016-05-11,1.7367,1322822,1178812,2.261,46.23,210.1,2.029,1512,,,1086,,
2016-05-10,1.7613,,,2.155,44.66,209,2.048,,,,,,
2016-05-09,1.7507,,,,43.44,210.4,2.092,,20,,,,
2016-05-06,1.7789,,,2.207,44.66,215.1,2.0326,,,270.2,,,
2016-05-05,1.7453,,,2.11,44.32,215.1,2.079,,,,,,
2016-05-04,1.7752,1323673,1169679,1.67,43.78,218.3,2.061,2165,,,-2856,,
2016-05-03,1.7963,,,,43.65,221.45,2.081,,,,,,
2016-05-02,1.8723,,,1.779,44.78,226.15,2.108,,22,,,,
2016-04-29,1.8333,,,1.831,45.92,227.9,2.1348,,,1363.5,,,
2016-04-28,1.8243,,,,46.03,222.45,2.13,,,,,,
2016-04-27,1.8507,1289314,1203382,0.621,45.33,222.05,2.118,5520,,,-449,,
2016-04-26,1.9271,,,0.389,44.04,224.85,2.031,,,,,,
2016-04-25,1.9128,,,0.413,42.64,225.85,2.081,,21,,,,
2016-04-22,1.8878,,,,43.73,226.9,2.0673,,,991.1,,,
2016-04-21,1.861,,,,43.18,225.2,2.061,,,,,,
2016-04-20,1.845,1281753,1196794,0.414,42.63,224.2,2.033,4588,,,3596,,
2016-04-19,1.7851,,,0.337,41.08,222.3,2.0623,,,,,,
2016-04-18,1.7711,,,,39.78,216.4,2.041,,16,,,,
2016-04-15,1.7518,,,0.354,40.36,215.2,2.0123,,,843,,,
2016-04-14,1.7919,,,0.364,41.5,217.1,2.0148,,,,,,
2016-04-13,1.7639,1292909,1215981,0.276,41.76,216.75,2.008,2532,,,4518,,
2016-04-12,1.7761,,,0.12,42.17,214.5,2.019,,,,,,
2016-04-11,1.7254,,,,40.36,208.85,2.044,,18,,,,
2016-04-08,1.7167,,,0.124,39.72,208.65,2.0598,,,-1176.1,,,
2016-04-07,1.6889,,,,37.26,207.45,2.13,,,,,,
2016-04-06,1.7549,1300119,1213175,,37.75,214.05,2.109,5394,,,-338,,
2016-04-05,1.7201,,,0.397,35.89,213.5,2.092,,,,,,
2016-04-04,1.7618,,,0.428,35.7,213.8,2.155,,16,,,,
2016-04-01,1.7705,,,0.704,36.79,216.1,2.0873,,,-1555.5,,,
2016-03-31,1.7687,,,,38.34,218.15,2.069,,,,,,
2016-03-30,1.8228,1290892,1247211,,38.32,218.7,2.09,-1481,,,-1568,,
2016-03-29,1.8035,,,,38.28,220.85,2.061,,,,,,
2016-03-28,1.886,,,0.629,39.39,224.15,2.024,,18,,,,
2016-03-25,,,,,,,,,,1164.3,,,
2016-03-24,1.9,,,1.423,39.46,222.45,2.036,,,,,,
2016-03-23,1.8786,1271177,1249813,1.626,39.79,223.05,2.052,6259,,,1360,,
2016-03-22,1.9403,,,,41.45,228.45,2.072,,,,,,
2016-03-21,1.9155,,,1.662,39.91,228.95,2.103,,19,,,,
2016-03-18,1.8732,,,,39.44,227.95,2.025,,,2276.8999,,,
2016-03-17,1.8958,,,,40.2,228.9,1.985,,,,,,
2016-03-16,1.9081,1269340,1260200,1.853,38.46,223.15,1.993,6816,,,2381,,
2016-03-15,1.9699,,,1.943,36.34,223.1,1.977,,,,,,
2016-03-14,1.9592,,,,37.18,223.7,2,,25,,,,
2016-03-11,1.9839,,,2.307,38.5,223.85,1.9663,,,896.4,,,
2016-03-10,1.9323,,,2.264,37.84,221.75,1.907,,,,,,
2016-03-09,1.876,1284077,1283633,2.213,38.29,223,1.938,7848,,,3702,,
2016-03-08,1.8287,,,,36.5,221.85,1.88,,,,,,
2016-03-07,1.9057,,,,37.9,228.05,1.942,,22,,,,
2016-03-04,1.8741,,,2.221,35.92,227.1,1.9923,,,1538,,,
2016-03-03,1.8337,,,1.981,34.57,220.45,2.037,,,,,,
2016-03-02,1.8406,1290264,1276184,1.938,34.66,217.75,2.037,4927,,,-11,,
2016-03-01,1.8249,,,1.893,34.4,214.15,2.013,,,,,,
2016-02-29,1.7347,,,,33.75,212.85,1.924,,16,,,,
2016-02-26,1.7623,,,2.14,32.78,211.8,1.9225,,,932.4,,,
2016-02-25,1.7157,,,2.478,33.07,206.5,1.925,,,,,,
2016-02-24,1.7484,1274148,1264196,2.369,32.15,209.5,1.913,1934,,,1345,,
2016-02-23,1.7225,,,2.377,31.87,210.45,1.925,,,,,,
2016-02-22,1.7518,,,,31.48,211.3,1.836,,20,,,,
2016-02-19,1.7449,,,2.43,29.64,207.55,1.8249,,,1975.6,,,
2016-02-18,1.7396,,,,30.77,207.15,1.792,,,,,,
2016-02-17,1.819,1256690,1263946,2.575,30.66,207.4,1.879,2815,,,-561,,
2016-02-16,1.7723,,,,29.04,204.9,1.846,,,,,,
2016-02-15,,,,,,,,,18,,,,
2016-02-12,1.7481,,,2.681,29.44,202.7,1.8654,,,-1315.2,,,
2016-02-11,1.659,,,,26.21,200.4,1.83,,,,,,
2016-02-10,1.6681,1243296,1270656,2.465,27.45,202.5,1.811,787,,,-854,,
2016-02-09,1.726,,,2.457,27.94,203.85,1.811,,,,,,
2016-02-08,1.7483,,,,29.69,208.85,1.811,,23,,,,
2016-02-05,1.8357,,,2.21,30.89,210.05,1.945,,,1455.5,,,
2016-02-04,1.8395,,,1.537,31.72,212.8,1.928,,,,,,
2016-02-03,1.8861,1237962,1267872,1.445,32.28,209.2,1.94,-4099,,,-2316,,
2016-02-02,1.8448,,,,29.88,205.2,2.057,,,,,,
2016-02-01,1.9486,,,1.228,31.62,205.15,1.977,,24,,,,
2016-01-29,1.9209,,,,33.62,206.4,2.0305,,,-78.8,,,
2016-01-28,1.9784,,,1.018,33.22,204.9,1.967,,,,,,
2016-01-27,1.9993,1244415,1263353,0.894,32.3,206.3,1.988,4658,,,-3317,,
2016-01-26,1.9942,,,,31.45,203.4,1.92,,,,,,
2016-01-25,2.0012,,,,30.34,199.55,1.918,,27,,,,
2016-01-22,2.0519,,,0.896,32.19,199.85,1.9273,,,477.9,,,
2016-01-21,2.0311,,,,29.53,199.3,1.879,,,,,,
2016-01-20,1.9824,1238094,1249127,0.746,26.55,195.6,1.896,-994,,,-3214,,
2016-01-19,2.0556,,,,28.46,197.35,1.996,,,,,,
2016-01-18,,,,,,,,,22,,,,
2016-01-15,2.0347,,,0.647,29.42,193.95,1.9448,,,-375.4,,,
2016-01-14,2.0874,,,0.843,31.2,197.1,2.017,,,,,,
2016-01-13,2.0927,1235944,1249844,0.835,30.48,195.05,2.03,-110,,,-5205,,
2016-01-12,2.1032,,,,30.44,195.3,2.048,,,,,,
2016-01-11,2.1754,,,,31.41,196.75,2.027,,20,,,,
2016-01-08,2.1156,,,0.793,33.16,201.65,2.107,,,323.5,,,
2016-01-07,2.1455,,,0.895,33.27,201.55,2.145,,,,,,
2016-01-06,2.1702,1227622,1247067,0.968,33.97,208.05,2.214,-1328,,,-3164,,
2016-01-05,2.2357,,,,35.97,208.85,2.169,,,,,,
2016-01-04,2.2428,,,0.656,36.76,207.05,2.206,,16,,,,
2016-01-01,,,,,,,,,,85.9,,,
2015-12-31,2.2694,,,,37.04,212.55,2.201,,,,,,
2015-12-30,2.2943,1221250,1282863,,36.6,213.7,2.205,-4486,,,-4822,,
2015-12-29,2.305,,,1.192,37.87,212.5,2.174,,,,,,
2015-12-28,2.2304,,,,36.81,206.65,2.15,,,,,,
2015-12-25,,,,,,,,,,-166.6,,,
2015-12-24,2.241,,,,38.1,211.15,2.175,,,,,,
2015-12-23,2.2534,1220484,1267914,1.314,37.5,211.15,2.168,,,,-6087,,
2015-12-22,2.2357,,,,36.14,209.7,2.127,,,,,,
2015-12-21,2.1917,,,,34.74,212.9,2.101,,,,,,
2015-12-18,2.204,,,,34.73,210.3,2.109,,,146.9,,,
2015-12-17,2.2234,,,,34.95,203.45,2.103,,,,,,
2015-12-16,2.296,1217239,1261505,1.947,35.52,206.1,2.083,-13578,,,-5357,,
2015-12-15,2.2658,,,1.978,37.35,205.1,2.145,,,,,,
2015-12-14,2.2217,,,,36.31,210.4,2.104,,18,,,,
2015-12-11,2.127,,,1.857,35.62,210.8,2.098,,,321.8,,,
2015-12-10,2.2305,,,1.657,36.76,206.5,2.124,,,,,,
2015-12-09,2.2164,1218746,1284931,1.685,37.16,206,2.177,-7444,,,-5127,,
2015-12-08,2.2182,,,,37.51,204.8,2.317,,,,,,
2015-12-07,2.2288,,,,37.65,204.45,2.217,,14,,,,
2015-12-04,2.2693,,,1.542,39.97,207.4,2.257,,,81.3,,,
2015-12-03,2.3136,,,1.655,41.08,205.6,2.253,,,,,,
2015-12-02,2.1797,1212435,1278130,1.501,39.94,202.9,2.189,-1509,,,-5160,,
2015-12-01,2.1431,,,1.375,41.85,206.65,2.188,,,,,,
2015-11-30,2.206,,,,41.65,204.45,2.231,,16,,,,
2015-11-27,2.2201,,,1.843,41.71,205.05,2.219,,,-156.6,,,
2015-11-25,2.2341,1072090,1404502,1.817,43.04,204.45,2.195,,,,-8123,,
2015-11-24,2.2377,,,,42.87,205.35,2.2263,,,,,,
2015-11-23,2.2377,,,2.159,41.75,201.95,2.2555,,29,,,,
2015-11-20,2.2623,,,,40.39,205.4,2.229,,,409,,,
2015-11-19,2.2482,,,,40.54,207.65,2.202,,,,,,
2015-11-18,2.2728,1066193,1398460,2.324,40.75,207.8,2.191,-2066,,,-8813,,
2015-11-17,2.2658,,,2.336,40.67,210.55,2.165,,,,,,
2015-11-16,2.2676,,,,41.74,211.8,2.1576,,27,,,,
2015-11-13,2.2658,,,2.334,40.74,217,2.174,,,893.3,,,
2015-11-12,2.3116,,,2.58,41.75,217.3,2.176,,,,,,
2015-11-11,,1038936,1428953,,42.93,221.65,,-3699,,,-8832,,
2015-11-10,2.3419,,,2.524,44.21,221.65,2.166,,,,,,
2015-11-09,2.3436,,,,43.87,223,2.19,,33,,,,
2015-11-06,2.3252,,,2.895,44.29,224.15,2.177,,,1036.3,,,
2015-11-05,2.2323,,,,45.2,225.35,2.127,,,,,,
2015-11-04,2.225,1032242,1422772,2.305,46.32,231.95,2.148,1537,,,-6730,,
2015-11-03,2.2105,,,1.916,47.9,232.7,2.16,,,,,,
2015-11-02,2.1709,,,1.947,46.14,231.55,2.123,,24,,,,
2015-10-30,2.1421,,,2.542,46.59,231.35,2.117,,,882.8,,,
2015-10-29,2.1725,,,,46.06,231.55,2.107,,,,,,
2015-10-28,2.1009,1013952,1457365,1.064,45.94,235.45,2.041,2919,,,-2761,,
2015-10-27,2.037,,,0.766,43.2,235.8,2.091,,,,,,
2015-10-26,2.0564,,,0.915,43.98,235.65,2.135,,17,,,,
2015-10-23,2.0866,,,,44.6,235,2.126,,,464.9,,,
2015-10-22,2.0263,,,0.92,45.38,238.45,2.057,,,,,,
2015-10-21,2.0228,1001740,1450227,,45.2,236.4,2.033,5126,,,-3112,,
2015-10-20,2.067,,,0.86,45.55,236.95,2.08,,,,,,
2015-10-19,2.0228,,,,45.89,237.15,2.044,,22,,,,
2015-10-16,2.0334,,,0.848,47.26,240.7,2.074,,,496.2,,,
2015-10-15,2.0175,,,0.754,46.38,242.6,2.097,,,,,,
2015-10-14,1.9718,1000785,1448900,0.894,46.64,242,2.115,4001,,,-5227,,
2015-10-13,2.0439,,,,46.66,239.15,2.138,,,,,,
2015-10-12,,,,,47.1,241.95,,,17,,,,
2015-10-09,2.0881,,,1.039,49.63,241.7,2.162,,,1057.6,,,
2015-10-08,2.104,,,,49.43,234.7,2.201,,,,,,
2015-10-07,2.0668,993476,1446928,,47.81,237.15,2.168,-812,,,524,,
2015-10-06,2.0315,,,1.147,48.53,235.9,2.123,,,,,,
2015-10-05,2.0562,,,0.869,46.26,236,2.093,,20,,,,
2015-10-02,1.9929,,,0.744,45.54,232.95,2.051,,,-1255.9,,,
2015-10-01,2.0368,,,0.888,44.74,230.75,2.062,,,,,,
2015-09-30,2.0368,1001069,1423743,,45.09,234.55,1.985,-8012,,,-4110,,
2015-09-29,2.0508,,,1.071,45.23,225.35,1.957,,,,,,
2015-09-28,2.0949,,,1.788,44.43,225.6,1.917,,17,,,,
2015-09-25,2.1623,,,,45.7,229.15,2.118,,,1037.8,,,
2015-09-24,2.1266,,,1.391,44.91,231.2,2.159,,,,,,
2015-09-23,2.1497,973706,1440745,,44.48,230.55,2.1255,-1160,,,-1518,,
2015-09-22,2.1337,,,,45.83,230.7,2.107,,,,,,
2015-09-21,2.2012,,,1.417,46.68,239.85,2.147,,22,,,,
2015-09-18,2.1336,,,,44.68,239.7,2.163,,,724.7,,,
2015-09-17,2.1903,,,1.492,46.9,246.15,2.252,,,,,,
2015-09-16,2.294,968351,1430059,1.393,47.15,246.15,2.178,-1958,,,-3961,,
2015-09-15,2.2867,,,1.464,44.59,243.6,2.152,,,,,,
2015-09-14,2.1831,,,,44,241.4,2.175,,22,,,,
2015-09-11,2.1883,,,1.259,44.63,246.2,2.223,,,514.8,,,
2015-09-10,2.222,,,1.406,45.92,245.45,2.217,,,,,,
2015-09-09,2.2006,979364,1433689,,44.15,244.25,2.205,2147,,,-1974,,
2015-09-08,2.1828,,,,45.94,243.85,2.138,,,,,,
2015-09-07,,,,,,,,,20,,,,
2015-09-04,2.1244,,,1.411,46.05,231.95,2.126,,,1120.4,,,
2015-09-03,2.1596,,,1.533,46.75,239,2.103,,,,,,
2015-09-02,2.1843,991247,1436608,1.394,46.25,233.3,2.161,-473,,,-4604,,
2015-09-01,2.1524,,,1.345,45.41,230.25,2.174,,,,,,
2015-08-31,2.2179,,,,49.2,233.8,2.232,,20,,,,
2015-08-28,2.1806,,,1.209,45.22,234.65,2.208,,,901.7,,,
2015-08-27,2.1841,,,,42.56,233.4,2.218,,,,,,
2015-08-26,2.1752,1009857,1435370,1.388,38.6,225.1,2.163,-9625,,,-3872,,
2015-08-25,2.0714,,,,39.31,232.3,2.132,,,,,,
2015-08-24,2.0034,,,,38.24,226.9,2.168,,22,,,,
2015-08-21,2.0365,,,,40.45,230.7,2.136,,,-277.2,,,
2015-08-20,2.0679,,,1.254,41.14,232.3,2.152,,,,,,
2015-08-19,2.1256,1010532,1425907,1.289,40.8,228.3,2.179,-1536,,,-4177,,
2015-08-18,2.1925,,,1.3,42.62,229.7,2.195,,,,,,
2015-08-17,2.1678,,,,41.87,233.25,2.177,,26,,,,
2015-08-14,2.1977,,,1.176,42.5,236.4,2.191,,,601.3,,,
2015-08-13,2.1854,,,0.679,42.23,236.55,2.176,,,,,,
2015-08-12,2.148,1003510,1422908,0.654,43.3,236.05,2.137,-3894,,,-2113,,
2015-08-11,2.1409,,,0.584,43.08,234.1,2.202,,,,,,
2015-08-10,2.2269,,,,44.96,240.75,2.241,,26,,,,
2015-08-07,2.1623,,,0.853,43.87,234.15,2.226,,,110.8,,,
2015-08-06,2.2214,,,0.943,44.66,234.8,2.196,,,,,,
2015-08-05,2.2699,1006704,1412428,,45.15,235.3,2.262,-4217,,,-2843,,
2015-08-04,2.2213,,,,45.74,236.5,2.2675,,,,,,
2015-08-03,2.148,,,,45.17,234.75,2.346,,28,,,,
2015-07-31,2.1801,,,,47.12,236.75,2.296,,,119.8,,,
2015-07-30,2.2589,,,,48.52,238.15,2.291,,,,,,
