"Date","Polish Zloty 1 Years Fwd 1 Year Term Mid Rate","Polish Zloty 2 Years Fwd 1 Year Term Mid Rate","Polish Zloty 3 Years Fwd 1 Year Term Mid Rate","Polish Zloty 4 Years Fwd 1 Year Term Mid Rate","Polish Zloty 5 Years Fwd 1 Year Term Mid Rate","Polish Zloty 6 Years Fwd 1 Year Term Mid Rate","Polish Zloty 7 Years Fwd 1 Year Term Mid Rate","Polish Zloty 8 Years Fwd 1 Year Term Mid Rate","Polish Zloty 9 Years Fwd 1 Year Term Mid Rate","Polish Zloty 10 Years Fwd 1 Year Term Mid Rate","Euro (vs. 6M Euribor) 1 Year Term 1 Years Fwd Mid Rate","Euro (vs. 6M Euribor) 1 Year Term 2 Years Fwd Mid Rate","Euro (vs. 6M Euribor) 1 Year Term 3 Years Fwd Mid Rate","Euro (vs. 6M Euribor) 1 Year Term 4 Years Fwd Mid Rate","Euro (vs. 6M Euribor) 1 Year Term 5 Years Fwd Mid Rate","Euro (vs. 6M Euribor) 1 Year Term 6 Years Fwd Mid Rate","Euro (vs. 6M Euribor) 1 Year Term 7 Years Fwd Mid Rate","Euro (vs. 6M Euribor) 1 Year Term 8 Years Fwd Mid Rate","Euro (vs. 6M Euribor) 1 Year Term 9 Years Fwd Mid Rate","Euro (vs. 6M Euribor) 1 Year Term 10 Years Fwd Mid Rate","Hungarian Forint 1 Years Fwd 1 Year Term Mid Rate","Hungarian Forint 2 Years Fwd 1 Year Term Mid Rate","Hungarian Forint 3 Years Fwd 1 Year Term Mid Rate","Hungarian Forint 4 Years Fwd 1 Year Term Mid Rate","Hungarian Forint 5 Years Fwd 1 Year Term Mid Rate","Hungarian Forint 6 Years Fwd 1 Year Term Mid Rate","Hungarian Forint 7 Years Fwd 1 Year Term Mid Rate","Hungarian Forint 8 Years Fwd 1 Year Term Mid Rate","Hungarian Forint 9 Years Fwd 1 Year Term Mid Rate","Hungarian Forint 10 Years Fwd 1 Year Term Mid Rate"
11-Jun-19,1.73,1.847,2.026,2.184,2.307,2.42,2.528,2.641,2.756,2.904,-0.312,-0.213,-0.056,0.128,0.318,0.522,0.728,0.916,1.051,1.16,0.847,1.195,1.643,2.053,2.365,2.647,2.909,3.019,3.097,3.194
12-Jun-19,1.71,1.813,1.978,2.133,2.258,2.373,2.483,2.595,2.71,2.848,-0.327,-0.223,-0.063,0.126,0.322,0.521,0.726,0.915,1.054,1.163,0.832,1.169,1.587,1.99,2.289,2.587,2.886,2.962,3.124,3.179
13-Jun-19,1.68,1.773,1.921,2.063,2.173,2.285,2.398,2.516,2.629,2.783,-0.334,-0.232,-0.066,0.129,0.314,0.505,0.708,0.894,1.031,1.147,0.809,1.148,1.548,1.948,2.232,2.537,2.834,2.951,3.075,3.14
14-Jun-19,1.664,1.758,1.892,2.021,2.121,2.222,2.333,2.443,2.568,2.722,-0.345,-0.242,-0.074,0.122,0.298,0.477,0.679,0.866,0.998,1.099,0.809,1.146,1.512,1.935,2.198,2.494,2.798,2.9,3.082,3.13
17-Jun-19,1.68,1.789,1.927,2.067,2.174,2.275,2.373,2.476,2.595,2.754,-0.34,-0.235,-0.067,0.125,0.31,0.497,0.693,0.878,1.024,1.135,0.838,1.18,1.553,1.932,2.211,2.504,2.802,2.919,3.086,3.141
18-Jun-19,1.654,1.728,1.845,1.972,2.083,2.186,2.295,2.408,2.523,2.642,-0.411,-0.311,-0.147,0.037,0.233,0.436,0.638,0.823,0.954,1.067,0.752,1.084,1.423,1.76,2.051,2.346,2.645,2.75,2.923,3
19-Jun-19,1.69,1.77,1.913,2.05,2.142,2.236,2.338,2.444,2.56,2.689,-0.384,-0.276,-0.101,0.097,0.278,0.47,0.668,0.849,0.983,1.091,0.768,1.112,1.515,1.901,2.145,2.449,2.751,2.862,3.027,3.085
20-Jun-19,N/A,N/A,N/A,N/A,N/A,N/A,N/A,N/A,N/A,N/A,-0.395,-0.293,-0.116,0.077,0.255,0.442,0.637,0.813,0.944,1.05,0.684,1.024,1.398,1.778,2.062,2.357,2.649,2.745,2.942,3.001
21-Jun-19,1.708,1.796,1.95,2.096,2.191,2.275,2.373,2.486,2.603,2.724,-0.367,-0.26,-0.078,0.123,0.304,0.489,0.681,0.854,0.974,1.085,0.762,1.09,1.508,1.855,2.151,2.445,2.752,2.882,3.074,3.1
24-Jun-19,1.69,1.771,1.915,2.062,2.171,2.268,2.359,2.453,2.561,2.695,-0.385,-0.28,-0.103,0.087,0.27,0.458,0.649,0.823,0.944,1.051,0.741,1.069,1.461,1.829,2.12,2.411,2.71,2.865,3.025,3.062
25-Jun-19,1.677,1.748,1.881,2.018,2.12,2.216,2.319,2.427,2.538,2.666,-0.386,-0.29,-0.129,0.053,0.233,0.421,0.607,0.781,0.905,1.017,0.766,1.083,1.464,1.829,2.138,2.445,2.754,2.895,3.062,3.089
26-Jun-19,1.699,1.783,1.932,2.085,2.184,2.28,2.371,2.462,2.579,2.709,-0.385,-0.276,-0.109,0.081,0.254,0.434,0.627,0.802,0.925,1.029,0.858,1.183,1.556,1.932,2.236,2.554,2.86,2.998,3.174,3.188
27-Jun-19,1.715,1.791,1.949,2.083,2.193,2.286,2.377,2.47,2.586,2.718,-0.388,-0.284,-0.117,0.067,0.246,0.429,0.619,0.787,0.905,1.021,0.857,1.193,1.553,1.937,2.233,2.54,2.845,2.981,3.165,3.186
28-Jun-19,1.727,1.79,1.945,2.085,2.188,2.278,2.394,2.5,2.622,2.733,-0.399,-0.302,-0.14,0.04,0.23,0.42,0.609,0.774,0.893,1.017,0.864,1.175,1.532,1.883,2.204,2.508,2.815,2.935,3.165,3.168
01-Jul-19,1.69,1.755,1.899,2.028,2.129,2.229,2.334,2.444,2.561,2.682,-0.42,-0.329,-0.172,0.004,0.202,0.401,0.591,0.76,0.879,0.999,0.813,1.121,1.452,1.794,2.144,2.454,2.751,2.894,3.095,3.215
02-Jul-19,1.689,1.755,1.899,2.028,2.127,2.229,2.333,2.447,2.561,2.681,-0.428,-0.335,-0.174,0.009,0.196,0.393,0.586,0.76,0.889,1.012,0.8,1.108,1.438,1.768,2.085,2.403,2.727,2.787,3.045,3.181
03-Jul-19,1.682,1.743,1.85,1.972,2.061,2.154,2.248,2.34,2.446,2.556,-0.436,-0.345,-0.196,-0.018,0.147,0.319,0.508,0.683,0.812,0.929,0.723,1.001,1.311,1.623,1.943,2.267,2.581,2.639,2.891,3.045
05-Jul-19,1.652,1.743,1.882,1.998,2.093,2.188,2.259,2.352,2.461,2.571,-0.414,-0.322,-0.182,-0.015,0.156,0.337,0.521,0.686,0.811,0.919,0.708,1.002,1.321,1.638,1.934,2.245,2.54,2.604,2.874,3.036
08-Jul-19,1.639,1.705,1.823,1.944,2.036,2.124,2.204,2.296,2.396,2.506,-0.418,-0.329,-0.192,-0.035,0.127,0.295,0.479,0.648,0.772,0.871,0.69,0.98,1.285,1.602,1.923,2.228,2.522,2.598,2.862,3.019
09-Jul-19,1.623,1.697,1.825,1.939,2.025,2.105,2.186,2.269,2.365,2.475,-0.405,-0.306,-0.159,0.001,0.167,0.341,0.525,0.691,0.816,0.918,0.641,0.934,1.248,1.58,1.882,2.179,2.452,2.538,2.779,2.967
10-Jul-19,1.641,1.738,1.876,2.006,2.083,2.156,2.227,2.296,2.391,2.51,-0.399,-0.281,-0.119,0.052,0.231,0.409,0.595,0.766,0.893,0.981,0.671,0.95,1.265,1.597,1.889,2.175,2.456,2.589,2.815,2.986
11-Jul-19,1.689,1.763,1.921,2.063,2.146,2.219,2.286,2.362,2.449,2.539,-0.394,-0.261,-0.084,0.107,0.297,0.489,0.675,0.84,0.975,1.08,0.729,1.016,1.349,1.684,1.961,2.246,2.531,2.716,2.97,3.107
12-Jul-19,1.709,1.773,1.943,2.101,2.183,2.254,2.326,2.405,2.489,2.569,-0.4,-0.264,-0.073,0.127,0.32,0.513,0.698,0.868,1.001,1.1,0.731,1.047,1.397,1.728,2.003,2.293,2.58,2.768,3.022,3.148
15-Jul-19,1.695,1.75,1.899,2.041,2.141,2.222,2.303,2.386,2.467,2.542,-0.415,-0.295,-0.11,0.084,0.274,0.46,0.64,0.806,0.932,1.044,0.683,0.995,1.33,1.669,1.956,2.246,2.527,2.73,2.97,3.097
16-Jul-19,1.712,1.765,1.919,2.08,2.169,2.246,2.326,2.417,2.503,2.568,-0.427,-0.312,-0.129,0.062,0.252,0.437,0.62,0.783,0.905,1.013,0.665,1,1.334,1.641,1.921,2.224,2.506,2.697,2.936,3.074
17-Jul-19,1.694,1.758,1.911,2.059,2.159,2.237,2.315,2.393,2.477,2.567,-0.442,-0.333,-0.166,0.017,0.206,0.392,0.573,0.737,0.86,0.965,0.702,1.026,1.336,1.646,1.932,2.248,2.522,2.709,2.952,3.088
18-Jul-19,1.679,1.743,1.891,2.035,2.127,2.202,2.281,2.364,2.451,2.544,-0.451,-0.35,-0.183,-0.004,0.182,0.373,0.556,0.723,0.848,0.959,0.681,1.006,1.303,1.609,1.916,2.224,2.514,2.706,2.948,3.079
19-Jul-19,1.677,1.732,1.856,1.983,2.075,2.159,2.24,2.326,2.42,2.513,-0.473,-0.371,-0.207,-0.025,0.167,0.364,0.557,0.729,0.853,0.963,0.674,0.987,1.285,1.579,1.882,2.185,2.473,2.661,2.91,3.046
22-Jul-19,1.677,1.732,1.845,1.967,2.051,2.136,2.22,2.311,2.398,2.497,-0.475,-0.38,-0.222,-0.044,0.147,0.337,0.524,0.696,0.828,0.939,0.635,0.962,1.262,1.554,1.851,2.152,2.441,2.608,2.834,2.999
23-Jul-19,1.663,1.717,1.804,1.897,1.984,2.072,2.155,2.243,2.337,2.447,-0.476,-0.376,-0.217,-0.041,0.14,0.325,0.511,0.685,0.816,0.937,0.595,0.891,1.189,1.48,1.75,2.029,2.358,2.493,2.714,2.905
24-Jul-19,1.638,1.672,1.759,1.841,1.926,2.006,2.086,2.172,2.266,2.376,-0.482,-0.396,-0.245,-0.07,0.099,0.275,0.456,0.627,0.756,0.879,0.506,0.787,1.08,1.363,1.613,1.886,2.21,2.355,2.571,2.777
25-Jul-19,1.688,1.735,1.806,1.895,1.981,2.055,2.139,2.224,2.323,2.43,-0.475,-0.391,-0.244,-0.071,0.104,0.284,0.472,0.64,0.758,0.874,0.548,0.837,1.139,1.417,1.704,1.987,2.265,2.407,2.634,2.841
26-Jul-19,1.684,1.727,1.824,1.923,2.004,2.084,2.169,2.254,2.356,2.451,-0.457,-0.38,-0.242,-0.073,0.094,0.264,0.448,0.619,0.735,0.853,0.553,0.873,1.154,1.418,1.709,1.99,2.275,2.481,2.719,2.88
29-Jul-19,1.699,1.742,1.834,1.933,2.022,2.105,2.186,2.28,2.378,2.468,-0.459,-0.381,-0.248,-0.084,0.084,0.255,0.434,0.599,0.717,0.831,0.556,0.85,1.136,1.393,1.681,1.973,2.241,2.486,2.672,2.849
30-Jul-19,1.716,1.768,1.87,1.992,2.078,2.158,2.239,2.324,2.416,2.506,-0.456,-0.383,-0.253,-0.095,0.075,0.246,0.425,0.583,0.701,0.819,0.615,0.894,1.167,1.429,1.718,2.007,2.28,2.533,2.713,2.835
31-Jul-19,1.724,1.76,1.873,1.981,2.061,2.139,2.221,2.299,2.388,2.49,-0.473,-0.403,-0.282,-0.132,0.036,0.204,0.379,0.538,0.656,0.772,0.603,0.888,1.152,1.41,1.697,1.995,2.26,2.491,2.712,2.785
01-Aug-19,1.747,1.772,1.885,1.995,2.081,2.163,2.24,2.323,2.417,2.513,-0.474,-0.408,-0.293,-0.152,-0.002,0.155,0.327,0.487,0.596,0.695,0.594,0.898,1.15,1.401,1.684,1.97,2.234,2.458,2.696,2.779
02-Aug-19,1.674,1.717,1.789,1.872,1.999,2.067,2.16,2.233,2.333,2.432,-0.487,-0.429,-0.319,-0.185,-0.046,0.107,0.265,0.41,0.517,0.607,0.523,0.811,1.079,1.313,1.56,1.816,2.049,2.266,2.488,2.632
05-Aug-19,1.659,1.677,1.749,1.808,1.879,1.957,2.034,2.11,2.198,2.339,-0.508,-0.452,-0.343,-0.208,-0.066,0.083,0.238,0.383,0.484,0.578,0.428,0.721,0.969,1.207,1.453,1.7,1.934,2.157,2.349,2.421
06-Aug-19,1.683,1.712,1.789,1.859,1.923,1.99,2.056,2.124,2.209,2.317,-0.513,-0.461,-0.358,-0.227,-0.076,0.075,0.234,0.374,0.476,0.566,0.454,0.736,1.014,1.256,1.516,1.762,1.998,2.21,2.409,2.471
07-Aug-19,1.621,1.649,1.705,1.741,1.781,1.838,1.9,1.957,2.025,2.136,-0.553,-0.504,-0.402,-0.28,-0.134,0.012,0.157,0.295,0.399,0.497,0.376,0.599,0.857,1.108,1.362,1.612,1.833,2.042,2.233,2.279
08-Aug-19,1.641,1.674,1.72,1.77,1.822,1.868,1.918,1.968,2.037,2.156,-0.545,-0.494,-0.394,-0.267,-0.116,0.046,0.202,0.345,0.456,0.556,0.381,0.609,0.87,1.145,1.406,1.65,1.876,2.082,2.288,2.32
09-Aug-19,1.558,1.604,1.635,1.655,1.695,1.741,1.792,1.847,1.94,2.06,-0.553,-0.499,-0.392,-0.264,-0.107,0.053,0.214,0.356,0.455,0.544,0.378,0.56,0.795,1.059,1.327,1.568,1.796,2.005,2.202,2.248
12-Aug-19,1.546,1.566,1.597,1.62,1.67,1.716,1.766,1.811,1.9,2.029,-0.554,-0.502,-0.4,-0.273,-0.124,0.028,0.19,0.332,0.435,0.519,0.386,0.542,0.764,1.029,1.297,1.544,1.771,1.992,2.178,2.225
13-Aug-19,1.492,1.506,1.531,1.557,1.598,1.646,1.684,1.728,1.812,1.955,-0.551,-0.508,-0.414,-0.292,-0.155,-0.011,0.142,0.279,0.375,0.458,0.381,0.506,0.698,0.925,1.179,1.444,1.682,1.917,2.104,2.154
14-Aug-19,1.388,1.393,1.414,1.431,1.477,1.522,1.564,1.627,1.724,1.857,-0.56,-0.531,-0.459,-0.361,-0.242,-0.112,0.035,0.17,0.266,0.355,0.328,0.39,0.551,0.758,0.993,1.241,1.479,1.676,1.84,1.899
15-Aug-19,N/A,N/A,N/A,N/A,N/A,N/A,N/A,N/A,N/A,N/A,-0.625,-0.597,-0.544,-0.47,-0.343,-0.205,-0.071,0.051,0.136,0.212,0.338,0.411,0.582,0.786,1.029,1.29,1.53,1.732,1.896,1.941
16-Aug-19,1.37,1.338,1.347,1.358,1.394,1.448,1.503,1.55,1.624,1.71,-0.623,-0.583,-0.532,-0.467,-0.355,-0.23,-0.106,0.013,0.107,0.207,0.338,0.441,0.632,0.844,1.084,1.329,1.572,1.772,1.94,1.98
19-Aug-19,1.476,1.424,1.45,1.489,1.531,1.582,1.634,1.698,1.759,1.829,-0.596,-0.556,-0.485,-0.406,-0.279,-0.14,0.006,0.137,0.238,0.333,N/A,N/A,N/A,N/A,N/A,N/A,N/A,N/A,N/A,N/A
20-Aug-19,1.449,1.387,1.408,1.436,1.481,1.53,1.581,1.641,1.704,1.782,-0.612,-0.579,-0.511,-0.435,-0.307,-0.177,-0.032,0.1,0.206,0.302,N/A,N/A,N/A,N/A,N/A,N/A,N/A,N/A,N/A,N/A
21-Aug-19,1.482,1.445,1.481,1.517,1.545,1.584,1.642,1.709,1.786,1.874,-0.578,-0.545,-0.476,-0.383,-0.275,-0.152,-0.006,0.13,0.233,0.327,0.388,0.528,0.746,0.976,1.205,1.447,1.682,1.903,2.085,2.095
22-Aug-19,1.545,1.513,1.564,1.615,1.636,1.683,1.717,1.772,1.848,1.919,-0.537,-0.491,-0.42,-0.332,-0.213,-0.082,0.067,0.201,0.301,0.386,0.471,0.639,0.885,1.131,1.368,1.598,1.816,2.024,2.215,2.224
23-Aug-19,1.548,1.541,1.551,1.579,1.596,1.622,1.678,1.752,1.828,1.898,-0.575,-0.533,-0.452,-0.361,-0.241,-0.104,0.042,0.18,0.283,0.383,0.451,0.623,0.863,1.099,1.328,1.561,1.773,1.983,2.168,2.187
26-Aug-19,1.549,1.54,1.551,1.579,1.596,1.622,1.678,1.753,1.827,1.898,N/A,N/A,N/A,N/A,N/A,N/A,N/A,N/A,N/A,N/A,0.451,0.625,0.863,1.098,1.328,1.561,1.769,1.991,2.165,2.185
27-Aug-19,1.471,1.409,1.385,1.405,1.429,1.474,1.515,1.56,1.62,1.723,-0.585,-0.561,-0.493,-0.41,-0.297,-0.168,-0.023,0.113,0.207,0.288,0.378,0.521,0.733,0.963,1.199,1.425,1.636,1.846,2.02,2.06
28-Aug-19,1.426,1.385,1.36,1.342,1.374,1.41,1.458,1.516,1.575,1.68,-0.595,-0.572,-0.524,-0.448,-0.349,-0.236,-0.092,0.037,0.128,0.194,0.346,0.481,0.683,0.915,1.131,1.345,1.553,1.761,1.93,1.992
29-Aug-19,1.503,1.463,1.443,1.427,1.435,1.479,1.523,1.58,1.641,1.746,-0.611,-0.579,-0.518,-0.431,-0.314,-0.18,-0.035,0.092,0.176,0.244,0.443,0.601,0.822,1.052,1.273,1.487,1.7,1.907,2.091,2.158
30-Aug-19,1.496,1.448,1.437,1.409,1.431,1.468,1.516,1.564,1.616,1.665,-0.626,-0.589,-0.524,-0.428,-0.306,-0.168,-0.014,0.113,0.196,0.258,0.471,0.646,0.86,1.092,1.327,1.549,1.765,1.973,2.161,2.211
03-Sep-19,1.512,1.447,1.432,1.425,1.432,1.459,1.489,1.53,1.58,1.636,-0.624,-0.594,-0.531,-0.44,-0.325,-0.198,-0.052,0.082,0.176,0.245,0.416,0.587,0.819,1.05,1.282,1.508,1.73,1.935,2.114,2.167
04-Sep-19,1.555,1.495,1.485,1.488,1.497,1.515,1.545,1.583,1.64,1.703,-0.592,-0.56,-0.49,-0.397,-0.272,-0.114,0.028,0.16,0.268,0.347,0.461,0.657,0.91,1.167,1.389,1.61,1.825,2.027,2.213,2.254
05-Sep-19,1.626,1.581,1.622,1.665,1.653,1.638,1.674,1.738,1.812,1.876,-0.564,-0.52,-0.438,-0.331,-0.172,-0.003,0.158,0.301,0.417,0.518,0.516,0.76,1.062,1.352,1.558,1.769,1.959,2.147,2.343,2.398
06-Sep-19,1.655,1.621,1.667,1.683,1.693,1.671,1.708,1.767,1.839,1.855,-0.569,-0.544,-0.479,-0.376,-0.232,-0.07,0.087,0.221,0.328,0.415,0.514,0.746,1.049,1.327,1.556,1.765,1.957,2.148,2.342,2.404
09-Sep-19,1.719,1.717,1.753,1.758,1.763,1.768,1.778,1.833,1.887,1.956,-0.554,-0.517,-0.437,-0.322,-0.161,0.011,0.18,0.322,0.426,0.507,0.546,0.822,1.158,1.458,1.643,1.858,2.048,2.251,2.439,2.491
10-Sep-19,1.734,1.757,1.773,1.778,1.795,1.795,1.8,1.843,1.895,1.973,-0.553,-0.508,-0.42,-0.296,-0.139,0.032,0.198,0.347,0.461,0.552,0.524,0.794,1.097,1.391,1.615,1.828,2.03,2.223,2.415,2.462
11-Sep-19,1.673,1.692,1.707,1.715,1.731,1.754,1.778,1.827,1.882,1.937,-0.542,-0.503,-0.419,-0.302,-0.15,0.02,0.19,0.329,0.445,0.54,0.459,0.707,0.981,1.269,1.51,1.735,1.924,2.119,2.3,2.358
12-Sep-19,1.674,1.669,1.679,1.69,1.708,1.729,1.751,1.801,1.855,1.916,-0.48,-0.447,-0.375,-0.265,-0.133,0.023,0.186,0.336,0.452,0.555,0.434,0.669,0.956,1.224,1.458,1.658,1.84,2.021,2.197,2.279
13-Sep-19,1.767,1.78,1.821,1.842,1.855,1.855,1.857,1.88,1.948,1.994,-0.444,-0.39,-0.293,-0.155,-0.005,0.17,0.341,0.501,0.626,0.726,0.461,0.751,1.059,1.34,1.571,1.77,1.946,2.129,2.309,2.401
16-Sep-19,1.749,1.778,1.814,1.834,1.841,1.854,1.862,1.877,1.923,1.98,-0.449,-0.414,-0.328,-0.212,-0.062,0.092,0.266,0.418,0.546,0.661,0.456,0.711,0.99,1.243,1.489,1.692,1.853,2.049,2.21,2.311
17-Sep-19,1.749,1.762,1.819,1.857,1.865,1.852,1.859,1.898,1.948,1.992,-0.453,-0.415,-0.334,-0.218,-0.077,0.068,0.247,0.401,0.524,0.624,0.452,0.703,0.976,1.264,1.504,1.727,1.923,2.095,2.256,2.34
18-Sep-19,1.711,1.72,1.76,1.797,1.797,1.804,1.81,1.83,1.875,1.935,-0.458,-0.429,-0.355,-0.247,-0.124,0.009,0.188,0.336,0.453,0.559,0.389,0.629,0.908,1.159,1.379,1.582,1.769,1.939,2.089,2.158
19-Sep-19,1.69,1.692,1.723,1.748,1.735,1.738,1.76,1.786,1.831,1.894,-0.445,-0.416,-0.347,-0.245,-0.129,0.009,0.182,0.322,0.435,0.544,0.414,0.637,0.908,1.173,1.412,1.606,1.791,1.958,2.118,2.183
20-Sep-19,1.676,1.662,1.697,1.705,1.708,1.702,1.713,1.73,1.778,1.843,-0.438,-0.414,-0.353,-0.257,-0.141,-0.012,0.159,0.296,0.404,0.506,0.404,0.616,0.851,1.098,1.341,1.559,1.742,1.901,2.053,2.132
23-Sep-19,1.659,1.628,1.639,1.665,1.667,1.665,1.673,1.694,1.731,1.783,-0.47,-0.461,-0.41,-0.333,-0.224,-0.102,0.06,0.192,0.306,0.402,0.378,0.557,0.759,1.012,1.255,1.48,1.674,1.831,1.97,2.031
24-Sep-19,1.63,1.606,1.621,1.647,1.658,1.657,1.666,1.685,1.728,1.775,-0.479,-0.467,-0.415,-0.34,-0.239,-0.126,0.029,0.162,0.263,0.349,0.371,0.567,0.758,1.012,1.271,1.515,1.727,1.885,1.998,2.051
25-Sep-19,1.631,1.583,1.614,1.665,1.652,1.658,1.676,1.691,1.731,1.776,-0.474,-0.455,-0.403,-0.323,-0.224,-0.098,0.055,0.182,0.276,0.354,0.405,0.609,0.826,1.088,1.348,1.587,1.79,1.945,2.063,2.109
26-Sep-19,1.621,1.571,1.576,1.625,1.632,1.638,1.652,1.647,1.686,1.746,-0.477,-0.448,-0.383,-0.299,-0.187,-0.061,0.08,0.21,0.312,0.381,0.421,0.634,0.883,1.137,1.401,1.633,1.841,2.001,2.122,2.156
27-Sep-19,1.621,1.571,1.576,1.625,1.632,1.638,1.652,1.647,1.686,1.746,-0.487,-0.457,-0.379,-0.286,-0.175,-0.049,0.096,0.225,0.332,0.416,0.443,0.666,0.933,1.206,1.453,1.69,1.917,2.073,2.208,2.223
30-Sep-19,1.636,1.58,1.596,1.65,1.647,1.653,1.667,1.662,1.701,1.761,-0.483,-0.456,-0.39,-0.299,-0.175,-0.039,0.107,0.234,0.343,0.431,0.451,0.681,0.95,1.227,1.481,1.724,1.957,2.101,2.279,2.265
01-Oct-19,1.645,1.608,1.639,1.696,1.687,1.681,1.694,1.677,1.714,1.783,-0.484,-0.453,-0.389,-0.302,-0.178,-0.037,0.111,0.246,0.366,0.456,0.443,0.676,0.944,1.222,1.48,1.729,1.962,2.095,2.277,2.263
02-Oct-19,1.645,1.601,1.647,1.696,1.687,1.681,1.694,1.677,1.714,1.77,-0.491,-0.448,-0.372,-0.276,-0.148,-0.007,0.148,0.284,0.396,0.482,0.432,0.67,0.939,1.217,1.456,1.692,1.923,2.054,2.233,2.234
03-Oct-19,1.603,1.54,1.561,1.61,1.603,1.601,1.623,1.618,1.656,1.709,-0.505,-0.466,-0.395,-0.305,-0.185,-0.047,0.104,0.241,0.348,0.431,0.396,0.599,0.835,1.088,1.341,1.573,1.796,1.884,2.106,2.132
04-Oct-19,1.605,1.528,1.527,1.587,1.589,1.59,1.611,1.594,1.629,1.677,-0.515,-0.476,-0.4,-0.305,-0.187,-0.049,0.104,0.239,0.348,0.429,0.398,0.576,0.781,1.015,1.275,1.522,1.749,1.839,2.056,2.086
07-Oct-19,1.606,1.527,1.527,1.574,1.588,1.568,1.606,1.577,1.61,1.667,-0.506,-0.466,-0.387,-0.292,-0.172,-0.032,0.118,0.254,0.363,0.445,0.387,0.557,0.75,0.972,1.216,1.486,1.716,1.817,2.024,2.055
08-Oct-19,1.61,1.522,1.528,1.574,1.58,1.557,1.595,1.59,1.626,1.684,-0.521,-0.48,-0.403,-0.307,-0.191,-0.057,0.095,0.23,0.342,0.433,0.388,0.565,0.772,1.018,1.27,1.513,1.742,1.841,2.051,2.08
09-Oct-19,1.605,1.52,1.525,1.559,1.575,1.552,1.59,1.573,1.607,1.66,-0.498,-0.449,-0.36,-0.25,-0.137,-0.003,0.149,0.287,0.395,0.485,0.387,0.572,0.795,1.051,1.3,1.549,1.786,1.893,2.087,2.106
10-Oct-19,1.666,1.58,1.606,1.647,1.633,1.61,1.647,1.619,1.65,1.713,-0.466,-0.403,-0.305,-0.187,-0.072,0.055,0.208,0.342,0.454,0.534,0.429,0.627,0.879,1.128,1.391,1.639,1.87,1.968,2.201,2.197
11-Oct-19,1.693,1.664,1.694,1.723,1.734,1.727,1.739,1.756,1.791,1.811,-0.452,-0.378,-0.277,-0.162,-0.017,0.145,0.3,0.441,0.553,0.633,0.471,0.688,0.961,1.226,1.466,1.701,1.932,2.082,2.325,2.296
15-Oct-19,1.698,1.689,1.725,1.777,1.757,1.749,1.761,1.766,1.799,1.828,-0.411,-0.346,-0.252,-0.138,0.001,0.155,0.314,0.454,0.566,0.649,0.492,0.701,0.969,1.235,1.472,1.711,1.941,2.1,2.335,2.306
16-Oct-19,1.738,1.74,1.796,1.842,1.813,1.802,1.817,1.834,1.871,1.886,-0.395,-0.324,-0.226,-0.106,0.032,0.183,0.341,0.478,0.594,0.682,0.482,0.725,1.015,1.289,1.526,1.761,1.994,2.155,2.4,2.351
17-Oct-19,1.721,1.725,1.755,1.812,1.785,1.771,1.795,1.816,1.844,1.862,-0.387,-0.313,-0.218,-0.102,0.025,0.163,0.32,0.457,0.568,0.661,0.489,0.73,1.017,1.299,1.527,1.753,1.985,2.142,2.393,2.355
18-Oct-19,1.706,1.71,1.745,1.802,1.77,1.748,1.774,1.779,1.811,1.841,-0.379,-0.306,-0.205,-0.085,0.048,0.186,0.337,0.475,0.593,0.693,0.479,0.732,1.028,1.31,1.553,1.787,2.021,2.18,2.434,2.379
21-Oct-19,1.691,1.717,1.753,1.789,1.782,1.768,1.772,1.771,1.802,1.852,-0.365,-0.282,-0.171,-0.036,0.101,0.247,0.401,0.543,0.658,0.753,0.488,0.724,1.017,1.304,1.546,1.787,2.022,2.186,2.431,2.37
22-Oct-19,1.655,1.674,1.715,1.772,1.739,1.719,1.739,1.775,1.813,1.849,-0.367,-0.289,-0.19,-0.075,0.052,0.192,0.339,0.47,0.582,0.675,0.465,0.67,0.939,1.212,1.469,1.708,1.936,2.097,2.339,2.296
23-Oct-19,1.65,1.639,1.68,1.739,1.716,1.697,1.717,1.728,1.761,1.815,-0.375,-0.312,-0.223,-0.115,0.01,0.146,0.29,0.42,0.526,0.613,N/A,N/A,N/A,N/A,N/A,N/A,N/A,N/A,N/A,N/A
24-Oct-19,1.661,1.652,1.687,1.747,1.732,1.715,1.727,1.736,1.774,1.827,-0.374,-0.312,-0.223,-0.114,0.013,0.156,0.304,0.432,0.542,0.628,0.451,0.657,0.929,1.208,1.457,1.687,1.914,2.074,2.322,2.285
25-Oct-19,1.678,1.677,1.733,1.782,1.78,1.771,1.768,1.777,1.816,1.864,-0.355,-0.286,-0.191,-0.075,0.058,0.199,0.345,0.479,0.591,0.68,0.461,0.663,0.934,1.211,1.454,1.681,1.908,2.07,2.314,2.282
28-Oct-19,1.696,1.717,1.784,1.848,1.846,1.848,1.851,1.853,1.898,1.927,-0.345,-0.257,-0.154,-0.029,0.109,0.254,0.403,0.536,0.648,0.738,0.487,0.7,0.977,1.263,1.487,1.715,1.948,2.114,2.358,2.32
29-Oct-19,1.701,1.727,1.789,1.853,1.859,1.863,1.867,1.868,1.915,1.952,-0.352,-0.267,-0.16,-0.036,0.086,0.223,0.363,0.496,0.613,0.711,0.456,0.677,0.968,1.235,1.462,1.688,1.919,2.082,2.327,2.294
30-Oct-19,1.711,1.74,1.796,1.874,1.885,1.894,1.882,1.907,1.961,1.979,-0.35,-0.265,-0.153,-0.028,0.099,0.232,0.376,0.507,0.623,0.722,0.481,0.718,1,1.274,1.503,1.733,1.952,2.136,2.39,2.34
31-Oct-19,1.686,1.705,1.735,1.805,1.819,1.83,1.837,1.862,1.915,1.933,-0.367,-0.291,-0.193,-0.081,0.047,0.186,0.329,0.458,0.567,0.667,0.456,0.671,0.938,1.211,1.454,1.681,1.899,2.086,2.334,2.288
01-Nov-19,N/A,N/A,N/A,N/A,N/A,N/A,N/A,N/A,N/A,N/A,-0.363,-0.293,-0.192,-0.076,0.065,0.21,0.359,0.49,0.595,0.695,N/A,N/A,N/A,N/A,N/A,N/A,N/A,N/A,N/A,N/A
04-Nov-19,1.681,1.702,1.764,1.823,1.848,1.871,1.873,1.905,1.962,1.989,-0.361,-0.285,-0.17,-0.036,0.102,0.249,0.398,0.537,0.652,0.752,0.458,0.674,0.968,1.243,1.471,1.69,1.891,2.091,2.324,2.29
05-Nov-19,1.706,1.745,1.827,1.894,1.903,1.914,1.92,1.957,2.017,2.037,-0.352,-0.271,-0.154,-0.021,0.127,0.281,0.43,0.57,0.686,0.781,0.432,0.689,1.003,1.312,1.548,1.774,1.995,2.184,2.433,2.362
06-Nov-19,1.696,1.732,1.799,1.882,1.89,1.903,1.908,1.92,1.975,2.013,-0.348,-0.266,-0.151,-0.022,0.116,0.26,0.407,0.542,0.657,0.759,0.424,0.668,0.982,1.299,1.531,1.75,1.962,2.148,2.397,2.335
07-Nov-19,1.754,1.808,1.896,2.005,2.02,2.041,2.008,2.002,2.056,2.1,-0.316,-0.215,-0.081,0.066,0.199,0.336,0.485,0.623,0.738,0.833,0.466,0.746,1.104,1.444,1.665,1.868,2.07,2.255,2.517,2.444
08-Nov-19,1.748,1.808,1.916,2.061,2.067,2.098,2.075,2.057,2.116,2.142,-0.317,-0.22,-0.092,0.049,0.195,0.339,0.483,0.616,0.727,0.826,0.504,0.777,1.147,1.499,1.764,1.989,2.197,2.383,2.657,2.54
12-Nov-19,1.748,1.785,1.877,1.981,1.996,2.002,2.008,1.975,2.004,2.07,-0.327,-0.221,-0.086,0.055,0.198,0.346,0.492,0.626,0.738,0.831,0.484,0.762,1.122,1.468,1.707,1.913,2.126,2.314,2.57,2.482
13-Nov-19,1.697,1.735,1.822,1.915,1.949,1.96,1.92,1.912,1.939,1.986,-0.34,-0.251,-0.129,0.003,0.135,0.274,0.417,0.549,0.657,0.753,0.469,0.7,1.03,1.358,1.597,1.816,2.009,2.195,2.444,2.382
14-Nov-19,1.69,1.717,1.794,1.877,1.912,1.925,1.919,1.904,1.933,1.986,-0.341,-0.266,-0.162,-0.043,0.093,0.234,0.375,0.503,0.61,0.709,0.469,0.7,1.028,1.362,1.593,1.803,1.995,2.179,2.435,2.412
15-Nov-19,1.716,1.752,1.835,1.928,1.942,1.956,1.949,1.934,1.964,2.016,-0.339,-0.261,-0.154,-0.029,0.108,0.25,0.395,0.523,0.625,0.717,0.476,0.727,1.076,1.419,1.645,1.863,2.057,2.244,2.503,2.462
18-Nov-19,1.703,1.74,1.817,1.905,1.934,1.938,1.936,1.922,1.951,2.003,-0.331,-0.259,-0.15,-0.026,0.108,0.247,0.391,0.52,0.627,0.724,0.476,0.722,1.062,1.399,1.645,1.866,2.056,2.256,2.504,2.46
19-Nov-19,1.698,1.722,1.799,1.894,1.924,1.928,1.926,1.912,1.941,1.993,-0.333,-0.26,-0.156,-0.034,0.102,0.242,0.384,0.512,0.618,0.716,0.469,0.701,1.03,1.358,1.608,1.82,2.021,2.209,2.457,2.424
20-Nov-19,1.67,1.669,1.72,1.816,1.852,1.868,1.852,1.833,1.856,1.926,-0.339,-0.262,-0.156,-0.037,0.091,0.228,0.374,0.5,0.607,0.706,0.442,0.655,0.964,1.271,1.519,1.727,1.934,2.121,2.365,2.347
21-Nov-19,1.69,1.694,1.725,1.803,1.849,1.868,1.87,1.88,1.913,1.953,-0.324,-0.244,-0.135,-0.014,0.109,0.24,0.386,0.513,0.623,0.717,0.426,0.652,0.945,1.239,1.492,1.707,1.905,2.089,2.34,2.328
22-Nov-19,1.668,1.662,1.697,1.757,1.795,1.818,1.829,1.849,1.888,1.935,-0.337,-0.256,-0.157,-0.044,0.075,0.209,0.35,0.48,0.587,0.686,0.42,0.626,0.903,1.201,1.459,1.67,1.864,2.056,2.303,2.293
25-Nov-19,1.648,1.633,1.68,1.713,1.744,1.769,1.79,1.823,1.862,1.92,-0.338,-0.26,-0.149,-0.034,0.091,0.225,0.366,0.499,0.608,0.701,0.41,0.6,0.859,1.154,1.429,1.63,1.822,2.021,2.267,2.26
26-Nov-19,1.612,1.601,1.616,1.655,1.678,1.704,1.737,1.769,1.807,1.871,-0.339,-0.274,-0.175,-0.069,0.056,0.193,0.334,0.465,0.574,0.678,0.393,0.575,0.823,1.12,1.383,1.59,1.792,1.987,2.221,2.224
27-Nov-19,1.6,1.584,1.624,1.66,1.684,1.706,1.73,1.761,1.814,1.885,-0.342,-0.274,-0.17,-0.061,0.059,0.187,0.331,0.465,0.573,0.667,0.408,0.6,0.868,1.169,1.417,1.632,1.827,2.026,2.266,2.262
29-Nov-19,1.58,1.589,1.64,1.66,1.692,1.717,1.732,1.764,1.817,1.888,-0.325,-0.258,-0.162,-0.056,0.074,0.209,0.353,0.48,0.584,0.674,0.462,0.687,0.984,1.291,1.498,1.713,1.918,2.111,2.359,2.349
02-Dec-19,1.592,1.601,1.719,1.737,1.755,1.779,1.8,1.82,1.874,1.939,-0.302,-0.209,-0.09,0.036,0.165,0.3,0.439,0.575,0.681,0.769,0.519,0.747,1.057,1.378,1.596,1.806,2.018,2.224,2.468,2.438
03-Dec-19,1.541,1.505,1.607,1.62,1.65,1.678,1.705,1.742,1.798,1.857,-0.33,-0.263,-0.166,-0.061,0.076,0.221,0.364,0.492,0.601,0.691,0.446,0.625,0.893,1.182,1.453,1.677,1.878,2.073,2.285,2.288
04-Dec-19,1.572,1.538,1.65,1.686,1.704,1.732,1.745,1.782,1.839,1.897,-0.328,-0.247,-0.139,-0.02,0.112,0.256,0.401,0.535,0.644,0.732,0.446,0.647,0.931,1.222,1.467,1.69,1.904,2.097,2.341,2.321
05-Dec-19,1.587,1.563,1.665,1.702,1.727,1.757,1.763,1.787,1.842,1.91,-0.31,-0.211,-0.089,0.038,0.154,0.287,0.43,0.563,0.667,0.757,0.445,0.647,0.929,1.226,1.47,1.687,1.901,2.092,2.345,2.326
06-Dec-19,1.592,1.564,1.645,1.697,1.725,1.749,1.758,1.782,1.837,1.904,-0.307,-0.21,-0.093,0.026,0.15,0.279,0.418,0.551,0.659,0.756,0.427,0.621,0.898,1.191,1.428,1.647,1.847,2.052,2.3,2.287
09-Dec-19,1.603,1.545,1.632,1.679,1.7,1.722,1.745,1.783,1.839,1.897,-0.316,-0.225,-0.113,0.005,0.127,0.258,0.398,0.532,0.641,0.74,0.421,0.603,0.857,1.133,1.386,1.6,1.79,2.002,2.259,2.249
10-Dec-19,1.632,1.568,1.629,1.691,1.721,1.744,1.769,1.794,1.849,1.911,-0.323,-0.227,-0.108,0.017,0.14,0.277,0.422,0.551,0.66,0.754,0.442,0.651,0.909,1.176,1.416,1.633,1.836,2.043,2.279,2.278
11-Dec-19,1.614,1.553,1.609,1.666,1.698,1.72,1.743,1.78,1.836,1.894,-0.321,-0.239,-0.13,-0.016,0.111,0.243,0.384,0.515,0.63,0.737,0.485,0.703,0.972,1.255,1.5,1.723,1.929,2.134,2.381,2.357
12-Dec-19,1.646,1.608,1.7,1.763,1.789,1.811,1.821,1.851,1.909,1.965,-0.31,-0.214,-0.087,0.047,0.172,0.301,0.442,0.576,0.691,0.79,0.489,0.736,1.023,1.308,1.543,1.755,1.962,2.171,2.429,2.399
13-Dec-19,1.636,1.581,1.647,1.727,1.761,1.771,1.784,1.815,1.872,1.943,-0.305,-0.214,-0.097,0.021,0.132,0.252,0.387,0.517,0.632,0.736,0.492,0.734,1.027,1.306,1.543,1.755,1.958,2.175,2.431,2.398
16-Dec-19,1.628,1.575,1.642,1.709,1.739,1.76,1.766,1.798,1.851,1.928,-0.307,-0.204,-0.081,0.044,0.164,0.292,0.435,0.566,0.672,0.769,0.509,0.755,1.019,1.299,1.564,1.782,1.972,2.203,2.449,2.411
17-Dec-19,1.617,1.57,1.647,1.706,1.729,1.746,1.761,1.792,1.846,1.923,-0.305,-0.213,-0.093,0.025,0.145,0.274,0.411,0.537,0.648,0.742,0.529,0.78,1.053,1.345,1.59,1.803,2.006,2.226,2.475,2.438
18-Dec-19,1.644,1.598,1.665,1.737,1.772,1.798,1.797,1.828,1.884,1.954,-0.296,-0.193,-0.055,0.079,0.199,0.325,0.465,0.594,0.704,0.795,0.542,0.816,1.122,1.44,1.653,1.867,2.072,2.29,2.546,2.497
19-Dec-19,1.67,1.657,1.743,1.804,1.844,1.871,1.862,1.886,1.945,2.013,-0.289,-0.18,-0.045,0.08,0.21,0.339,0.479,0.603,0.709,0.814,0.571,0.857,1.183,1.497,1.723,1.931,2.129,2.333,2.604,2.556
20-Dec-19,1.669,1.657,1.744,1.803,1.841,1.874,1.862,1.886,1.945,2.013,-0.288,-0.181,-0.05,0.071,0.198,0.333,0.472,0.599,0.701,0.803,0.607,0.884,1.232,1.553,1.77,1.974,2.177,2.382,2.631,2.588
23-Dec-19,1.664,1.657,1.743,1.803,1.84,1.875,1.863,1.887,1.944,2.012,-0.285,-0.177,-0.039,0.087,0.218,0.345,0.487,0.617,0.724,0.815,0.597,0.873,1.194,1.51,1.742,1.942,2.145,2.346,2.602,2.56
24-Dec-19,1.665,1.657,1.743,1.803,1.841,1.874,1.862,1.887,1.944,2.012,N/A,N/A,N/A,N/A,N/A,N/A,N/A,N/A,N/A,N/A,N/A,N/A,N/A,N/A,N/A,N/A,N/A,N/A,N/A,N/A
26-Dec-19,N/A,N/A,N/A,N/A,N/A,N/A,N/A,N/A,N/A,N/A,N/A,N/A,N/A,N/A,N/A,N/A,N/A,N/A,N/A,N/A,N/A,N/A,N/A,N/A,N/A,N/A,N/A,N/A,N/A,N/A
27-Dec-19,1.674,1.662,1.749,1.795,1.842,1.879,1.869,1.889,1.944,2.014,-0.28,-0.18,-0.055,0.062,0.198,0.334,0.474,0.603,0.715,0.817,N/A,N/A,N/A,N/A,N/A,N/A,N/A,N/A,N/A,N/A
30-Dec-19,1.732,1.707,1.835,1.881,1.913,1.954,1.976,1.893,2.067,2.12,-0.259,-0.135,0.011,0.149,0.267,0.396,0.537,0.67,0.784,0.879,0.656,0.926,1.241,1.567,1.819,2.043,2.218,2.421,2.691,2.629
31-Dec-19,N/A,N/A,N/A,N/A,N/A,N/A,N/A,N/A,N/A,N/A,N/A,N/A,N/A,N/A,N/A,N/A,N/A,N/A,N/A,N/A,0.665,0.93,1.246,1.573,1.81,2.026,2.218,2.43,2.706,2.636
02-Jan-20,1.713,1.704,1.827,1.887,1.908,1.95,1.963,1.892,2.067,2.116,-0.276,-0.175,-0.047,0.079,0.214,0.353,0.493,0.619,0.729,0.826,0.675,0.93,1.243,1.577,1.822,2.015,2.207,2.423,2.693,2.633
03-Jan-20,1.693,1.694,1.756,1.81,1.849,1.883,1.894,1.849,1.969,2.048,-0.298,-0.211,-0.101,0.018,0.149,0.286,0.428,0.56,0.669,0.768,0.63,0.865,1.169,1.462,1.729,1.929,2.128,2.326,2.547,2.529
06-Jan-20,N/A,N/A,N/A,N/A,N/A,N/A,N/A,N/A,N/A,N/A,-0.304,-0.221,-0.109,0.008,0.134,0.27,0.414,0.549,0.655,0.751,0.64,0.876,1.176,1.467,1.737,1.937,2.122,2.324,2.552,2.535
07-Jan-20,1.831,1.858,1.904,1.953,1.972,1.987,1.99,1.969,2.09,2.167,-0.31,-0.224,-0.114,0.002,0.129,0.274,0.418,0.558,0.666,0.759,0.679,0.929,1.238,1.547,1.801,2.003,2.202,2.393,2.628,2.601
08-Jan-20,1.866,1.893,1.95,1.984,2.009,1.992,2.039,1.999,2.147,2.209,-0.3,-0.213,-0.094,0.029,0.156,0.292,0.442,0.576,0.691,0.79,0.663,0.948,1.274,1.598,1.822,2.027,2.222,2.412,2.649,2.62
09-Jan-20,1.925,1.964,2.025,2.089,2.104,2.078,2.1,2.065,2.259,2.337,-0.282,-0.176,-0.046,0.086,0.209,0.337,0.486,0.621,0.725,0.819,0.685,0.96,1.307,1.645,1.841,2.111,2.299,2.473,2.717,2.695
10-Jan-20,1.936,1.986,2.039,2.088,2.098,2.067,2.114,2.078,2.274,2.346,-0.277,-0.173,-0.049,0.075,0.202,0.334,0.475,0.605,0.715,0.815,0.654,0.951,1.266,1.598,1.815,2.085,2.273,2.447,2.687,2.669
13-Jan-20,1.984,2.058,2.12,2.19,2.195,2.145,2.172,2.146,2.324,2.407,-0.264,-0.152,-0.016,0.119,0.247,0.383,0.528,0.662,0.77,0.866,0.716,1.066,1.367,1.706,1.954,2.18,2.376,2.565,2.797,2.766
14-Jan-20,1.919,1.977,2.039,2.093,2.104,2.068,2.103,2.066,2.235,2.329,-0.269,-0.157,-0.023,0.106,0.231,0.361,0.507,0.639,0.749,0.843,0.703,1.04,1.35,1.691,1.935,2.164,2.369,2.546,2.781,2.747
15-Jan-20,1.9,1.952,2.013,2.05,2.058,2.033,2.071,2.02,2.175,2.273,-0.274,-0.171,-0.046,0.075,0.2,0.334,0.48,0.61,0.716,0.816,0.688,1.013,1.325,1.66,1.898,2.126,2.325,2.5,2.734,2.709
16-Jan-20,1.922,1.982,2.043,2.086,2.085,2.038,2.072,2.064,2.226,2.306,-0.278,-0.179,-0.065,0.049,0.178,0.313,0.459,0.591,0.698,0.801,0.699,1.054,1.394,1.75,1.97,2.218,2.395,2.567,2.815,2.766
17-Jan-20,1.961,2.042,2.12,2.196,2.179,2.096,2.117,2.176,2.339,2.4,-0.277,-0.176,-0.056,0.064,0.186,0.315,0.46,0.592,0.703,0.803,0.765,1.145,1.478,1.824,2.116,2.373,2.552,2.732,2.994,2.951
21-Jan-20,1.905,1.987,2.069,2.14,2.143,2.078,2.082,2.108,2.268,2.348,-0.276,-0.194,-0.086,0.019,0.135,0.261,0.398,0.529,0.638,0.746,0.835,1.148,1.454,1.782,2.017,2.25,2.467,2.621,2.851,2.875
22-Jan-20,1.882,1.944,2.016,2.083,2.088,2.026,2.042,2.055,2.213,2.301,-0.279,-0.201,-0.096,0.01,0.128,0.255,0.397,0.521,0.633,0.738,0.878,1.195,1.538,1.854,2.057,2.28,2.488,2.677,2.857,2.901
23-Jan-20,1.873,1.926,1.987,2.046,2.071,2.026,2.026,2.04,2.198,2.286,-0.296,-0.231,-0.141,-0.045,0.073,0.203,0.339,0.465,0.577,0.684,0.859,1.147,1.461,1.758,1.972,2.174,2.361,2.544,2.729,2.81
24-Jan-20,1.858,1.893,1.95,1.997,2.02,2.023,1.999,2.061,2.23,2.281,-0.307,-0.244,-0.154,-0.06,0.053,0.178,0.314,0.442,0.555,0.66,0.791,1.11,1.385,1.679,1.892,2.086,2.279,2.513,2.704,2.756
27-Jan-20,1.828,1.825,1.856,1.884,1.925,1.942,1.939,1.99,2.156,2.212,-0.333,-0.291,-0.225,-0.147,-0.033,0.095,0.228,0.351,0.461,0.569,0.847,1.108,1.399,1.686,1.889,2.074,2.244,2.452,2.646,2.737
28-Jan-20,1.839,1.868,1.914,1.963,1.979,2.001,1.995,2.039,2.206,2.246,-0.328,-0.27,-0.192,-0.104,0.014,0.147,0.283,0.407,0.512,0.611,0.91,1.158,1.464,1.763,1.989,2.182,2.34,2.526,2.713,2.81
29-Jan-20,1.824,1.85,1.892,1.923,1.959,1.981,1.966,2.01,2.176,2.221,-0.344,-0.283,-0.201,-0.108,-0.002,0.117,0.252,0.379,0.492,0.593,0.819,1.094,1.395,1.689,1.927,2.118,2.283,2.459,2.637,2.742
30-Jan-20,1.792,1.802,1.843,1.877,1.934,1.898,1.948,1.948,2.109,2.173,-0.361,-0.304,-0.227,-0.14,-0.031,0.095,0.228,0.35,0.461,0.563,0.776,1.053,1.342,1.632,1.884,2.074,2.247,2.412,2.598,2.701
31-Jan-20,1.744,1.767,1.803,1.845,1.882,1.849,1.893,1.894,2.051,2.125,-0.381,-0.333,-0.263,-0.181,-0.072,0.05,0.184,0.309,0.416,0.512,0.721,1.006,1.291,1.576,1.817,1.999,2.169,2.337,2.515,2.632
03-Feb-20,1.767,1.8,1.872,1.939,1.945,1.908,1.936,1.944,2.101,2.174,-0.377,-0.328,-0.25,-0.164,-0.06,0.057,0.191,0.316,0.427,0.529,0.819,1.067,1.343,1.622,1.883,2.069,2.244,2.412,2.58,2.697
04-Feb-20,1.774,1.813,1.921,1.996,1.988,1.95,1.967,1.974,2.132,2.204,-0.365,-0.308,-0.228,-0.141,-0.033,0.085,0.219,0.345,0.455,0.558,0.889,1.132,1.407,1.693,1.953,2.137,2.308,2.476,2.681,2.778
05-Feb-20,1.764,1.8,1.913,1.988,1.996,1.964,1.969,1.969,2.127,2.2,-0.351,-0.282,-0.192,-0.092,0.015,0.132,0.27,0.398,0.511,0.616,0.838,1.083,1.364,1.632,1.904,2.107,2.266,2.425,2.646,2.736
06-Feb-20,1.758,1.78,1.892,1.963,1.989,1.959,1.977,1.969,2.107,2.187,-0.342,-0.277,-0.185,-0.088,0.019,0.138,0.269,0.398,0.516,0.622,0.843,1.073,1.351,1.62,1.879,2.104,2.277,2.44,2.674,2.748
07-Feb-20,1.712,1.74,1.801,1.84,1.887,1.905,1.903,1.895,2.032,2.116,-0.355,-0.295,-0.21,-0.113,-0.011,0.103,0.237,0.364,0.476,0.583,0.875,1.079,1.348,1.608,1.849,2.061,2.231,2.397,2.619,2.719
10-Feb-20,1.668,1.717,1.779,1.83,1.867,1.885,1.874,1.868,2.001,2.091,-0.362,-0.313,-0.234,-0.151,-0.05,0.065,0.197,0.324,0.432,0.541,0.856,1.072,1.317,1.578,1.831,2.024,2.18,2.358,2.564,2.682
11-Feb-20,1.733,1.775,1.842,1.904,1.935,1.958,1.941,1.933,2.069,2.154,-0.366,-0.303,-0.217,-0.125,-0.027,0.089,0.224,0.352,0.465,0.577,0.848,1.071,1.325,1.593,1.837,2.026,2.192,2.361,2.57,2.688
12-Feb-20,1.738,1.793,1.89,1.96,1.975,2.005,1.971,1.963,2.099,2.184,-0.361,-0.299,-0.211,-0.118,-0.016,0.102,0.238,0.363,0.477,0.582,1.057,1.195,1.431,1.678,1.882,2.054,2.216,2.373,2.566,2.741
13-Feb-20,1.834,1.843,1.94,2.011,2.026,2.055,2.021,2.013,2.151,2.235,-0.372,-0.314,-0.232,-0.145,-0.041,0.074,0.208,0.33,0.439,0.547,1.357,1.452,1.604,1.826,2.007,2.144,2.275,2.397,2.508,2.656
14-Feb-20,1.819,1.82,1.908,1.967,1.996,2.022,1.996,1.988,2.125,2.21,-0.38,-0.323,-0.243,-0.158,-0.054,0.066,0.197,0.319,0.429,0.531,1.399,1.505,1.673,1.896,2.068,2.205,2.336,2.449,2.555,2.655
18-Feb-20,1.803,1.797,1.885,1.965,1.985,1.971,2.009,1.975,2.1,2.165,-0.388,-0.332,-0.253,-0.167,-0.066,0.048,0.177,0.302,0.414,0.519,1.259,1.485,1.767,2.058,2.22,2.348,2.444,2.545,2.651,2.735
19-Feb-20,1.782,1.762,1.834,1.898,1.927,1.922,1.973,1.942,2.074,2.13,-0.38,-0.336,-0.267,-0.185,-0.086,0.031,0.161,0.284,0.394,0.5,1.164,1.407,1.715,2.021,2.195,2.349,2.448,2.545,2.65,2.705
20-Feb-20,1.795,1.754,1.816,1.87,1.913,1.939,1.967,1.936,2.07,2.126,-0.381,-0.339,-0.277,-0.206,-0.118,-0.008,0.118,0.237,0.34,0.438,1.304,1.492,1.782,2.085,2.236,2.361,2.459,2.556,2.658,2.747
21-Feb-20,1.746,1.722,1.768,1.825,1.87,1.894,1.93,1.899,2.032,2.088,-0.375,-0.334,-0.273,-0.203,-0.118,-0.016,0.104,0.221,0.315,0.4,1.248,1.42,1.691,1.96,2.125,2.236,2.331,2.425,2.527,2.528
24-Feb-20,1.652,1.588,1.629,1.668,1.699,1.691,1.738,1.74,1.865,1.938,-0.395,-0.362,-0.301,-0.238,-0.148,-0.046,0.071,0.183,0.285,0.366,1.147,1.349,1.605,1.863,2.033,2.141,2.221,2.305,2.404,2.385
25-Feb-20,1.541,1.5,1.556,1.608,1.636,1.613,1.647,1.679,1.807,1.87,-0.412,-0.371,-0.309,-0.243,-0.162,-0.065,0.05,0.166,0.264,0.347,1.123,1.319,1.584,1.843,2.013,2.123,2.21,2.28,2.407,2.376
26-Feb-20,1.469,1.418,1.489,1.561,1.571,1.563,1.585,1.611,1.737,1.807,-0.412,-0.369,-0.295,-0.218,-0.13,-0.026,0.09,0.203,0.309,0.401,1.21,1.414,1.686,1.961,2.117,2.231,2.337,2.392,2.526,2.483
27-Feb-20,1.352,1.313,1.404,1.45,1.487,1.485,1.51,1.525,1.633,1.714,-0.422,-0.383,-0.32,-0.246,-0.157,-0.062,0.057,0.174,0.279,0.362,1.125,1.347,1.62,1.897,2.042,2.152,2.241,2.297,2.418,2.399
28-Feb-20,1.188,1.251,1.378,1.473,1.495,1.465,1.478,1.472,1.611,1.678,-0.455,-0.409,-0.342,-0.268,-0.197,-0.111,-0.005,0.108,0.211,0.294,1.005,1.221,1.49,1.743,1.922,2.046,2.103,2.143,2.236,2.208
02-Mar-20,1.011,1.152,1.309,1.37,1.439,1.421,1.423,1.394,1.535,1.594,-0.492,-0.434,-0.358,-0.272,-0.199,-0.105,0.009,0.118,0.205,0.28,0.875,1.075,1.307,1.533,1.772,1.905,2.011,2.059,2.156,2.096
03-Mar-20,1.055,1.239,1.382,1.433,1.475,1.51,1.521,1.488,1.561,1.64,-0.498,-0.448,-0.378,-0.305,-0.213,-0.112,-0.001,0.1,0.192,0.282,0.851,1.041,1.264,1.494,1.743,1.895,2.012,2.045,2.143,2.077
04-Mar-20,1.194,1.294,1.396,1.455,1.488,1.53,1.564,1.554,1.607,1.683,-0.511,-0.46,-0.391,-0.317,-0.216,-0.113,-0.002,0.099,0.195,0.288,0.751,0.92,1.183,1.413,1.63,1.786,1.919,1.945,2.042,1.981
05-Mar-20,1.163,1.244,1.335,1.405,1.465,1.473,1.486,1.488,1.551,1.611,-0.498,-0.464,-0.404,-0.34,-0.243,-0.153,-0.043,0.064,0.165,0.262,0.757,0.912,1.154,1.385,1.606,1.777,1.911,1.941,2.036,1.974
06-Mar-20,1.106,1.141,1.227,1.283,1.306,1.327,1.344,1.37,1.432,1.498,-0.486,-0.464,-0.413,-0.353,-0.281,-0.201,-0.106,-0.014,0.079,0.158,0.738,0.887,1.13,1.367,1.556,1.717,1.857,1.884,1.983,1.907
09-Mar-20,0.814,0.869,0.989,1.022,1.048,1.053,1.082,1.078,1.185,1.253,-0.52,-0.485,-0.431,-0.373,-0.314,-0.249,-0.173,-0.094,-0.02,0.033,0.668,0.725,0.888,1.102,1.296,1.474,1.647,1.683,1.771,1.684
10-Mar-20,0.888,0.927,1.029,1.095,1.123,1.118,1.136,1.17,1.212,1.297,-0.508,-0.462,-0.386,-0.313,-0.26,-0.206,-0.128,-0.058,-0.006,0.029,0.684,0.782,0.974,1.22,1.399,1.557,1.696,1.821,1.924,1.841
11-Mar-20,0.967,1.048,1.16,1.237,1.29,1.31,1.314,1.34,1.393,1.444,-0.526,-0.455,-0.361,-0.274,-0.218,-0.159,-0.099,-0.038,0.02,0.071,0.514,0.722,0.989,1.26,1.448,1.615,1.739,1.837,1.933,1.834
12-Mar-20,1.059,1.205,1.336,1.453,1.483,1.473,1.497,1.529,1.591,1.612,-0.464,-0.404,-0.316,-0.226,-0.169,-0.126,-0.086,-0.04,0.011,0.076,0.898,1.22,1.667,2.053,2.207,2.366,2.51,2.567,2.71,2.504
13-Mar-20,1.199,1.35,1.553,1.658,1.675,1.678,1.68,1.675,1.735,1.771,-0.4,-0.335,-0.238,-0.136,-0.071,-0.03,0.017,0.066,0.117,0.147,0.842,1.164,1.607,2.006,2.269,2.469,2.626,2.689,2.858,2.566
16-Mar-20,0.84,1.095,1.329,1.504,1.555,1.56,1.559,1.59,1.672,1.628,-0.389,-0.284,-0.148,-0.02,0.051,0.099,0.15,0.196,0.232,0.244,0.625,1.006,1.444,1.902,2.211,2.441,2.599,2.674,2.853,2.5
17-Mar-20,0.689,0.915,1.107,1.225,1.319,1.276,1.303,1.306,1.435,1.403,-0.379,-0.284,-0.164,-0.041,0.048,0.098,0.138,0.173,0.204,0.222,0.384,0.759,1.13,1.524,1.77,1.962,2.155,2.24,2.39,2.119
18-Mar-20,0.798,0.98,1.212,1.401,1.437,1.375,1.444,1.46,1.606,1.522,-0.313,-0.172,-0.001,0.175,0.267,0.319,0.361,0.395,0.418,0.437,0.57,0.951,1.372,1.841,2.011,2.216,2.427,2.501,2.666,2.358
19-Mar-20,0.774,0.99,1.181,1.406,1.428,1.351,1.425,1.443,1.586,1.504,-0.224,-0.07,0.1,0.278,0.342,0.365,0.405,0.455,0.508,0.537,0.569,0.935,1.349,1.818,2.006,2.216,2.417,2.496,2.658,2.349
20-Mar-20,0.629,0.845,1.075,1.257,1.277,1.247,1.277,1.276,1.44,1.367,-0.269,-0.162,-0.044,0.08,0.165,0.225,0.281,0.321,0.367,0.412,0.478,0.774,1.149,1.574,1.789,1.979,2.157,2.232,2.388,2.131
23-Mar-20,0.379,0.62,0.841,1.037,1.098,1.078,1.117,1.119,1.287,1.189,-0.286,-0.195,-0.086,0.03,0.115,0.183,0.238,0.284,0.321,0.369,0.347,0.6,0.936,1.302,1.575,1.748,1.899,1.987,2.119,1.908
24-Mar-20,0.441,0.655,0.855,0.966,1.052,1.091,1.161,1.188,1.308,1.257,-0.25,-0.146,-0.025,0.101,0.192,0.266,0.328,0.381,0.433,0.488,0.311,0.551,0.89,1.251,1.447,1.603,1.74,1.867,1.988,1.806
25-Mar-20,0.568,0.755,0.945,1.107,1.201,1.265,1.333,1.354,1.407,1.456,-0.243,-0.13,-0.001,0.136,0.221,0.309,0.374,0.435,0.491,0.549,0.303,0.529,0.878,1.232,1.478,1.646,1.776,1.869,1.992,1.808
26-Mar-20,0.589,0.75,0.91,1.051,1.149,1.202,1.253,1.256,1.269,1.399,-0.287,-0.204,-0.104,0.007,0.116,0.218,0.301,0.375,0.451,0.531,0.305,0.538,0.905,1.268,1.568,1.767,1.928,2.012,2.177,1.913
27-Mar-20,0.641,0.81,0.971,1.141,1.201,1.253,1.291,1.347,1.342,1.46,-0.325,-0.266,-0.179,-0.085,0.017,0.121,0.208,0.283,0.354,0.421,0.374,0.619,1.013,1.4,1.609,1.797,1.968,2.111,2.281,1.993
30-Mar-20,0.601,0.78,0.931,1.086,1.179,1.235,1.257,1.314,1.31,1.428,-0.344,-0.3,-0.224,-0.138,-0.051,0.035,0.124,0.208,0.29,0.373,0.44,0.709,1.087,1.496,1.762,1.981,2.155,2.3,2.495,2.145
31-Mar-20,0.607,0.778,0.934,1.088,1.17,1.233,1.246,1.321,1.317,1.431,-0.331,-0.272,-0.184,-0.082,0.017,0.107,0.2,0.288,0.375,0.455,0.594,0.842,1.213,1.614,1.946,2.187,2.378,2.508,2.716,2.324
01-Apr-20,0.611,0.788,0.943,1.078,1.165,1.236,1.265,1.325,1.348,1.444,-0.323,-0.273,-0.192,-0.101,-0.01,0.078,0.164,0.247,0.33,0.403,1.003,1.158,1.453,1.812,2.092,2.308,2.486,2.623,2.805,2.49
02-Apr-20,0.596,0.778,0.922,1.066,1.162,1.235,1.257,1.313,1.333,1.435,-0.313,-0.259,-0.178,-0.088,-0.011,0.074,0.16,0.241,0.326,0.394,1.13,1.27,1.529,1.84,2.02,2.185,2.335,2.463,2.62,2.443
03-Apr-20,0.459,0.672,0.847,0.963,1.061,1.13,1.169,1.211,1.235,1.337,-0.318,-0.274,-0.199,-0.106,-0.015,0.074,0.166,0.247,0.317,0.378,1.285,1.307,1.529,1.78,2.035,2.205,2.346,2.471,2.632,2.473
06-Apr-20,0.501,0.667,0.804,0.937,1.041,1.105,1.145,1.209,1.232,1.328,-0.306,-0.255,-0.176,-0.08,0.012,0.101,0.195,0.281,0.362,0.421,1.276,1.296,1.518,1.766,2.019,2.196,2.329,2.464,2.619,2.458
07-Apr-20,0.56,0.68,0.811,0.947,1.043,1.108,1.157,1.208,1.267,1.352,-0.262,-0.199,-0.111,-0.008,0.089,0.182,0.275,0.358,0.443,0.499,1.469,1.388,1.584,1.793,2.046,2.202,2.341,2.463,2.601,2.49
08-Apr-20,0.443,0.602,0.782,0.888,0.975,1.036,1.089,1.155,1.254,1.307,-0.269,-0.202,-0.108,-0.003,0.076,0.157,0.248,0.33,0.41,0.474,1.464,1.393,1.534,1.724,1.928,2.07,2.185,2.301,2.44,2.401
09-Apr-20,0.526,0.666,0.795,0.923,1.018,1.055,1.121,1.18,1.26,1.316,-0.311,-0.246,-0.149,-0.046,0.037,0.113,0.2,0.28,0.362,0.432,1.306,1.328,1.489,1.694,1.913,2.071,2.19,2.305,2.454,2.378
13-Apr-20,N/A,N/A,N/A,N/A,N/A,N/A,N/A,N/A,N/A,N/A,N/A,N/A,N/A,N/A,N/A,N/A,N/A,N/A,N/A,N/A,N/A,N/A,N/A,N/A,N/A,N/A,N/A,N/A,N/A,N/A
14-Apr-20,0.451,0.565,0.706,0.834,0.93,1.022,1.082,1.151,1.209,1.291,-0.329,-0.277,-0.19,-0.094,-0.01,0.069,0.152,0.232,0.316,0.388,1.075,1.224,1.449,1.705,1.847,1.986,2.12,2.233,2.382,2.27
15-Apr-20,0.367,0.51,0.63,0.749,0.879,0.958,1.026,1.097,1.157,1.244,-0.344,-0.305,-0.232,-0.144,-0.061,0.016,0.1,0.182,0.262,0.325,1.061,1.215,1.439,1.696,1.838,1.974,2.115,2.221,2.372,2.259
16-Apr-20,0.398,0.547,0.672,0.777,0.904,1.009,1.067,1.132,1.192,1.281,-0.336,-0.302,-0.228,-0.148,-0.069,0.014,0.097,0.172,0.249,0.319,0.999,1.192,1.43,1.705,1.842,1.986,2.124,2.229,2.381,2.259
17-Apr-20,0.378,0.56,0.7,0.819,0.945,1.046,1.137,1.217,1.306,1.333,-0.338,-0.304,-0.234,-0.155,-0.074,0.005,0.091,0.169,0.252,0.321,0.987,1.18,1.424,1.698,1.833,1.979,2.117,2.219,2.38,2.253
20-Apr-20,0.393,0.557,0.704,0.822,0.94,1.055,1.158,1.219,1.318,1.34,-0.299,-0.272,-0.208,-0.129,-0.047,0.04,0.127,0.205,0.287,0.354,1.025,1.215,1.472,1.754,1.875,2.025,2.16,2.271,2.429,2.295
21-Apr-20,0.324,0.518,0.663,0.769,0.882,0.974,1.087,1.142,1.236,1.274,-0.264,-0.266,-0.218,-0.148,-0.072,0.006,0.092,0.172,0.254,0.324,1.032,1.22,1.476,1.758,1.887,2.04,2.178,2.286,2.446,2.279
22-Apr-20,0.329,0.54,0.69,0.794,0.913,1.008,1.111,1.173,1.271,1.299,-0.226,-0.221,-0.167,-0.094,-0.014,0.066,0.159,0.24,0.319,0.374,1.088,1.271,1.536,1.83,1.947,2.099,2.246,2.348,2.512,2.339
23-Apr-20,0.363,0.557,0.702,0.808,0.919,1.03,1.122,1.185,1.281,1.314,-0.255,-0.246,-0.188,-0.115,-0.035,0.05,0.141,0.223,0.296,0.346,1.131,1.31,1.579,1.882,2.035,2.206,2.35,2.455,2.625,2.423
24-Apr-20,0.333,0.527,0.682,0.787,0.908,0.999,1.122,1.154,1.279,1.302,-0.307,-0.288,-0.228,-0.156,-0.075,0.012,0.102,0.182,0.257,0.312,1.101,1.255,1.514,1.787,1.98,2.133,2.285,2.391,2.557,2.361
27-Apr-20,0.318,0.5,0.649,0.736,0.878,0.969,1.092,1.146,1.276,1.282,-0.308,-0.272,-0.199,-0.116,-0.044,0.028,0.119,0.203,0.286,0.338,1.087,1.234,1.488,1.754,1.943,2.091,2.242,2.347,2.51,2.324
28-Apr-20,0.323,0.52,0.659,0.746,0.888,0.979,1.103,1.156,1.285,1.292,-0.344,-0.307,-0.233,-0.15,-0.075,0.011,0.107,0.197,0.28,0.334,1.078,1.176,1.399,1.633,1.799,1.934,2.073,2.177,2.32,2.191
29-Apr-20,0.262,0.47,0.629,0.747,0.848,0.959,1.071,1.14,1.266,1.267,-0.354,-0.317,-0.245,-0.159,-0.081,0.004,0.095,0.181,0.257,0.316,1.079,1.153,1.361,1.581,1.738,1.877,2.002,2.109,2.249,2.141
30-Apr-20,0.28,0.487,0.672,0.805,0.936,1.033,1.155,1.232,1.376,1.34,-0.401,-0.383,-0.332,-0.263,-0.172,-0.09,0.004,0.089,0.164,0.229,1.058,1.135,1.338,1.552,1.699,1.842,1.97,2.086,2.236,2.12
01-May-20,N/A,N/A,N/A,N/A,N/A,N/A,N/A,N/A,N/A,N/A,N/A,N/A,N/A,N/A,N/A,N/A,N/A,N/A,N/A,N/A,N/A,N/A,N/A,N/A,N/A,N/A,N/A,N/A,N/A,N/A
04-May-20,0.36,0.547,0.714,0.84,0.973,1.068,1.216,1.259,1.42,1.385,-0.397,-0.369,-0.307,-0.229,-0.141,-0.047,0.043,0.13,0.212,0.281,1.075,1.131,1.326,1.526,1.687,1.828,1.953,2.076,2.219,2.108
05-May-20,0.385,0.545,0.716,0.837,0.973,1.065,1.202,1.261,1.421,1.387,-0.411,-0.39,-0.332,-0.257,-0.163,-0.068,0.02,0.108,0.196,0.264,1.063,1.12,1.314,1.515,1.675,1.816,1.942,2.064,2.205,2.095
06-May-20,0.432,0.603,0.778,0.897,1.031,1.124,1.239,1.299,1.432,1.42,-0.388,-0.358,-0.291,-0.208,-0.116,-0.019,0.074,0.165,0.25,0.315,1.041,1.107,1.3,1.502,1.686,1.832,1.967,2.082,2.23,2.103
07-May-20,0.466,0.615,0.764,0.883,1.007,1.108,1.234,1.25,1.369,1.397,-0.38,-0.363,-0.308,-0.235,-0.146,-0.053,0.04,0.126,0.205,0.275,1.017,1.098,1.296,1.505,1.678,1.826,1.955,2.073,2.217,2.095
08-May-20,0.466,0.615,0.765,0.883,1.006,1.108,1.234,1.248,1.373,1.398,N/A,N/A,N/A,N/A,N/A,N/A,N/A,N/A,N/A,N/A,1.017,1.098,1.296,1.504,1.677,1.826,1.955,2.07,2.223,2.097
11-May-20,0.442,0.614,0.767,0.875,0.999,1.101,1.224,1.244,1.366,1.389,-0.377,-0.361,-0.304,-0.223,-0.137,-0.042,0.05,0.139,0.221,0.277,0.848,0.992,1.202,1.418,1.621,1.777,1.911,2.032,2.19,2.031
12-May-20,0.416,0.585,0.746,0.868,0.981,1.066,1.185,1.215,1.349,1.369,-0.362,-0.359,-0.313,-0.247,-0.159,-0.069,0.02,0.105,0.185,0.242,0.749,0.978,1.227,1.485,1.67,1.825,1.974,2.093,2.261,2.065
13-May-20,0.397,0.563,0.728,0.832,0.966,1.049,1.173,1.198,1.334,1.353,-0.372,-0.363,-0.316,-0.25,-0.168,-0.081,0.01,0.092,0.168,0.223,0.792,1.004,1.253,1.512,1.707,1.875,2.031,2.141,2.314,2.107
14-May-20,0.355,0.51,0.659,0.775,0.881,0.952,1.077,1.101,1.288,1.298,-0.366,-0.357,-0.314,-0.25,-0.171,-0.084,0.004,0.087,0.161,0.22,0.819,0.996,1.228,1.475,1.692,1.86,2.006,2.121,2.289,2.091
15-May-20,0.347,0.52,0.68,0.767,0.865,0.919,1.043,1.083,1.275,1.286,-0.36,-0.348,-0.306,-0.248,-0.178,-0.097,-0.011,0.068,0.139,0.204,0.808,0.967,1.19,1.425,1.654,1.821,1.965,2.076,2.255,2.058
18-May-20,0.417,0.567,0.704,0.804,0.91,0.967,1.082,1.092,1.273,1.31,-0.35,-0.332,-0.291,-0.228,-0.15,-0.065,0.025,0.106,0.18,0.234,0.763,0.943,1.173,1.411,1.638,1.807,1.949,2.068,2.243,2.04
19-May-20,0.461,0.61,0.776,0.872,0.969,1.022,1.105,1.139,1.355,1.371,-0.336,-0.317,-0.271,-0.208,-0.138,-0.057,0.027,0.105,0.18,0.24,0.719,0.908,1.127,1.371,1.599,1.768,1.911,2.028,2.201,1.999
20-May-20,0.48,0.638,0.803,0.893,0.999,1.048,1.16,1.146,1.364,1.391,-0.341,-0.317,-0.265,-0.202,-0.139,-0.07,0.014,0.097,0.173,0.234,0.714,0.893,1.106,1.346,1.576,1.74,1.891,2.002,2.171,1.976
21-May-20,0.498,0.7,0.9,0.951,1.053,1.111,1.229,1.216,1.425,1.45,-0.359,-0.339,-0.286,-0.221,-0.155,-0.079,0.002,0.082,0.163,0.237,0.702,0.883,1.1,1.348,1.598,1.777,1.921,2.036,2.208,1.995
22-May-20,0.5,0.698,0.923,1.01,1.108,1.144,1.234,1.248,1.467,1.479,-0.355,-0.339,-0.29,-0.227,-0.16,-0.082,-0,0.076,0.158,0.225,0.686,0.883,1.111,1.368,1.629,1.817,1.966,2.076,2.265,2.026
26-May-20,0.473,0.683,0.91,0.994,1.062,1.088,1.187,1.23,1.456,1.457,-0.337,-0.313,-0.249,-0.173,-0.115,-0.037,0.044,0.125,0.201,0.265,0.796,1.004,1.275,1.571,1.782,1.982,2.132,2.25,2.439,2.177
27-May-20,0.47,0.668,0.863,0.966,1.044,1.069,1.172,1.211,1.438,1.438,-0.342,-0.321,-0.262,-0.194,-0.122,-0.044,0.043,0.12,0.194,0.259,0.851,1.027,1.308,1.592,1.814,2.01,2.17,2.28,2.471,2.209
28-May-20,0.246,0.465,0.634,0.733,0.842,0.903,1.039,1.063,1.314,1.28,-0.344,-0.328,-0.268,-0.202,-0.126,-0.035,0.049,0.125,0.198,0.26,0.74,0.931,1.199,1.488,1.726,1.929,2.081,2.19,2.389,2.122
29-May-20,0.297,0.455,0.644,0.773,0.876,0.899,1.029,1.044,1.29,1.263,-0.357,-0.34,-0.287,-0.221,-0.144,-0.057,0.026,0.101,0.183,0.253,0.673,0.854,1.089,1.361,1.59,1.784,1.948,2.072,2.256,2.005
01-Jun-20,0.347,0.507,0.705,0.84,0.933,0.974,1.093,1.096,1.337,1.315,-0.345,-0.319,-0.254,-0.171,-0.086,0.005,0.094,0.175,0.247,0.312,N/A,N/A,N/A,N/A,N/A,N/A,N/A,N/A,N/A,N/A
02-Jun-20,0.359,0.521,0.721,0.85,0.963,0.999,1.129,1.118,1.349,1.331,-0.349,-0.322,-0.259,-0.178,-0.097,-0.004,0.082,0.162,0.238,0.302,0.621,0.807,1.056,1.333,1.583,1.787,1.955,2.076,2.265,1.994
03-Jun-20,0.365,0.543,0.778,0.934,1.031,1.085,1.195,1.209,1.384,1.448,-0.331,-0.291,-0.217,-0.126,-0.038,0.05,0.143,0.229,0.299,0.355,0.641,0.81,1.053,1.326,1.587,1.787,1.965,2.078,2.268,1.998
04-Jun-20,0.38,0.562,0.808,0.989,1.09,1.128,1.224,1.24,1.413,1.481,-0.338,-0.297,-0.218,-0.123,-0.023,0.081,0.176,0.263,0.345,0.411,0.622,0.782,1.024,1.294,1.583,1.789,1.962,2.074,2.264,1.989
05-Jun-20,0.44,0.665,0.916,1.136,1.262,1.342,1.436,1.442,1.614,1.681,-0.332,-0.283,-0.193,-0.083,0.025,0.13,0.231,0.324,0.413,0.47,0.703,0.861,1.119,1.416,1.71,1.934,2.112,2.22,2.433,2.118
08-Jun-20,0.44,0.667,0.932,1.152,1.275,1.345,1.429,1.471,1.59,1.673,-0.349,-0.307,-0.229,-0.129,-0.026,0.078,0.177,0.271,0.361,0.423,0.754,0.911,1.182,1.488,1.783,2.018,2.194,2.313,2.524,2.191
09-Jun-20,0.4,0.616,0.876,1.05,1.17,1.256,1.321,1.356,1.492,1.59,-0.334,-0.291,-0.213,-0.117,-0.016,0.088,0.189,0.284,0.372,0.435,0.691,0.865,1.134,1.44,1.736,1.97,2.147,2.264,2.475,2.142
10-Jun-20,0.387,0.58,0.849,1.072,1.177,1.251,1.309,1.362,1.47,1.579,-0.332,-0.292,-0.22,-0.13,-0.032,0.067,0.165,0.258,0.345,0.409,0.696,0.857,1.12,1.422,1.728,1.958,2.146,2.253,2.466,2.135
11-Jun-20,N/A,N/A,N/A,N/A,N/A,N/A,N/A,N/A,N/A,N/A,-0.361,-0.34,-0.288,-0.216,-0.124,-0.025,0.066,0.15,0.233,0.303,0.643,0.795,1.042,1.331,1.636,1.857,2.034,2.145,2.346,2.041
